transaction_id,transaction_amount,transaction_hour,merchant_category,customer_age,account_tenure_days,avg_monthly_spending,estimated_card_limit,distance_from_home_km,is_foreign_transaction,num_transactions_last_24h,time_since_last_transaction_min,is_fraud
100387,15500.0,21,레스토랑,22.0,626,555000.0,1700000.0,30.5,0,2,20.7,0
100995,720700.0,6,전자기기,48.0,1459,487200.0,1614000.0,8.0,0,2,139.7,1
100152,24800.0,9,주유소,34.0,1614,333100.0,1085000.0,9.2,0,1,23.8,0
100652,45200.0,9,주유소,55.0,1881,150000.0,403000.0,1.2,0,1,273.6,0
100595,377900.0,1,여행/항공,36.0,853,100400.0,313000.0,55.8,0,6,302.1,1
100989,463300.0,8,여행/항공,32.0,2163,1154400.0,3194000.0,3.7,0,3,121.6,1
101095,3700.0,18,편의점,37.0,2847,,1108000.0,2.7,0,2,43.0,0
101140,129700.0,5,전자기기,49.0,1675,388800.0,1250000.0,1.9,0,1,64.0,0
100206,169100.0,17,온라인쇼핑,33.0,1995,130300.0,343000.0,11.8,0,5,35.3,0
100082,30500.0,2,주유소,43.0,2939,69100.0,300000.0,9.8,0,3,172.5,0
100275,415400.0,15,전자기기,42.0,1033,366700.0,999000.0,6.3,0,2,82.6,1
100791,8700.0,9,전자기기,24.0,670,202000.0,687000.0,9.5,0,2,148.1,0
100526,50800.0,21,생활용품,36.0,3933,239700.0,639000.0,1.2,0,1,47.3,0
100121,40700.0,2,생활용품,43.0,1485,285600.0,745000.0,10.1,1,2,160.3,0
100521,162100.0,0,전자기기,39.0,3055,450900.0,1242000.0,36.2,1,4,715.9,0
101017,72000.0,6,레스토랑,40.0,1274,384900.0,1053000.0,8.2,0,2,60.1,0
100947,21100.0,14,온라인쇼핑,73.0,3759,227300.0,693000.0,23.6,0,2,77.1,0
100921,8100.0,17,레스토랑,67.0,770,187500.0,503000.0,9.0,0,3,67.5,0
100480,9700.0,3,편의점,25.0,520,301000.0,884000.0,24.7,0,0,287.8,0
101125,35600.0,11,레스토랑,66.0,723,135000.0,344000.0,7.3,0,3,52.2,0
100976,22200.0,19,편의점,31.0,1031,73300.0,300000.0,7.4,0,3,239.8,0
100673,20100.0,4,편의점,54.0,1216,174500.0,412000.0,26.4,0,3,673.5,0
100202,29900.0,15,레스토랑,69.0,1578,820700.0,2612000.0,4.4,0,4,25.8,0
101005,79100.0,9,주유소,26.0,2823,329900.0,1006000.0,41.4,0,7,99.8,0
100798,77400.0,22,생활용품,44.0,3668,203400.0,562000.0,27.2,0,1,62.6,0
100402,55000.0,1,편의점,62.0,3415,131900.0,451000.0,19.0,0,2,82.4,0
100946,549200.0,17,전자기기,25.0,3115,124600.0,321000.0,15.9,0,3,63.4,1
100485,24000.0,17,생활용품,44.0,1668,482200.0,1325000.0,12.5,0,2,47.1,0
100535,70200.0,12,온라인쇼핑,51.0,1443,160100.0,413000.0,8.5,1,2,310.4,0
100203,140700.0,17,전자기기,46.0,1990,57200.0,300000.0,6.9,1,0,62.7,0
100155,230200.0,20,레스토랑,43.0,2448,195300.0,503000.0,1.7,0,3,58.4,0
100321,49600.0,19,생활용품,36.0,3592,271100.0,757000.0,16.9,1,2,89.2,0
100661,651200.0,7,전자기기,28.0,990,375000.0,1023000.0,9.8,0,2,75.6,1
100746,,17,온라인쇼핑,39.0,3407,186900.0,542000.0,4.5,0,2,50.2,0
100907,,11,생활용품,42.0,2942,288100.0,871000.0,2.8,0,3,577.3,0
100127,121100.0,7,온라인쇼핑,23.0,2633,343100.0,866000.0,18.7,0,2,19.2,0
100429,71100.0,6,생활용품,20.0,465,,744000.0,2.2,1,0,3.0,0
100134,40300.0,23,주유소,50.0,3206,268200.0,882000.0,16.8,0,1,91.8,0
100925,50900.0,18,편의점,32.0,2790,342500.0,1017000.0,13.8,0,2,52.3,0
100425,58300.0,14,온라인쇼핑,42.0,606,161600.0,438000.0,3534.8,1,0,1049.2,0
100268,64300.0,16,주유소,38.0,1761,161100.0,542000.0,31.2,0,1,60.0,0
100431,32600.0,18,레스토랑,23.0,1196,144400.0,377000.0,17.4,0,0,38.5,0
100050,315900.0,0,여행/항공,62.0,2487,555200.0,1682000.0,10.1,0,2,413.4,0
101030,30400.0,15,생활용품,37.0,1833,154200.0,465000.0,9.8,0,3,337.0,0
100832,8700.0,18,편의점,32.0,2496,830800.0,2791000.0,19.1,0,1,148.8,0
100956,606600.0,13,여행/항공,53.0,1111,513600.0,1712000.0,1.8,0,5,141.8,1
100326,17700.0,8,편의점,31.0,1218,261100.0,856000.0,37.8,0,0,20.9,0
100081,179400.0,14,온라인쇼핑,71.0,3288,135300.0,451000.0,12.1,0,3,103.7,0
100536,421900.0,12,전자기기,27.0,2088,386500.0,1239000.0,28.6,0,2,79.0,1
100160,72600.0,1,생활용품,62.0,3413,,392000.0,29.5,0,2,332.0,0
100554,62200.0,21,주유소,36.0,810,50000.0,300000.0,6.6,1,2,289.6,0
100149,46400.0,22,여행/항공,65.0,2129,389200.0,1040000.0,12.9,0,2,3.9,0
100336,40200.0,17,온라인쇼핑,64.0,3453,645200.0,1767000.0,,0,2,538.9,0
100473,36400.0,6,레스토랑,43.0,3697,108800.0,300000.0,37.4,0,1,108.3,0
100985,46200.0,0,편의점,51.0,1769,256700.0,754000.0,2.3,1,1,30.0,0
100522,30700.0,11,주유소,27.0,2274,122700.0,300000.0,6.0,0,2,142.3,0
100066,22500.0,9,편의점,37.0,469,209500.0,644000.0,67.1,0,3,32.1,0
100028,75700.0,9,전자기기,65.0,778,,858000.0,25.0,0,3,402.9,0
100686,168900.0,23,온라인쇼핑,63.0,564,404700.0,1115000.0,1.9,1,8,9.9,1
100517,2700.0,11,레스토랑,68.0,3010,192800.0,602000.0,10.3,0,5,277.8,0
100731,22500.0,7,편의점,59.0,1548,215200.0,555000.0,14.2,0,2,101.8,0
100555,82100.0,11,편의점,74.0,3680,494500.0,1344000.0,7.9,0,4,248.6,0
100307,102100.0,11,전자기기,35.0,3938,136400.0,377000.0,21.5,0,2,120.4,0
100460,46200.0,14,편의점,24.0,517,165900.0,530000.0,10.0,0,3,150.3,0
100695,284800.0,1,온라인쇼핑,150.0,2975,230000.0,752000.0,18.9,0,7,241.1,1
100680,23400.0,22,편의점,71.0,3929,393100.0,1304000.0,4.3,0,1,14.0,0
100337,67900.0,0,생활용품,72.0,662,415400.0,1231000.0,5.0,0,1,138.7,0
100456,347500.0,18,전자기기,50.0,3561,156900.0,446000.0,12.7,0,2,163.4,0
100919,212600.0,17,전자기기,33.0,1331,440300.0,1393000.0,16.8,0,3,23.4,1
101148,75100.0,7,온라인쇼핑,62.0,1972,309000.0,981000.0,15.0,0,3,450.9,0
101130,106000.0,2,주유소,55.0,2693,453700.0,1401000.0,11.8,0,2,271.2,0
100535,70200.0,12,온라인쇼핑,51.0,1443,160100.0,413000.0,8.5,1,2,310.4,0
100542,149100.0,12,생활용품,22.0,3560,243600.0,749000.0,7.4,0,2,46.5,0
100010,44000.0,0,레스토랑,24.0,1372,60200.0,300000.0,8.8,0,3,131.0,0
100600,17900.0,3,편의점,54.0,2881,458400.0,1249000.0,4.3,0,4,18.8,0
100892,37700.0,22,레스토랑,58.0,3571,105000.0,300000.0,2.7,1,3,224.2,0
101039,128500.0,8,전자기기,43.0,1855,154900.0,440000.0,5.3,0,4,308.5,0
101094,154700.0,2,전자기기,40.0,460,240900.0,748000.0,7.7,1,1,210.4,0
100800,40600.0,1,생활용품,43.0,1296,296800.0,894000.0,17.2,0,1,22.5,0
100984,217100.0,12,생활용품,55.0,1607,229200.0,611000.0,50.5,0,0,77.2,0
100597,163700.0,17,여행/항공,51.0,3952,208100.0,618000.0,7.2,1,2,170.0,0
100589,155300.0,12,주유소,65.0,27,250100.0,694000.0,13.3,0,3,499.5,0
100109,,6,편의점,45.0,2168,187600.0,555000.0,34.9,0,7,50.6,0
100496,15000.0,5,편의점,42.0,1189,379800.0,1220000.0,44.8,1,3,436.9,0
100249,81400.0,3,주유소,63.0,114,64500.0,300000.0,3.2,0,2,47.3,0
100568,50000.0,15,주유소,32.0,1525,659000.0,1930000.0,21.9,0,3,99.5,0
100221,224300.0,21,온라인쇼핑,26.0,3524,214100.0,622000.0,15.3,0,2,71.7,0
100349,205700.0,10,전자기기,29.0,1876,285100.0,792000.0,19.1,0,0,235.0,0
100007,65600.0,19,온라인쇼핑,23.0,493,270600.0,788000.0,2.9,0,3,454.4,0
100818,56500.0,5,레스토랑,24.0,1883,296800.0,948000.0,8.8,0,0,65.3,0
100256,317400.0,14,전자기기,27.0,634,302900.0,1002000.0,13.8,0,5,3.4,1
100968,46000.0,4,온라인쇼핑,36.0,2175,261200.0,710000.0,,0,3,278.7,0
100048,46000.0,1,주유소,69.0,3927,394200.0,1241000.0,12.5,0,1,160.4,0
101033,11100.0,1,레스토랑,59.0,2430,,1019000.0,3.5,0,3,276.1,0
100368,20300.0,4,생활용품,36.0,208,220200.0,649000.0,37.9,0,3,83.5,0
100240,119100.0,1,온라인쇼핑,54.0,3637,196600.0,622000.0,20.2,0,6,89.2,0
101145,351300.0,0,전자기기,37.0,2862,537000.0,1440000.0,3.0,0,2,310.5,1
100420,37000.0,11,편의점,47.0,3938,134800.0,365000.0,4.7,0,5,118.3,0
100642,304100.0,12,전자기기,70.0,3525,80200.0,300000.0,21.7,0,4,174.8,1
100091,80400.0,23,레스토랑,43.0,2040,81500.0,300000.0,30.6,0,2,40.9,0
100095,419800.0,14,전자기기,69.0,3501,433500.0,1404000.0,14.0,0,2,8.0,1
100495,98100.0,2,온라인쇼핑,35.0,541,341700.0,1038000.0,7.2,0,2,6.7,0
100371,175700.0,11,전자기기,37.0,3457,577300.0,1827000.0,2.5,0,1,41.6,0
100472,52600.0,4,편의점,64.0,30,143500.0,458000.0,11.2,0,2,54.6,0
100483,38400.0,16,주유소,33.0,378,123100.0,348000.0,21.9,0,0,7.0,0
100835,30000.0,8,주유소,66.0,2554,162200.0,408000.0,52.2,0,2,69.5,0
100196,13800.0,20,주유소,,3990,217700.0,664000.0,1.5,0,2,99.2,0
100548,33600.0,21,레스토랑,52.0,610,388100.0,1342000.0,18.5,0,3,219.6,0
100932,93800.0,11,온라인쇼핑,58.0,380,344100.0,1125000.0,12.2,0,1,9.8,0
100792,17000.0,8,편의점,44.0,1023,403100.0,1089000.0,5.2,0,3,27.4,0
100860,10100.0,14,여행/항공,63.0,2534,126000.0,400000.0,2.1,0,1,524.4,0
100710,253900.0,3,전자기기,45.0,2944,300000.0,899000.0,1.6,0,4,57.1,0
100346,132000.0,20,주유소,33.0,1733,151100.0,406000.0,12.4,1,2,385.1,0
100868,24300.0,21,온라인쇼핑,65.0,2908,198300.0,709000.0,20.2,0,0,11.7,0
100742,238100.0,11,여행/항공,61.0,992,358200.0,1199000.0,0.5,0,2,161.9,0
100136,16900.0,5,생활용품,36.0,210,343500.0,1122000.0,6.6,0,2,221.2,0
100733,14300.0,1,편의점,70.0,723,208800.0,579000.0,28.4,1,3,392.5,0
100828,32900.0,7,생활용품,69.0,1379,215300.0,559000.0,18.7,1,3,77.0,0
100201,44800.0,22,레스토랑,39.0,255,,520000.0,24.5,0,3,105.6,0
100849,39400.0,21,레스토랑,64.0,1133,489000.0,1661000.0,3.7,0,0,12.8,0
100330,42700.0,17,편의점,50.0,1675,255200.0,642000.0,,0,1,255.5,0
100971,118500.0,6,전자기기,35.0,3079,197000.0,597000.0,1.7,0,4,52.4,0
100120,10200.0,5,편의점,25.0,209,523500.0,1591000.0,37.8,0,3,91.9,0
100020,286200.0,12,온라인쇼핑,44.0,3670,428200.0,1214000.0,22.4,0,4,14.4,1
100957,94100.0,17,여행/항공,41.0,3067,325100.0,987000.0,26.2,0,2,166.4,0
101135,85400.0,13,온라인쇼핑,53.0,2729,224000.0,723000.0,27.3,0,1,451.0,0
100768,124300.0,18,여행/항공,45.0,1970,238200.0,746000.0,21.1,0,1,470.2,0
100217,85100.0,12,온라인쇼핑,23.0,1217,324700.0,997000.0,40.7,0,3,425.6,0
100803,317000.0,5,여행/항공,47.0,300,405700.0,1079000.0,11.7,0,2,41.0,0
100482,103100.0,15,레스토랑,65.0,3590,239600.0,869000.0,11.7,0,1,447.5,0
100143,65100.0,1,주유소,34.0,1783,288100.0,896000.0,12.0,0,1,54.3,0
100743,72000.0,21,주유소,54.0,3517,288500.0,838000.0,4.1,0,3,149.0,1
100260,590500.0,12,여행/항공,51.0,1143,157400.0,417000.0,22.2,1,1,162.4,1
100190,16400.0,2,편의점,35.0,1640,226000.0,620000.0,4.0,0,2,196.0,0
100102,90800.0,3,온라인쇼핑,30.0,1655,340800.0,898000.0,17.8,0,3,57.5,0
100311,28000.0,19,레스토랑,56.0,3163,562300.0,1630000.0,14.9,0,1,107.2,0
100871,33300.0,5,주유소,44.0,1222,479400.0,1293000.0,30.5,0,3,12.4,0
101061,72300.0,11,생활용품,62.0,2804,50000.0,300000.0,,0,2,172.8,0
101036,119600.0,17,온라인쇼핑,60.0,1167,244500.0,741000.0,56.5,0,1,65.5,0
100939,131700.0,2,여행/항공,44.0,1230,381000.0,1202000.0,45.3,0,5,305.8,1
100624,42000.0,23,레스토랑,42.0,1585,208300.0,696000.0,9.6,0,2,354.7,0
100191,81500.0,6,온라인쇼핑,57.0,2143,545900.0,1505000.0,3.0,0,3,46.7,0
100569,6800.0,8,주유소,54.0,1660,237900.0,686000.0,,0,0,246.6,0
100660,259100.0,14,온라인쇼핑,35.0,3837,524300.0,1446000.0,12.0,0,3,203.7,0
100547,159700.0,9,온라인쇼핑,,1883,384500.0,1247000.0,44.7,0,2,292.7,0
100042,42400.0,21,편의점,61.0,1122,290800.0,944000.0,3.6,1,6,116.4,0
100749,253500.0,0,온라인쇼핑,36.0,2992,150400.0,409000.0,3.2,0,1,153.9,0
100954,58800.0,11,생활용품,42.0,530,141700.0,427000.0,4.6,0,2,115.3,0
100577,79200.0,8,전자기기,70.0,3799,314800.0,900000.0,36.0,0,3,275.9,0
101012,338100.0,0,전자기기,63.0,988,145900.0,431000.0,8.6,0,1,113.6,0
100229,,1,주유소,49.0,2019,477000.0,1318000.0,54.1,0,4,608.4,0
100112,12800.0,22,편의점,62.0,3699,302300.0,1010000.0,15.2,1,1,0.1,0
101001,26900.0,9,주유소,64.0,1322,284300.0,911000.0,9.2,0,1,368.0,0
100585,28400.0,1,레스토랑,41.0,3446,269100.0,825000.0,6.4,0,2,107.7,0
100187,5600.0,10,온라인쇼핑,28.0,2558,,1753000.0,45.7,0,2,58.8,0
100528,2600.0,4,편의점,27.0,1685,429200.0,1184000.0,14.1,1,1,21.4,0
100726,39800.0,8,레스토랑,25.0,495,,497000.0,16.9,0,3,641.9,0
100332,140400.0,14,온라인쇼핑,39.0,21,341300.0,1144000.0,13.6,0,1,159.0,0
100645,19600.0,0,생활용품,62.0,1920,327800.0,1141000.0,16.1,0,0,25.9,0
100909,201700.0,2,온라인쇼핑,39.0,1585,277600.0,752000.0,17.4,0,1,199.3,0
100896,158100.0,15,온라인쇼핑,53.0,3967,157500.0,504000.0,4387.6,0,2,22.0,0
100205,71400.0,4,레스토랑,44.0,889,169800.0,501000.0,9.8,0,2,605.6,0
100813,28900.0,21,주유소,57.0,583,251600.0,762000.0,27.5,0,2,193.5,0
100079,9900.0,22,생활용품,50.0,628,295900.0,994000.0,7.6,1,2,90.5,0
100212,17100.0,7,편의점,59.0,282,161700.0,462000.0,,0,0,26.9,0
100284,7600.0,23,온라인쇼핑,46.0,2255,176100.0,583000.0,6.8,0,0,53.0,0
100938,79800.0,10,전자기기,27.0,2656,125500.0,391000.0,5434.7,0,1,133.4,0
100061,107300.0,17,여행/항공,70.0,2499,116000.0,341000.0,30.3,0,3,61.1,0
100302,22300.0,7,주유소,65.0,178,429200.0,1401000.0,27.2,0,2,5.8,0
100674,22900.0,1,주유소,24.0,3508,515900.0,1554000.0,17.4,0,4,346.5,0
100436,84300.0,8,생활용품,25.0,1280,103000.0,302000.0,7.7,0,3,213.6,1
100464,20400.0,1,편의점,42.0,2776,65400.0,300000.0,21.7,1,3,135.5,0
100843,403300.0,19,전자기기,69.0,1159,456800.0,1325000.0,3.4,0,2,101.5,1
100776,,20,온라인쇼핑,72.0,540,355900.0,954000.0,26.2,0,4,151.2,0
100396,33500.0,10,편의점,67.0,2366,238100.0,679000.0,4.4,0,2,333.1,0
100955,21000.0,4,주유소,62.0,3486,173000.0,591000.0,24.7,1,3,179.6,0
100484,378100.0,2,여행/항공,63.0,3523,326900.0,924000.0,11.2,0,3,54.9,1
100263,19700.0,14,레스토랑,35.0,1013,347500.0,901000.0,17.7,0,3,91.2,0
100063,41200.0,19,주유소,39.0,1851,198600.0,738000.0,2.4,0,2,442.3,0
100305,159100.0,13,전자기기,49.0,2294,574500.0,1640000.0,19.4,0,1,118.4,0
100693,152800.0,14,온라인쇼핑,71.0,3268,357900.0,1010000.0,,0,7,81.6,0
100497,147100.0,18,전자기기,25.0,1383,111400.0,309000.0,9.8,0,2,98.7,0
100100,9800.0,2,생활용품,26.0,3911,385400.0,1265000.0,7.7,0,0,475.2,0
100820,52100.0,17,편의점,74.0,624,488700.0,1319000.0,18.5,0,2,366.3,0
100077,10000.0,19,편의점,37.0,442,294200.0,801000.0,,0,4,452.7,0
101067,340300.0,11,온라인쇼핑,70.0,1810,82100.0,300000.0,2.5,0,2,43.7,0
100488,170000.0,7,생활용품,48.0,2492,60300.0,300000.0,75.3,0,1,277.9,0
100694,78300.0,5,생활용품,71.0,3385,,1306000.0,51.8,0,1,139.6,0
101061,72300.0,11,생활용품,62.0,2804,50000.0,300000.0,,0,2,172.8,0
101109,13300.0,2,온라인쇼핑,71.0,19,282600.0,725000.0,,0,1,78.7,0
100579,55000.0,21,온라인쇼핑,69.0,1785,82000.0,300000.0,34.3,0,3,125.7,0
100383,34400.0,3,주유소,72.0,3732,198800.0,478000.0,26.4,0,2,3.2,0
100630,4500.0,21,편의점,39.0,2742,274300.0,855000.0,12.1,0,3,112.9,0
100481,5400.0,12,편의점,35.0,2297,174300.0,592000.0,2.8,0,6,57.7,0
100035,121600.0,2,온라인쇼핑,68.0,1689,768400.0,2531000.0,28.4,0,6,436.8,0
100086,74900.0,14,온라인쇼핑,58.0,1395,59300.0,300000.0,1.3,0,3,218.9,0
100157,37400.0,1,주유소,26.0,1029,552100.0,1787000.0,19.2,0,0,83.0,0
100076,63000.0,23,레스토랑,45.0,3879,186900.0,591000.0,16.7,0,2,88.3,0
100036,29600.0,21,레스토랑,22.0,1240,318500.0,1023000.0,98.0,0,1,188.2,0
100987,327800.0,10,전자기기,53.0,2184,613600.0,1654000.0,16.1,0,1,71.2,1
100323,164400.0,13,온라인쇼핑,53.0,1805,318800.0,1010000.0,8360.1,0,5,269.8,0
100245,50100.0,22,레스토랑,54.0,874,192400.0,561000.0,54.7,0,3,263.3,0
100825,32200.0,10,온라인쇼핑,53.0,2243,120100.0,386000.0,,0,1,12.0,0
100834,146000.0,12,전자기기,27.0,3007,213500.0,559000.0,21.5,0,3,223.0,0
100281,89300.0,5,생활용품,34.0,1889,56200.0,300000.0,0.5,0,5,86.5,0
100195,69300.0,6,생활용품,72.0,758,482000.0,1351000.0,28.2,0,4,142.0,0
100322,35900.0,20,온라인쇼핑,25.0,2797,201600.0,618000.0,19.1,0,3,319.2,0
100237,114100.0,19,여행/항공,56.0,2248,117300.0,436000.0,2.9,0,0,369.6,0
100819,17500.0,5,편의점,56.0,3359,530700.0,1710000.0,2.3,0,2,404.5,0
101083,196600.0,2,온라인쇼핑,72.0,3754,240500.0,723000.0,25.5,1,1,34.5,0
100613,36200.0,4,온라인쇼핑,62.0,55,79800.0,342000.0,,0,2,25.8,0
100458,201500.0,15,전자기기,54.0,2381,366900.0,1072000.0,29.8,0,4,173.6,0
100341,118100.0,21,온라인쇼핑,54.0,1110,293500.0,977000.0,13.2,0,2,2.9,0
100493,27600.0,23,편의점,61.0,1797,557200.0,1720000.0,22.2,0,1,258.3,0
100922,7600.0,1,편의점,51.0,2593,782100.0,2588000.0,22.5,0,1,12.7,0
100221,224300.0,21,온라인쇼핑,26.0,3524,214100.0,622000.0,15.3,0,2,71.7,0
100182,53700.0,19,편의점,200.0,2874,96200.0,320000.0,36.9,0,0,71.0,0
100009,47900.0,1,편의점,30.0,1546,353600.0,1185000.0,34.7,0,2,77.9,0
100299,44300.0,23,주유소,34.0,2960,377900.0,1200000.0,10.6,0,1,73.3,0
100324,14400.0,17,편의점,70.0,839,160900.0,353000.0,10.4,0,3,122.4,0
100809,19200.0,11,레스토랑,40.0,2646,105900.0,334000.0,18.8,0,2,100.4,0
100373,48900.0,4,레스토랑,41.0,777,588400.0,1974000.0,4.4,0,1,245.3,0
100805,5300.0,10,생활용품,60.0,3884,94300.0,300000.0,7.9,0,6,37.4,0
100259,4800.0,1,레스토랑,28.0,21,410500.0,1347000.0,36.1,0,3,388.3,0
100315,,8,주유소,32.0,3410,50000.0,300000.0,6.7,0,1,138.2,0
100574,99400.0,20,주유소,21.0,2928,,1059000.0,12.1,0,5,210.7,0
100539,45300.0,8,주유소,49.0,3758,294700.0,776000.0,6.8,0,1,35.6,0
101018,43200.0,18,편의점,46.0,3375,195600.0,634000.0,4.9,0,1,126.1,0
100510,367700.0,11,온라인쇼핑,32.0,1025,314100.0,1005000.0,19.7,0,4,34.5,1
100444,7700.0,9,편의점,46.0,90,113800.0,374000.0,8.4,0,1,83.4,0
100764,41600.0,2,주유소,71.0,3112,187700.0,603000.0,6.4,0,2,171.2,0
100839,106000.0,17,생활용품,19.0,854,410300.0,1423000.0,5.4,0,2,124.2,0
101086,34600.0,18,레스토랑,65.0,3166,224600.0,736000.0,4.5,0,3,119.4,0
100684,99500.0,8,온라인쇼핑,72.0,301,184700.0,560000.0,31.0,1,0,23.3,0
100135,76000.0,7,생활용품,63.0,1536,250600.0,847000.0,12.3,0,3,84.1,0
101078,58400.0,11,온라인쇼핑,28.0,3732,124100.0,392000.0,6.3,0,1,35.1,0
100905,77400.0,23,전자기기,44.0,2862,405500.0,1186000.0,10.8,0,1,611.6,0
100556,,19,생활용품,47.0,3438,123600.0,367000.0,2.5,0,3,40.7,0
100434,97900.0,8,전자기기,26.0,1664,381400.0,1183000.0,8.3,0,3,114.9,0
100011,122900.0,13,온라인쇼핑,48.0,2337,317900.0,984000.0,36.5,1,2,110.0,0
100681,12100.0,19,편의점,59.0,1429,546400.0,1587000.0,11.6,0,0,94.8,0
100958,39600.0,0,생활용품,54.0,567,96400.0,327000.0,27.8,0,1,158.6,0
100672,27600.0,7,편의점,53.0,3062,281200.0,797000.0,8725.7,0,0,139.5,0
100738,156800.0,22,온라인쇼핑,37.0,1663,294200.0,917000.0,19.5,0,3,191.7,0
100059,148300.0,9,전자기기,60.0,1149,461500.0,1246000.0,36.0,0,1,5.9,0
101103,6300.0,17,편의점,70.0,985,251800.0,704000.0,3.4,0,5,38.7,0
100603,4600.0,4,레스토랑,60.0,2520,77300.0,300000.0,25.0,0,4,213.9,0
100983,74700.0,10,생활용품,49.0,2085,297600.0,843000.0,5.5,0,2,526.9,0
100289,151400.0,20,생활용품,49.0,1286,122500.0,450000.0,3.8,0,3,760.0,0
100769,20500.0,10,주유소,26.0,1814,310500.0,807000.0,13.3,0,0,7.3,0
100089,409200.0,15,온라인쇼핑,61.0,1201,727900.0,2286000.0,7.1,0,1,15.1,1
100105,70200.0,4,온라인쇼핑,63.0,2604,60500.0,300000.0,14.3,1,2,278.1,0
100858,51200.0,2,온라인쇼핑,22.0,622,336300.0,984000.0,9.9,1,3,289.3,0
100941,133700.0,17,전자기기,57.0,3551,217700.0,642000.0,4.0,0,1,54.7,0
101019,351500.0,2,전자기기,21.0,3745,531200.0,1544000.0,11.8,0,2,101.8,1
100479,35400.0,19,온라인쇼핑,56.0,1561,200200.0,634000.0,6.7,0,4,262.6,0
100895,79200.0,13,생활용품,60.0,1121,756900.0,2332000.0,16.7,1,1,87.2,0
101055,343000.0,16,전자기기,23.0,1826,262700.0,662000.0,15.5,0,4,222.0,0
100639,113000.0,22,레스토랑,63.0,1899,204300.0,643000.0,25.4,0,3,56.4,0
100865,20600.0,10,편의점,66.0,2595,299700.0,924000.0,12.6,1,3,3.6,0
101133,30300.0,7,전자기기,63.0,1305,124700.0,402000.0,18.9,0,1,29.0,0
100391,57800.0,14,레스토랑,60.0,1909,292900.0,957000.0,12.9,0,3,28.8,0
100676,155600.0,0,온라인쇼핑,59.0,3608,854900.0,2262000.0,10.7,0,5,176.4,0
100140,71000.0,10,주유소,43.0,2493,238400.0,749000.0,3.2,0,1,25.8,0
100747,80000.0,6,주유소,48.0,2303,566300.0,1661000.0,7.3,0,5,8.0,0
100166,,17,여행/항공,64.0,1206,,461000.0,18.3,0,0,120.2,0
100227,65900.0,6,주유소,64.0,3849,139300.0,479000.0,13.3,1,2,1181.8,0
100856,21500.0,17,레스토랑,66.0,529,164800.0,477000.0,1.7,0,0,311.9,0
100181,39200.0,5,레스토랑,71.0,1807,,702000.0,9.4,0,1,22.9,0
100192,70400.0,22,레스토랑,54.0,560,242500.0,680000.0,8.8,0,0,159.8,0
100648,240000.0,18,전자기기,48.0,755,276900.0,887000.0,67.1,0,1,83.4,1
100998,37500.0,13,생활용품,39.0,3744,253700.0,738000.0,14.5,0,2,289.8,0
101021,16800.0,0,편의점,22.0,98,191400.0,553000.0,13.9,0,2,112.5,0
100996,39500.0,21,생활용품,54.0,1784,281400.0,804000.0,17.1,0,1,10.7,0
100675,241500.0,17,여행/항공,53.0,3094,323600.0,1010000.0,18.8,0,3,417.4,0
100875,7500.0,12,편의점,58.0,305,437100.0,1329000.0,21.1,0,0,233.9,0
101025,243400.0,22,전자기기,65.0,944,138900.0,350000.0,6.6,0,1,345.0,0
100243,65200.0,8,온라인쇼핑,24.0,3936,98500.0,300000.0,37.6,0,1,289.6,0
100018,20700.0,21,주유소,26.0,1603,325500.0,960000.0,16.2,0,1,10.5,0
101126,309700.0,12,온라인쇼핑,66.0,1707,128400.0,335000.0,14.1,0,1,67.9,0
100415,132600.0,11,레스토랑,20.0,2234,67700.0,300000.0,19.0,0,2,180.9,0
100993,331800.0,12,여행/항공,30.0,3850,471400.0,1340000.0,22.6,0,0,165.3,0
100904,59300.0,10,레스토랑,0.0,3790,346700.0,957000.0,34.9,0,4,275.2,0
100208,1800.0,6,편의점,73.0,550,156700.0,540000.0,40.6,0,2,25.3,0
100914,60700.0,21,온라인쇼핑,73.0,2883,105800.0,300000.0,29.3,0,0,34.0,0
100312,57300.0,3,주유소,56.0,1260,346700.0,1094000.0,27.5,0,6,1293.7,0
100620,42900.0,3,레스토랑,26.0,799,407300.0,1359000.0,74.4,0,1,161.7,0
100529,29500.0,20,레스토랑,70.0,3698,336100.0,919000.0,3.3,0,2,76.8,0
100788,78200.0,22,주유소,57.0,2224,570500.0,1512000.0,12.2,0,1,134.9,0
101046,23100.0,23,레스토랑,27.0,3266,347700.0,1127000.0,12.3,0,3,1307.1,0
101006,36200.0,6,레스토랑,70.0,1966,146800.0,411000.0,3.6,0,2,102.6,0
100650,52200.0,3,주유소,,2095,210500.0,605000.0,10.4,0,2,85.7,0
100176,127000.0,5,레스토랑,44.0,762,295200.0,962000.0,7.7,0,1,409.8,0
100928,69100.0,8,온라인쇼핑,35.0,1768,148100.0,381000.0,18.8,1,2,259.5,0
100590,30800.0,14,레스토랑,66.0,829,448900.0,1198000.0,15.4,0,4,175.4,0
101026,40600.0,7,주유소,22.0,3053,260500.0,816000.0,15.8,0,1,15.7,0
100394,73900.0,6,온라인쇼핑,52.0,2283,330700.0,897000.0,16.5,0,5,9.7,0
100310,24000.0,17,편의점,25.0,2071,102200.0,300000.0,12.6,0,2,31.6,0
101132,175300.0,0,온라인쇼핑,56.0,1423,581500.0,1563000.0,1.0,0,3,176.9,0
101014,17400.0,22,편의점,36.0,3651,101100.0,324000.0,1.4,0,2,16.4,0
100487,30200.0,5,편의점,37.0,674,262100.0,845000.0,40.9,0,2,10.0,0
100936,183400.0,7,전자기기,71.0,2627,156000.0,488000.0,20.1,0,2,187.3,0
100350,7200.0,4,주유소,28.0,3367,319000.0,900000.0,26.6,0,5,38.3,0
100732,16400.0,3,주유소,42.0,1069,351400.0,1158000.0,22.6,0,4,89.1,0
100060,1900.0,17,편의점,57.0,3853,137100.0,408000.0,6.0,0,1,389.6,0
100014,173800.0,3,온라인쇼핑,61.0,2132,100500.0,325000.0,4.3,0,4,319.7,0
100864,24100.0,20,편의점,62.0,3688,160300.0,492000.0,,0,3,148.9,0
100748,91100.0,3,전자기기,36.0,3500,183400.0,503000.0,8.3,0,1,83.2,0
100351,215500.0,3,여행/항공,48.0,2125,473000.0,1385000.0,3.9,0,1,49.7,0
100869,38300.0,16,주유소,44.0,2882,145200.0,328000.0,3.4,0,0,950.2,0
100730,4700.0,6,주유소,55.0,415,147800.0,467000.0,1.4,0,2,33.0,0
100763,23100.0,3,생활용품,72.0,27,418700.0,1184000.0,,0,0,246.7,0
100092,43000.0,21,전자기기,64.0,3112,123700.0,418000.0,12.8,0,0,116.9,0
100562,48700.0,13,편의점,21.0,1887,212000.0,564000.0,3.8,0,3,332.6,0
100474,161800.0,5,온라인쇼핑,45.0,81,447600.0,1296000.0,14.5,0,5,314.4,0
100389,25600.0,23,레스토랑,68.0,2829,250900.0,827000.0,14.0,0,2,31.7,0
100004,283400.0,15,온라인쇼핑,43.0,3639,303000.0,1012000.0,6.0,0,1,152.0,0
101072,8300.0,0,편의점,30.0,628,208200.0,548000.0,4.7,0,2,442.8,0
100594,68200.0,17,생활용품,73.0,107,200500.0,575000.0,6.4,0,0,36.9,0
100966,89700.0,5,생활용품,51.0,822,303800.0,964000.0,14.2,0,4,5.6,0
100972,110400.0,14,온라인쇼핑,42.0,3812,732500.0,1931000.0,,0,3,78.9,0
100549,23800.0,21,생활용품,47.0,1448,215100.0,617000.0,10.3,0,4,36.7,0
100745,133400.0,19,전자기기,63.0,549,196000.0,688000.0,22.4,0,1,48.7,0
100216,6600.0,13,편의점,34.0,85,334700.0,1063000.0,47.4,0,1,141.2,0
100538,46700.0,20,편의점,25.0,1640,387500.0,1254000.0,12.6,0,0,281.1,0
100073,,12,레스토랑,44.0,3846,136700.0,406000.0,36.8,0,1,201.8,0
100409,28800.0,7,주유소,71.0,3980,249500.0,729000.0,25.9,0,1,422.3,0
100494,102000.0,7,온라인쇼핑,52.0,2384,406400.0,1293000.0,10.2,0,1,29.5,0
100003,391900.0,23,온라인쇼핑,55.0,1731,442000.0,1456000.0,23.0,0,0,23.2,1
101081,142600.0,7,전자기기,70.0,2536,236600.0,831000.0,19.0,0,1,84.8,0
101122,26200.0,13,주유소,23.0,1283,163400.0,488000.0,35.8,0,4,167.3,0
100242,14800.0,6,레스토랑,51.0,2125,101600.0,341000.0,8.2,0,2,404.1,0
100621,86200.0,12,주유소,43.0,1362,378100.0,1338000.0,3.2,0,1,381.9,0
100967,397400.0,0,전자기기,52.0,3842,147300.0,449000.0,17.2,0,3,106.1,1
100877,73600.0,3,레스토랑,49.0,2461,289500.0,784000.0,33.8,0,0,29.0,0
100703,6800.0,22,편의점,28.0,1825,256800.0,856000.0,12.4,0,1,166.6,0
100348,75700.0,22,주유소,71.0,3125,206800.0,569000.0,42.5,0,2,123.5,0
100605,41600.0,8,전자기기,65.0,2512,544800.0,1495000.0,50.2,0,5,56.1,0
100074,13597700.0,23,주유소,26.0,2621,187400.0,559000.0,27.1,0,3,169.5,0
100118,20800.0,2,생활용품,26.0,1500,233900.0,698000.0,15.7,0,0,295.9,0
101060,246300.0,16,온라인쇼핑,36.0,566,196700.0,689000.0,25.0,0,2,88.5,0
100840,190000.0,12,온라인쇼핑,69.0,3696,89000.0,300000.0,1.8,1,5,195.5,0
101084,199900.0,5,생활용품,50.0,564,536200.0,1790000.0,21.9,0,0,240.3,0
100006,307500.0,14,온라인쇼핑,67.0,2354,50000.0,300000.0,2.6,0,4,54.0,0
101108,25500.0,19,레스토랑,69.0,2615,210300.0,702000.0,25.9,0,1,44.7,0
100823,519900.0,22,여행/항공,26.0,2732,153800.0,529000.0,34.0,0,2,17.8,1
100889,33400.0,7,주유소,19.0,3952,136700.0,359000.0,3.6,0,0,0.5,0
101056,48100.0,13,주유소,74.0,3193,122900.0,381000.0,15.5,0,3,59.1,0
100331,47000.0,7,편의점,49.0,618,252000.0,847000.0,2.8,0,3,373.9,0
100772,748000.0,22,전자기기,74.0,2153,631000.0,1813000.0,4.2,0,1,155.8,1
100012,12600.0,1,주유소,73.0,2002,358000.0,976000.0,3.8,0,2,146.0,0
100933,247700.0,12,여행/항공,33.0,1309,163200.0,552000.0,24.2,1,1,8.9,0
100924,142500.0,15,레스토랑,27.0,1379,342800.0,892000.0,5.8,0,3,24.7,0
100265,109500.0,14,온라인쇼핑,74.0,2346,905100.0,2605000.0,26.7,0,0,287.7,0
100582,367100.0,17,온라인쇼핑,65.0,3617,331900.0,911000.0,24.9,0,3,147.8,1
100057,11900.0,14,주유소,49.0,2067,199000.0,525000.0,19.6,0,3,448.0,0
100814,155200.0,6,온라인쇼핑,34.0,3275,181400.0,436000.0,1.1,0,3,24.1,0
101137,122100.0,16,레스토랑,59.0,3625,424600.0,1198000.0,20.8,0,3,31.9,0
100055,78200.0,22,온라인쇼핑,46.0,2608,482400.0,1379000.0,23.9,0,0,267.3,0
101013,30700.0,4,편의점,32.0,1620,470400.0,1331000.0,35.8,1,2,143.6,0
100440,47000.0,23,온라인쇼핑,41.0,133,317300.0,921000.0,22.8,0,2,134.7,0
100085,64000.0,6,온라인쇼핑,54.0,2553,355100.0,1047000.0,0.8,0,5,20.9,0
100967,397400.0,0,전자기기,52.0,3842,147300.0,449000.0,17.2,0,3,106.1,1
100841,158100.0,5,온라인쇼핑,35.0,2131,150600.0,485000.0,7.1,0,3,125.3,0
100126,182500.0,9,전자기기,50.0,2857,174400.0,532000.0,5.3,0,4,75.0,0
101004,68000.0,18,레스토랑,68.0,2185,210300.0,600000.0,13.9,0,5,38.3,0
100475,54200.0,10,편의점,54.0,2220,218700.0,644000.0,27.6,0,3,122.9,0
101090,55200.0,9,주유소,26.0,3541,89000.0,300000.0,3.1,0,1,57.1,0
100826,221500.0,9,온라인쇼핑,24.0,214,301100.0,831000.0,17.0,0,1,730.6,0
100152,24800.0,9,주유소,34.0,1614,333100.0,1085000.0,9.2,0,1,23.8,0
100827,11100.0,15,편의점,57.0,3728,364100.0,1145000.0,30.6,0,2,242.8,0
100453,274500.0,13,여행/항공,46.0,3306,229000.0,678000.0,1.2,0,3,289.4,0
100138,682700.0,8,전자기기,20.0,949,217700.0,694000.0,7.7,0,2,212.9,1
100712,44700.0,21,생활용품,48.0,1194,116000.0,364000.0,4.5,0,2,85.2,0
100173,144200.0,2,온라인쇼핑,62.0,2205,744200.0,2336000.0,23.5,0,2,129.4,0
100465,13800.0,21,레스토랑,19.0,255,,843000.0,14.4,0,2,228.4,0
100654,316900.0,9,여행/항공,64.0,1048,442000.0,1419000.0,,0,1,212.8,0
101028,14400.0,12,레스토랑,34.0,1930,602100.0,2046000.0,2.6,0,2,160.9,0
100224,28200.0,6,레스토랑,30.0,1690,197200.0,575000.0,11.8,0,4,346.9,0
100846,724500.0,23,여행/항공,19.0,24,549600.0,1554000.0,4.7,1,6,6.4,1
100178,26400.0,7,주유소,28.0,352,531900.0,1553000.0,14.5,0,1,53.6,0
100784,173200.0,3,레스토랑,25.0,3813,,608000.0,42.8,0,0,17.8,0
100765,329400.0,22,온라인쇼핑,150.0,1323,318600.0,957000.0,30.7,1,3,296.5,0
100963,173200.0,8,온라인쇼핑,66.0,3658,353300.0,944000.0,39.1,0,0,120.4,0
100775,182900.0,1,전자기기,66.0,1455,84800.0,300000.0,13.2,0,1,166.0,0
100786,161600.0,1,온라인쇼핑,51.0,666,189700.0,607000.0,8.2,0,2,107.8,0
100573,174900.0,6,여행/항공,34.0,2616,146200.0,446000.0,19.7,0,5,61.7,0
100708,245600.0,11,전자기기,51.0,2343,249500.0,806000.0,4.7,1,2,49.1,0
100300,152500.0,10,온라인쇼핑,20.0,425,121200.0,379000.0,44.9,0,3,281.4,0
100783,84700.0,15,레스토랑,25.0,3339,315600.0,908000.0,2.9,0,1,142.4,0
100427,95200.0,9,레스토랑,67.0,2199,177500.0,623000.0,1.4,0,0,228.8,0
100051,36500.0,13,주유소,61.0,3517,362000.0,999000.0,15.0,0,1,790.6,0
100935,372100.0,15,여행/항공,43.0,538,463200.0,1309000.0,5.4,0,5,80.1,1
100706,101700.0,15,생활용품,50.0,3409,305800.0,1006000.0,18.7,0,1,149.3,0
100736,91300.0,3,전자기기,56.0,730,139400.0,419000.0,41.0,0,1,267.3,0
100033,393800.0,9,온라인쇼핑,24.0,2767,332400.0,1158000.0,55.3,0,8,102.3,1
100258,117700.0,16,온라인쇼핑,24.0,3499,74800.0,300000.0,40.6,0,5,149.9,0
100239,67800.0,20,생활용품,36.0,3565,277300.0,759000.0,6.3,0,4,293.6,0
100404,235700.0,9,전자기기,73.0,2482,112600.0,380000.0,19.3,0,0,403.0,0
100405,36700.0,23,전자기기,46.0,1839,183300.0,569000.0,8.3,0,6,228.8,0
100842,170700.0,13,여행/항공,55.0,1760,382700.0,1307000.0,21.3,0,1,92.8,0
100580,,5,편의점,24.0,431,373500.0,1007000.0,5685.5,0,3,21.2,0
100737,535600.0,13,온라인쇼핑,59.0,2608,323000.0,863000.0,43.2,0,2,157.8,1
100608,83800.0,2,생활용품,47.0,2440,264700.0,871000.0,19.0,0,1,186.7,0
100355,82100.0,8,레스토랑,73.0,2395,339000.0,1060000.0,12.8,0,1,1000.4,0
101149,86500.0,14,온라인쇼핑,57.0,899,297600.0,886000.0,4.2,0,1,110.4,0
100647,38800.0,19,주유소,44.0,3902,405000.0,1290000.0,15.3,0,2,0.5,0
100369,379100.0,11,온라인쇼핑,20.0,1986,,300000.0,1.3,0,3,51.2,0
100672,27600.0,7,편의점,53.0,3062,281200.0,797000.0,8725.7,0,0,139.5,0
101011,25900.0,3,편의점,34.0,3239,160000.0,449000.0,10.2,0,1,70.1,0
100419,18600.0,1,편의점,35.0,3639,379400.0,1132000.0,10.9,1,2,15.2,0
100578,,0,레스토랑,48.0,2286,155300.0,428000.0,15.8,0,3,78.4,0
100790,269700.0,10,온라인쇼핑,19.0,842,239300.0,685000.0,40.9,0,1,124.2,0
100888,50700.0,3,온라인쇼핑,29.0,175,94100.0,300000.0,7.4,0,4,50.8,0
100304,42100.0,16,생활용품,69.0,995,287900.0,977000.0,3.9,0,2,53.0,0
100720,44300.0,1,레스토랑,52.0,3092,186600.0,590000.0,6.0,0,1,62.4,0
100891,51500.0,23,전자기기,24.0,1169,224000.0,616000.0,15.8,0,2,326.8,0
100962,108200.0,22,주유소,41.0,2703,333800.0,1100000.0,41.3,0,3,21.4,0
100598,48700.0,3,주유소,62.0,1517,689700.0,2120000.0,7.0,0,2,431.0,0
100423,18300.0,7,주유소,61.0,2940,147500.0,385000.0,9.3,0,4,300.6,0
100944,144200.0,12,온라인쇼핑,45.0,803,120400.0,411000.0,12.7,0,0,19.8,0
100806,111300.0,13,생활용품,62.0,1610,263100.0,741000.0,27.7,0,5,290.3,0
100903,46000.0,10,편의점,31.0,1454,314800.0,877000.0,37.9,0,4,103.7,0
100632,109600.0,15,레스토랑,37.0,1367,341700.0,1091000.0,15.2,0,3,131.1,0
100513,27200.0,22,레스토랑,66.0,753,202400.0,651000.0,17.9,0,1,187.5,0
100161,9600.0,9,편의점,74.0,2103,322100.0,910000.0,60.5,0,1,734.6,0
100588,192400.0,15,온라인쇼핑,24.0,412,270300.0,893000.0,6.1,0,0,2.1,0
100886,31600.0,23,레스토랑,60.0,3386,203100.0,583000.0,16.8,0,1,117.9,0
100464,20400.0,1,편의점,42.0,2776,65400.0,300000.0,21.7,1,3,135.5,0
100709,147800.0,0,전자기기,200.0,2103,,1019000.0,44.4,0,3,64.3,0
100937,134200.0,6,전자기기,27.0,2936,162900.0,513000.0,24.3,0,2,13.6,0
100433,25600.0,2,편의점,65.0,2068,387600.0,1046000.0,19.8,1,2,599.2,0
101041,147800.0,23,온라인쇼핑,58.0,1459,132000.0,476000.0,21.6,0,2,99.7,0
100108,18000.0,17,레스토랑,56.0,2228,156400.0,472000.0,65.0,0,2,94.7,1
100170,102700.0,10,레스토랑,20.0,1596,433300.0,1267000.0,8.8,0,3,51.8,0
100386,27300.0,2,편의점,25.0,139,447300.0,1377000.0,19.1,0,2,391.6,0
101082,62100.0,4,주유소,74.0,292,176100.0,477000.0,18.7,0,1,136.9,0
100282,57900.0,6,주유소,46.0,752,,300000.0,21.6,0,1,179.3,0
100356,21300.0,10,편의점,74.0,981,278100.0,791000.0,59.7,0,3,50.1,0
100234,78100.0,8,생활용품,61.0,3589,112400.0,347000.0,8.5,0,2,5.3,0
100013,92800.0,22,레스토랑,60.0,3394,268700.0,837000.0,21.1,1,4,349.3,0
100384,129900.0,0,여행/항공,32.0,765,267400.0,901000.0,9.2,0,1,3.7,0
100251,23100.0,10,편의점,29.0,3420,183900.0,615000.0,7.4,0,1,316.4,0
100898,64800.0,17,주유소,22.0,2132,244100.0,678000.0,16.7,1,5,44.5,0
100283,83500.0,23,온라인쇼핑,56.0,697,197400.0,550000.0,25.2,0,1,278.7,0
100779,136500.0,1,온라인쇼핑,34.0,742,151300.0,551000.0,30.4,0,1,202.8,0
100438,32800.0,0,주유소,70.0,326,341700.0,1031000.0,12.8,0,1,130.1,0
100269,60200.0,21,레스토랑,53.0,3445,449300.0,1442000.0,7.4,0,3,103.0,0
100855,35300.0,7,온라인쇼핑,35.0,3194,150100.0,360000.0,9.4,0,1,514.8,0
100342,22500.0,19,레스토랑,35.0,1965,,574000.0,18.3,0,1,179.5,0
100531,131200.0,23,여행/항공,52.0,3771,187200.0,588000.0,47.2,0,1,307.3,0
100561,43600.0,18,레스토랑,49.0,1380,298000.0,783000.0,1.1,0,2,46.4,0
100700,845800.0,15,여행/항공,24.0,673,162700.0,553000.0,,0,1,90.5,1
100952,194800.0,15,온라인쇼핑,36.0,2676,67200.0,300000.0,,0,6,33.0,0
100447,216500.0,1,온라인쇼핑,36.0,2641,1055900.0,3659000.0,,0,1,15.7,0
100614,342200.0,8,온라인쇼핑,40.0,2413,456000.0,1395000.0,5.1,0,5,88.6,1
100537,9600.0,7,편의점,44.0,1720,204100.0,556000.0,6.7,0,2,21.5,0
100787,12800.0,23,편의점,20.0,1499,,762000.0,3.1,0,2,129.6,0
100999,58600.0,4,레스토랑,72.0,3391,114100.0,300000.0,26.0,0,1,161.2,0
100492,5300.0,23,온라인쇼핑,67.0,216,,300000.0,9.2,0,4,106.5,0
100808,14464900.0,3,온라인쇼핑,25.0,2134,191700.0,658000.0,1.0,0,1,0.6,0
100910,295900.0,5,온라인쇼핑,24.0,1621,143200.0,389000.0,5.2,0,2,37.2,1
100572,246900.0,8,전자기기,,2970,,317000.0,6945.7,0,0,621.3,0
101134,590700.0,21,여행/항공,61.0,3153,353100.0,1201000.0,7110.1,0,2,39.8,1
100698,44900.0,8,주유소,52.0,2176,94900.0,300000.0,,0,4,73.2,0
100364,29900.0,10,여행/항공,69.0,1332,267500.0,769000.0,7.8,0,1,529.4,0
100978,401500.0,8,전자기기,51.0,2507,52200.0,300000.0,11.1,0,0,191.7,0
100836,82600.0,6,생활용품,62.0,3177,314100.0,907000.0,5.9,0,2,554.2,0
100454,47400.0,12,레스토랑,20.0,1278,148300.0,434000.0,4.8,0,0,66.1,0
100375,,6,여행/항공,68.0,2420,149400.0,474000.0,38.3,0,3,99.3,0
101127,41900.0,6,주유소,66.0,851,92800.0,300000.0,,0,1,19.4,0
100617,48600.0,3,생활용품,32.0,2024,465700.0,1397000.0,48.4,0,0,292.9,0
100122,72600.0,23,편의점,56.0,450,395000.0,1216000.0,5.8,1,1,334.6,0
101022,379500.0,21,전자기기,23.0,2983,155100.0,465000.0,4.9,0,1,208.5,0
100188,79000.0,23,주유소,40.0,1196,158600.0,534000.0,12.7,0,1,59.7,0
100560,189800.0,0,전자기기,66.0,860,253500.0,892000.0,5.8,0,2,118.3,1
100766,92700.0,4,온라인쇼핑,62.0,2077,454800.0,1280000.0,6.3,0,2,285.7,0
101128,59300.0,1,온라인쇼핑,54.0,219,50000.0,300000.0,31.7,0,3,243.6,0
100287,46200.0,19,온라인쇼핑,28.0,1717,400800.0,1218000.0,22.8,0,5,366.4,0
100017,103300.0,18,레스토랑,47.0,102,458100.0,1415000.0,8.2,1,1,369.7,0
101127,41900.0,6,주유소,66.0,851,92800.0,300000.0,,0,1,19.4,0
100579,55000.0,21,온라인쇼핑,69.0,1785,82000.0,300000.0,34.3,0,3,125.7,0
101092,191800.0,4,온라인쇼핑,44.0,2658,275800.0,777000.0,13.5,0,1,40.5,0
100665,46600.0,20,레스토랑,52.0,3536,242100.0,774000.0,11.7,0,3,130.6,0
101063,18300.0,18,레스토랑,27.0,2425,228600.0,694000.0,8.1,0,2,396.3,0
100532,28800.0,14,레스토랑,28.0,64,361200.0,1052000.0,39.3,0,5,46.9,0
100799,79400.0,4,온라인쇼핑,36.0,21,92000.0,327000.0,25.3,0,1,67.3,0
101052,47900.0,14,생활용품,39.0,44,136000.0,365000.0,8.7,0,2,38.8,0
100664,176000.0,4,전자기기,30.0,1989,308500.0,872000.0,8.5,0,3,16.5,0
100964,38400.0,0,주유소,31.0,3642,151600.0,459000.0,,1,0,54.8,0
100867,223700.0,2,전자기기,64.0,1664,302200.0,824000.0,26.7,0,0,215.8,0
100701,153100.0,13,전자기기,48.0,341,84800.0,321000.0,10.9,0,2,98.6,0
100107,485800.0,19,여행/항공,62.0,899,226100.0,805000.0,17.6,0,1,257.7,0
100633,333600.0,5,전자기기,43.0,109,335100.0,1111000.0,8.9,0,5,879.5,0
100024,214200.0,20,여행/항공,70.0,722,882900.0,2482000.0,10.6,0,1,200.5,1
100199,8300.0,21,편의점,37.0,2942,129700.0,391000.0,14.2,0,2,163.7,0
100070,268700.0,0,온라인쇼핑,45.0,1768,462300.0,1356000.0,,0,2,453.0,0
100918,13400.0,17,생활용품,62.0,3629,260900.0,682000.0,6.7,0,2,376.6,0
100990,18000.0,10,레스토랑,63.0,1609,157900.0,525000.0,37.6,0,1,179.1,0
100656,93700.0,6,여행/항공,48.0,195,218000.0,623000.0,40.9,0,3,175.3,0
100837,247700.0,4,전자기기,64.0,3311,203700.0,700000.0,6.4,0,1,86.3,0
100104,17800.0,15,주유소,19.0,3177,433600.0,1301000.0,43.7,0,1,10.8,0
100900,919400.0,3,전자기기,53.0,2645,224500.0,695000.0,24.7,0,3,47.4,0
100294,114800.0,10,온라인쇼핑,37.0,1740,125900.0,327000.0,4.9,0,3,36.2,0
101007,119500.0,20,온라인쇼핑,66.0,1779,66900.0,300000.0,55.4,0,2,14.6,0
100376,122100.0,13,온라인쇼핑,24.0,203,800000.0,2474000.0,4.6,0,7,168.2,0
100762,239400.0,4,온라인쇼핑,49.0,3553,418100.0,1281000.0,7.5,0,3,71.7,0
101131,14141600.0,16,편의점,41.0,3055,391200.0,1232000.0,19.7,0,3,73.9,0
101119,91900.0,6,여행/항공,59.0,486,,951000.0,12.9,0,1,70.8,0
100075,151500.0,12,온라인쇼핑,57.0,1676,163000.0,403000.0,7.1,0,2,306.9,0
100508,71400.0,15,레스토랑,32.0,3497,116800.0,302000.0,8.0,0,0,55.0,0
101074,118500.0,1,온라인쇼핑,48.0,1699,277700.0,754000.0,4.2,0,5,22.7,0
100219,84500.0,11,온라인쇼핑,44.0,3853,157800.0,482000.0,63.8,0,3,127.9,0
101143,54200.0,21,주유소,71.0,952,108200.0,371000.0,17.9,0,4,562.0,0
101010,62000.0,3,온라인쇼핑,48.0,1346,184300.0,592000.0,7.2,0,2,296.0,0
100266,98700.0,9,레스토랑,51.0,3138,184700.0,616000.0,21.4,1,3,78.6,0
100755,34400.0,17,주유소,50.0,1342,383200.0,1084000.0,8.2,0,1,18.5,0
100702,26700.0,9,생활용품,53.0,1024,193700.0,527000.0,41.0,0,1,204.5,0
100435,25600.0,8,주유소,43.0,2548,226300.0,694000.0,23.2,0,2,28.2,0
100111,28200.0,5,온라인쇼핑,34.0,1075,185000.0,508000.0,8.0,0,3,61.0,0
100997,276600.0,0,온라인쇼핑,48.0,718,237100.0,728000.0,15.1,0,1,31.5,1
100041,10500.0,0,편의점,28.0,1670,135200.0,479000.0,23.2,0,1,0.9,0
100679,71600.0,23,생활용품,,2461,543800.0,1677000.0,2.3,0,4,104.2,0
100277,83000.0,7,온라인쇼핑,45.0,2691,163100.0,509000.0,22.1,0,4,170.3,0
100340,33000.0,13,편의점,72.0,2040,412500.0,1142000.0,19.2,1,0,23.7,0
100940,15900.0,14,편의점,47.0,93,436800.0,1265000.0,6.3,0,2,443.3,0
100530,14900.0,18,편의점,70.0,2065,372300.0,964000.0,11.6,0,4,236.2,0
100186,36200.0,5,레스토랑,43.0,3994,419300.0,1367000.0,30.0,0,4,141.2,0
100714,17800.0,13,편의점,61.0,1494,338100.0,880000.0,21.2,1,1,323.8,0
100802,197700.0,2,온라인쇼핑,35.0,2438,234800.0,686000.0,14.7,0,4,76.0,0
100062,25300.0,5,레스토랑,60.0,3131,231800.0,667000.0,3.8,0,2,587.5,0
100637,248900.0,2,전자기기,32.0,804,250800.0,696000.0,70.9,0,2,56.3,0
100388,513200.0,23,여행/항공,,455,149900.0,438000.0,12.6,1,2,159.3,1
101123,112400.0,21,여행/항공,34.0,1198,120700.0,437000.0,1.7,0,4,346.9,0
101070,207700.0,8,전자기기,19.0,782,328500.0,1144000.0,7.8,0,4,43.9,0
100252,105000.0,3,온라인쇼핑,46.0,976,381500.0,1251000.0,16.6,0,2,183.1,0
101024,138200.0,17,온라인쇼핑,66.0,3062,187400.0,609000.0,41.8,0,2,61.1,1
100308,24800.0,5,편의점,50.0,1828,358300.0,1003000.0,23.6,0,1,154.4,0
100194,35800.0,19,주유소,39.0,2305,249700.0,709000.0,16.7,0,2,48.6,0
100503,360400.0,14,전자기기,72.0,221,242100.0,743000.0,2.5,0,3,910.6,0
100034,82000.0,17,온라인쇼핑,50.0,1801,207500.0,567000.0,7.5,0,5,205.5,0
100774,171400.0,7,전자기기,59.0,1746,196000.0,597000.0,21.3,0,3,131.7,0
100058,11300.0,0,편의점,27.0,2886,868600.0,2496000.0,3.2,0,1,16.2,0
100626,27100.0,16,편의점,32.0,537,435300.0,1468000.0,6.3,0,1,92.1,0
100359,4100.0,10,온라인쇼핑,24.0,3455,253200.0,810000.0,5.5,0,0,51.7,0
100046,224900.0,19,온라인쇼핑,73.0,2540,549300.0,1834000.0,10.3,0,1,317.3,0
100930,99900.0,11,온라인쇼핑,51.0,516,50000.0,300000.0,19.5,0,5,258.2,0
101069,112900.0,21,생활용품,37.0,1156,678500.0,2161000.0,16.7,0,2,166.1,0
100551,65900.0,8,생활용품,63.0,1072,133700.0,465000.0,8.5,0,0,217.6,0
100069,245900.0,12,여행/항공,23.0,3239,75400.0,300000.0,26.5,0,3,251.5,0
100319,668000.0,9,여행/항공,71.0,3113,466400.0,1309000.0,41.1,0,2,127.2,1
100292,284100.0,7,온라인쇼핑,33.0,2058,855300.0,2298000.0,7.3,0,3,7.8,0
100047,280300.0,2,전자기기,43.0,2858,50000.0,300000.0,17.1,1,2,1.6,1
100278,29200.0,22,온라인쇼핑,62.0,3611,427900.0,1237000.0,22.4,0,3,142.0,0
100526,50800.0,21,생활용품,36.0,3933,239700.0,639000.0,1.2,0,1,47.3,0
100298,34000.0,3,주유소,43.0,3839,456100.0,1435000.0,43.6,0,8,20.8,0
100225,111500.0,14,생활용품,59.0,3551,424500.0,1387000.0,17.5,0,2,183.2,0
100583,628800.0,5,여행/항공,24.0,2802,79800.0,300000.0,13.5,0,4,14.4,1
100861,32700.0,14,온라인쇼핑,73.0,1994,,559000.0,,0,1,2.0,0
100365,17500.0,8,레스토랑,25.0,998,147500.0,423000.0,46.7,0,0,87.0,0
100732,16400.0,3,주유소,42.0,1069,351400.0,1158000.0,22.6,0,4,89.1,0
100367,84400.0,15,온라인쇼핑,45.0,1938,235500.0,630000.0,0.9,0,1,90.4,0
100001,105100.0,23,온라인쇼핑,23.0,1488,122000.0,355000.0,11.6,0,2,74.2,0
100067,136600.0,12,전자기기,69.0,2035,80700.0,300000.0,16.2,0,1,39.0,0
100662,4000.0,7,편의점,60.0,2615,331400.0,939000.0,17.9,0,0,21.5,0
100032,39900.0,17,온라인쇼핑,31.0,3710,521200.0,1712000.0,13.9,0,0,129.7,0
100760,30900.0,19,레스토랑,59.0,3760,298000.0,813000.0,33.6,0,3,137.4,0
100295,174300.0,10,온라인쇼핑,49.0,571,232900.0,720000.0,5.9,0,3,10.6,0
100114,23200.0,15,생활용품,44.0,3292,50000.0,300000.0,46.3,1,1,173.6,0
100246,127500.0,15,온라인쇼핑,23.0,2369,214700.0,606000.0,33.1,0,2,176.0,0
100416,10500.0,6,편의점,56.0,1826,445200.0,1271000.0,10.1,0,3,245.6,0
100162,22500.0,9,생활용품,56.0,1401,327500.0,1008000.0,14.4,0,5,166.8,0
100412,20100.0,15,주유소,31.0,1028,281900.0,769000.0,35.8,0,1,323.8,0
101048,5900.0,20,편의점,52.0,3444,253300.0,742000.0,,0,0,205.5,0
100816,191300.0,0,온라인쇼핑,,2970,192300.0,612000.0,5.0,0,5,163.9,0
101053,60100.0,3,레스토랑,47.0,171,316200.0,1007000.0,23.1,0,2,128.7,0
101106,19300.0,12,편의점,29.0,2749,316100.0,1068000.0,43.0,0,2,48.5,0
100899,217400.0,15,온라인쇼핑,22.0,3007,129100.0,431000.0,24.5,0,1,10.6,0
100248,26300.0,13,생활용품,42.0,2618,361200.0,1100000.0,15.0,0,1,74.9,0
101091,66000.0,21,전자기기,47.0,906,125100.0,412000.0,49.2,0,1,340.5,0
101088,58900.0,18,전자기기,74.0,1093,309100.0,1039000.0,6.8,0,2,37.2,0
100093,56000.0,19,전자기기,66.0,3853,213700.0,626000.0,4.3,0,0,61.0,0
100382,255000.0,8,온라인쇼핑,71.0,51,379500.0,954000.0,17.6,0,0,37.7,1
100115,54900.0,0,주유소,47.0,964,384100.0,1291000.0,13.5,0,1,1137.9,0
100831,11200.0,4,레스토랑,32.0,2635,83400.0,300000.0,49.6,0,1,569.1,0
100255,80900.0,13,온라인쇼핑,55.0,721,107300.0,304000.0,5.1,0,3,152.8,0
100430,97700.0,16,레스토랑,59.0,2408,269500.0,739000.0,19.7,0,4,36.1,0
100179,819000.0,9,전자기기,69.0,2704,281400.0,729000.0,6.1,0,3,298.0,1
100629,462700.0,14,전자기기,47.0,1241,358900.0,1073000.0,5.1,0,3,762.5,0
100390,23300.0,22,편의점,27.0,2486,94000.0,300000.0,21.3,0,4,233.6,0
100133,37200.0,23,편의점,24.0,1582,283300.0,840000.0,10.0,0,3,15.4,0
100721,604600.0,8,전자기기,26.0,187,292000.0,926000.0,14.8,0,3,68.6,1
101117,421800.0,5,여행/항공,74.0,2738,335500.0,996000.0,30.0,0,0,674.3,1
100810,26800.0,0,주유소,74.0,761,108600.0,360000.0,6.3,0,0,201.4,0
100290,66100.0,20,생활용품,45.0,3822,231600.0,668000.0,19.9,0,1,67.8,0
100247,30300.0,23,주유소,61.0,2485,527100.0,1636000.0,15.1,0,2,67.1,0
100553,251100.0,18,전자기기,65.0,2732,145200.0,414000.0,31.5,0,1,268.8,0
100090,177900.0,14,온라인쇼핑,65.0,178,246300.0,662000.0,13.3,0,5,132.2,0
100193,34900.0,18,편의점,53.0,490,126800.0,375000.0,7.5,0,0,468.3,0
100640,72400.0,11,온라인쇼핑,72.0,3017,133300.0,453000.0,8.7,0,2,123.8,0
100102,90800.0,3,온라인쇼핑,30.0,1655,340800.0,898000.0,17.8,0,3,57.5,0
100437,179800.0,21,전자기기,50.0,3295,278200.0,906000.0,19.9,0,2,44.8,0
100641,26200.0,8,여행/항공,56.0,2343,312300.0,867000.0,22.5,0,1,51.3,0
100794,96400.0,8,온라인쇼핑,65.0,134,128600.0,417000.0,69.7,0,1,359.6,0
100147,273800.0,21,온라인쇼핑,20.0,1062,358000.0,1017000.0,22.1,0,1,70.4,0
100119,21500.0,10,편의점,32.0,3813,265600.0,813000.0,11.1,1,0,100.7,0
101138,,7,여행/항공,39.0,3287,225300.0,672000.0,5.2,0,1,31.5,0
100920,28700.0,3,편의점,54.0,1685,143800.0,333000.0,13.1,0,2,182.6,0
100651,25400.0,4,주유소,46.0,242,582500.0,1673000.0,6.4,1,2,26.8,0
100711,40800.0,16,주유소,57.0,2963,77300.0,300000.0,15.9,0,4,11.9,0
100801,50000.0,12,생활용품,19.0,3662,262200.0,824000.0,31.4,0,2,690.9,0
100027,6500.0,12,편의점,41.0,1276,50000.0,300000.0,20.6,0,4,29.6,0
100015,91400.0,1,온라인쇼핑,59.0,2075,174500.0,502000.0,5.3,0,1,49.8,0
100988,123600.0,6,레스토랑,36.0,107,587200.0,1812000.0,50.5,0,7,7.1,0
100083,221400.0,5,온라인쇼핑,27.0,3881,459300.0,1330000.0,14.5,0,1,160.3,0
101124,52600.0,7,레스토랑,,1852,,660000.0,5.7,0,2,219.8,0
100973,260400.0,8,전자기기,45.0,2335,396400.0,1131000.0,30.8,0,7,553.1,0
100881,67500.0,3,온라인쇼핑,23.0,2229,141800.0,496000.0,,0,2,165.6,0
100601,111600.0,3,주유소,53.0,3726,190000.0,524000.0,15.7,0,0,332.8,0
100274,41600.0,9,편의점,72.0,2703,178200.0,439000.0,10.4,0,4,137.2,0
100845,19100.0,0,편의점,19.0,3019,327600.0,943000.0,7.6,0,1,228.7,0
100467,95100.0,21,온라인쇼핑,28.0,3180,83300.0,300000.0,21.9,0,1,67.3,0
101093,215900.0,16,전자기기,66.0,1818,221200.0,720000.0,28.7,1,1,149.5,0
101038,43400.0,4,주유소,19.0,1042,130600.0,331000.0,2.5,0,2,120.3,0
100448,32000.0,0,온라인쇼핑,72.0,2904,289800.0,921000.0,25.9,0,1,119.2,0
100372,51600.0,0,편의점,56.0,2850,525000.0,1592000.0,,0,1,825.5,0
100558,33100.0,13,편의점,68.0,3651,283200.0,768000.0,4.0,0,1,113.7,0
100272,52000.0,15,편의점,20.0,3978,186500.0,538000.0,17.5,1,0,17.3,0
100606,45800.0,19,주유소,49.0,1286,286700.0,943000.0,57.4,0,2,109.4,0
100450,551800.0,4,전자기기,,2836,231900.0,714000.0,19.6,0,2,27.4,1
101009,19200.0,11,편의점,60.0,3254,296100.0,959000.0,23.4,0,6,34.8,0
100524,228900.0,23,온라인쇼핑,65.0,3037,343200.0,1094000.0,18.4,0,2,286.4,0
100215,3100.0,17,편의점,60.0,2225,,904000.0,9.6,1,4,208.4,0
100345,4000.0,9,편의점,69.0,1649,534500.0,1707000.0,31.2,0,2,505.5,0
101077,43500.0,0,여행/항공,58.0,3512,259100.0,870000.0,19.5,0,2,105.9,0
100148,148000.0,3,온라인쇼핑,32.0,2713,316300.0,851000.0,18.7,0,6,32.6,0
100413,10300.0,8,레스토랑,34.0,1005,385800.0,1064000.0,9.7,0,2,163.0,0
101064,26500.0,12,편의점,58.0,476,79200.0,300000.0,11.4,0,3,199.2,0
101110,13489400.0,3,편의점,21.0,3968,240800.0,737000.0,8.1,0,0,41.7,0
100174,41000.0,15,레스토랑,59.0,3547,374100.0,1050000.0,4.0,0,4,112.3,0
100781,71400.0,7,주유소,68.0,371,50000.0,300000.0,37.5,0,1,25.7,0
101027,39600.0,17,편의점,23.0,434,211100.0,603000.0,17.8,0,3,119.2,0
100306,19400.0,3,온라인쇼핑,26.0,276,268600.0,885000.0,19.8,0,2,600.5,0
100544,694400.0,1,여행/항공,28.0,1589,208400.0,654000.0,42.7,0,1,81.5,1
100815,221300.0,4,여행/항공,62.0,3270,100400.0,300000.0,7.5,0,2,52.1,0
100685,96500.0,3,온라인쇼핑,28.0,1649,269700.0,790000.0,63.8,0,1,23.4,0
100829,500400.0,14,여행/항공,67.0,242,838900.0,2299000.0,8.9,0,2,77.4,1
100286,42400.0,7,생활용품,71.0,421,387700.0,1111000.0,8.6,0,5,5.2,0
100222,54800.0,16,생활용품,44.0,1383,56500.0,300000.0,36.0,0,1,242.4,0
100859,,3,온라인쇼핑,56.0,3153,214100.0,592000.0,6.1,0,3,40.5,0
100023,664900.0,3,전자기기,29.0,1575,472000.0,1260000.0,79.4,0,3,1.1,1
100863,237200.0,8,온라인쇼핑,25.0,625,286400.0,786000.0,7.4,0,3,41.8,1
100117,149100.0,9,온라인쇼핑,21.0,234,283500.0,842000.0,11.8,0,1,212.5,0
100874,254600.0,2,전자기기,25.0,2404,352400.0,943000.0,17.9,0,0,16.8,1
100362,116600.0,22,온라인쇼핑,68.0,924,440800.0,1284000.0,24.7,0,0,595.9,0
100096,415700.0,5,전자기기,35.0,3942,259700.0,709000.0,37.1,0,3,50.5,1
100930,99900.0,11,온라인쇼핑,51.0,516,50000.0,300000.0,19.5,0,5,258.2,0
100262,108700.0,19,생활용품,28.0,2252,385600.0,1151000.0,13.6,0,1,319.5,0
101102,22300.0,8,레스토랑,45.0,2215,118100.0,389000.0,4.5,0,1,210.2,0
100773,34800.0,11,편의점,19.0,3304,183100.0,579000.0,,0,2,23.5,0
100767,10800.0,20,주유소,,1139,134700.0,395000.0,46.4,0,4,156.0,0
100180,44900.0,12,온라인쇼핑,47.0,1377,135600.0,380000.0,10.8,0,3,194.8,0
100103,56400.0,12,온라인쇼핑,64.0,310,191400.0,586000.0,19.3,1,1,63.6,0
100575,10000.0,14,편의점,19.0,2142,135000.0,355000.0,25.0,0,2,386.4,0
100564,35900.0,1,레스토랑,29.0,2937,247600.0,693000.0,12.9,0,3,55.2,0
100185,117600.0,19,생활용품,,2141,159100.0,522000.0,,0,1,584.9,0
100468,18600.0,17,주유소,52.0,2036,345300.0,1192000.0,4.2,0,0,26.9,0
100948,,19,편의점,26.0,3444,218100.0,696000.0,5.7,0,0,34.0,0
100913,26300.0,9,편의점,40.0,610,225200.0,719000.0,28.6,0,0,37.1,0
100072,,13,온라인쇼핑,29.0,2219,71900.0,300000.0,29.5,0,2,136.0,0
100986,56800.0,11,주유소,55.0,2746,482500.0,1258000.0,,0,2,410.2,0
100279,26200.0,13,레스토랑,22.0,1079,127200.0,371000.0,31.3,0,2,7.6,0
100347,16000.0,20,레스토랑,74.0,2211,495800.0,1483000.0,29.0,0,2,58.4,1
100687,253300.0,9,온라인쇼핑,41.0,3765,156600.0,445000.0,21.1,0,2,394.1,0
101076,221400.0,8,전자기기,28.0,2484,110500.0,419000.0,4.7,0,0,87.4,0
100030,125000.0,20,온라인쇼핑,43.0,113,502100.0,1413000.0,27.7,0,1,140.3,0
100942,19800.0,22,레스토랑,41.0,1316,438300.0,1374000.0,28.1,0,1,317.7,0
100040,30900.0,12,주유소,54.0,44,275600.0,808000.0,27.9,0,2,157.6,0
100505,33000.0,22,생활용품,34.0,637,304700.0,924000.0,5.8,0,4,64.9,0
100158,14500.0,6,주유소,50.0,962,256000.0,828000.0,7.6,0,0,37.8,0
100659,18000.0,17,편의점,23.0,373,102300.0,377000.0,18.6,0,3,503.4,0
100636,72600.0,15,레스토랑,57.0,985,,901000.0,46.2,0,5,36.7,0
101049,27200.0,17,전자기기,56.0,2290,50000.0,300000.0,,0,3,418.0,0
100395,22100.0,20,편의점,59.0,934,,689000.0,9.9,0,1,66.5,0
100053,18200.0,12,레스토랑,39.0,3939,108400.0,444000.0,50.5,0,4,618.6,0
101031,35700.0,11,레스토랑,46.0,2803,250500.0,816000.0,13.4,0,1,38.7,0
100360,161000.0,19,여행/항공,60.0,2737,531600.0,1656000.0,,0,2,92.8,0
100817,128500.0,3,여행/항공,21.0,1492,300800.0,732000.0,79.9,0,0,674.8,0
100403,169900.0,0,전자기기,36.0,2140,237500.0,675000.0,6.7,0,1,349.4,0
100422,25900.0,19,주유소,57.0,1455,160700.0,493000.0,10.5,0,3,132.8,0
100449,63300.0,21,레스토랑,48.0,3383,310100.0,956000.0,7.1,0,1,12.8,0
100678,85000.0,9,편의점,23.0,3938,528100.0,1473000.0,23.3,0,1,245.6,0
100285,37800.0,21,온라인쇼핑,43.0,1288,175900.0,513000.0,11.6,0,2,32.1,0
100593,52600.0,3,온라인쇼핑,32.0,1831,658600.0,1768000.0,39.6,0,1,71.7,0
100228,28700.0,8,레스토랑,51.0,3011,115000.0,377000.0,1.6,0,1,245.2,0
100354,30800.0,14,편의점,43.0,1300,50000.0,300000.0,8.8,0,1,208.4,0
100010,44000.0,0,레스토랑,24.0,1372,60200.0,300000.0,8.8,0,3,131.0,0
100949,97500.0,20,온라인쇼핑,72.0,3008,195300.0,632000.0,17.6,0,0,129.0,0
100031,441800.0,12,여행/항공,44.0,2437,397300.0,1047000.0,3.3,0,2,9.4,1
101059,36200.0,16,온라인쇼핑,42.0,949,306600.0,1017000.0,40.4,0,2,46.5,0
100692,19700.0,10,주유소,63.0,401,132700.0,437000.0,41.9,0,4,88.8,0
100901,14300.0,21,생활용품,19.0,701,222900.0,647000.0,15.3,0,6,72.7,1
100727,87700.0,17,전자기기,59.0,943,224500.0,655000.0,10.2,0,2,132.2,0
100335,28200.0,1,주유소,44.0,1667,678500.0,1889000.0,14.7,0,2,95.2,0
100463,114100.0,20,레스토랑,60.0,2685,254900.0,690000.0,21.1,0,4,23.3,0
100008,74400.0,1,온라인쇼핑,58.0,3403,329000.0,1065000.0,14.2,0,1,72.1,0
100518,12500.0,16,전자기기,22.0,2715,385400.0,1150000.0,11.7,0,4,49.9,0
100198,68900.0,19,전자기기,25.0,2808,235700.0,704000.0,6.5,0,0,117.7,0
100297,37000.0,22,생활용품,,3753,260600.0,812000.0,63.0,0,2,223.5,0
100393,329100.0,10,전자기기,39.0,369,307400.0,918000.0,26.4,0,0,62.9,0
100931,85600.0,8,편의점,49.0,3311,546600.0,1845000.0,20.4,0,3,745.3,0
101058,13100.0,1,편의점,62.0,3359,186700.0,490000.0,,0,0,27.7,0
101139,120800.0,15,온라인쇼핑,60.0,3746,66800.0,300000.0,36.4,0,3,249.6,0
100737,535600.0,13,온라인쇼핑,59.0,2608,323000.0,863000.0,43.2,0,2,157.8,1
100511,51900.0,8,온라인쇼핑,74.0,2484,243000.0,665000.0,10.7,1,2,193.3,0
100123,15100.0,23,편의점,,3727,384800.0,1183000.0,11.6,0,2,56.0,0
100689,373800.0,3,여행/항공,43.0,901,165000.0,521000.0,,0,1,525.5,0
100379,140300.0,4,온라인쇼핑,40.0,96,79700.0,300000.0,15.3,0,1,186.9,0
100039,188400.0,4,온라인쇼핑,34.0,2272,50000.0,300000.0,26.6,0,2,217.6,0
100758,258100.0,21,온라인쇼핑,40.0,657,314400.0,1058000.0,,0,2,183.1,0
100753,23300.0,13,레스토랑,23.0,2883,504100.0,1576000.0,,0,0,471.6,0
100163,32300.0,3,주유소,41.0,3121,359700.0,1078000.0,7.8,0,3,251.1,0
100068,21200.0,0,주유소,39.0,2933,368400.0,1049000.0,4.4,1,2,658.3,0
100125,8869100.0,3,온라인쇼핑,,3054,230700.0,654000.0,38.4,0,4,473.8,0
100552,75300.0,1,생활용품,41.0,726,318600.0,997000.0,34.8,0,3,384.9,0
100005,64400.0,4,주유소,43.0,1230,453500.0,1222000.0,2.1,0,1,356.0,0
101045,85200.0,8,주유소,58.0,2634,562100.0,1702000.0,29.8,1,1,197.5,0
101136,57800.0,16,온라인쇼핑,22.0,3330,151300.0,488000.0,1.3,0,2,214.4,0
100969,368400.0,22,온라인쇼핑,70.0,2190,808300.0,2367000.0,23.8,0,3,77.9,1
100612,126000.0,4,온라인쇼핑,44.0,1645,534400.0,1488000.0,7.6,1,1,145.9,0
100288,41900.0,11,편의점,51.0,2616,297300.0,841000.0,34.0,0,2,41.9,0
100428,171200.0,21,레스토랑,64.0,3199,446300.0,1294000.0,38.7,1,5,440.5,0
100609,11900.0,7,생활용품,73.0,2292,97400.0,300000.0,29.3,1,4,355.0,0
100894,5500.0,19,생활용품,73.0,3002,154000.0,448000.0,33.5,0,2,123.7,0
100862,153800.0,15,전자기기,70.0,1580,,300000.0,34.2,0,1,119.5,0
100770,25200.0,21,생활용품,40.0,2126,130800.0,413000.0,7.3,0,1,13.9,0
100507,176100.0,12,전자기기,48.0,3391,200900.0,452000.0,17.8,0,1,66.4,1
100357,177000.0,4,여행/항공,27.0,3657,101200.0,300000.0,6.8,1,2,505.0,0
100400,135400.0,8,전자기기,36.0,33,337400.0,1086000.0,2.3,0,2,459.1,0
101066,,20,온라인쇼핑,40.0,1569,407600.0,1317000.0,,0,3,108.0,0
100353,5500.0,23,편의점,35.0,927,202200.0,562000.0,2.4,0,3,461.8,0
101094,154700.0,2,전자기기,40.0,460,240900.0,748000.0,7.7,1,1,210.4,0
100923,208700.0,17,전자기기,44.0,1619,149500.0,419000.0,26.3,0,6,54.9,1
100699,50200.0,6,편의점,21.0,2091,,1878000.0,6.2,0,4,323.1,0
100887,121800.0,12,생활용품,21.0,2340,279900.0,966000.0,6.1,0,2,119.4,0
100668,19500.0,23,편의점,67.0,1020,95600.0,309000.0,17.0,0,3,32.1,0
100261,74700.0,18,레스토랑,63.0,256,623000.0,2011000.0,20.5,0,1,234.7,0
100334,801300.0,13,전자기기,65.0,461,50000.0,300000.0,22.3,0,2,96.1,1
100154,105900.0,4,전자기기,35.0,3584,50000.0,300000.0,16.0,0,3,41.0,0
100397,487400.0,9,전자기기,21.0,2754,231200.0,615000.0,1.3,0,2,4.9,1
100502,285000.0,14,전자기기,55.0,87,278300.0,787000.0,3.9,0,1,15.8,0
101115,22800.0,15,주유소,29.0,437,151200.0,516000.0,25.1,0,1,55.8,0
100722,43800.0,7,편의점,71.0,839,319900.0,934000.0,26.9,0,1,26.4,0
100374,344100.0,12,여행/항공,39.0,614,819800.0,2673000.0,8.9,0,3,88.2,0
100591,574500.0,11,전자기기,63.0,1732,971500.0,2888000.0,1.6,0,1,104.1,1
100313,49700.0,14,온라인쇼핑,25.0,204,159200.0,433000.0,18.0,0,1,163.5,0
100599,23900.0,18,편의점,54.0,3222,,749000.0,53.0,0,4,118.4,0
100043,87000.0,17,레스토랑,58.0,693,181200.0,540000.0,16.4,1,1,42.0,0
100646,20900.0,1,전자기기,37.0,820,420900.0,1266000.0,9.6,0,3,53.3,0
100029,143600.0,21,온라인쇼핑,49.0,1047,675700.0,1790000.0,30.6,1,1,332.7,0
100523,664400.0,16,여행/항공,29.0,1081,293600.0,920000.0,1.6,0,1,7.0,1
100427,95200.0,9,레스토랑,67.0,2199,177500.0,623000.0,1.4,0,0,228.8,0
100992,25700.0,21,편의점,49.0,3502,160300.0,464000.0,11.4,0,3,96.2,0
100141,24200.0,0,편의점,74.0,946,453000.0,1186000.0,20.8,0,3,51.4,0
100777,182400.0,20,전자기기,42.0,1448,120200.0,435000.0,17.7,0,1,88.4,0
100705,26300.0,4,레스토랑,26.0,440,375400.0,1163000.0,14.7,1,4,21.6,0
100970,250700.0,18,전자기기,21.0,2810,312200.0,1031000.0,,0,1,60.6,0
100873,123700.0,3,온라인쇼핑,25.0,2638,205200.0,653000.0,54.4,0,4,273.3,0
100953,66500.0,13,레스토랑,53.0,701,542900.0,1644000.0,,0,3,228.6,0
100852,66600.0,5,편의점,63.0,262,153700.0,443000.0,5.6,0,2,454.3,0
100320,52800.0,2,온라인쇼핑,62.0,256,,828000.0,10.4,1,1,50.0,0
100137,38800.0,12,편의점,52.0,3632,217500.0,740000.0,3.3,0,1,339.8,0
100893,46500.0,22,주유소,48.0,2989,349600.0,1174000.0,14.4,0,3,124.7,0
100824,359200.0,21,전자기기,55.0,1375,89600.0,300000.0,5.1,0,1,31.7,1
100446,363300.0,13,여행/항공,56.0,674,686700.0,1978000.0,44.5,0,1,25.4,1
100670,30300.0,11,주유소,26.0,1189,239600.0,842000.0,19.6,1,2,279.8,0
100744,150900.0,9,온라인쇼핑,34.0,2845,371800.0,1077000.0,3.7,0,2,24.4,0
100273,1200.0,18,편의점,27.0,2362,,677000.0,10.8,0,1,57.9,0
101120,96700.0,23,레스토랑,,3907,242600.0,785000.0,10.9,0,4,144.9,0
100520,31000.0,19,레스토랑,52.0,2907,436500.0,1397000.0,3.1,1,3,471.1,0
100378,,17,편의점,,565,369100.0,1115000.0,17.9,0,4,133.5,0
100735,265000.0,14,전자기기,30.0,2476,261400.0,836000.0,9.3,0,1,55.3,0
100499,88300.0,15,생활용품,70.0,3907,290400.0,993000.0,20.3,0,1,783.3,0
100615,90900.0,4,온라인쇼핑,57.0,2309,97900.0,300000.0,22.3,0,5,562.8,0
101121,21200.0,11,주유소,19.0,1292,285500.0,822000.0,21.7,0,1,247.4,0
101080,53500.0,4,주유소,65.0,3923,158300.0,411000.0,43.8,0,2,158.4,0
100982,151200.0,9,여행/항공,58.0,3904,200100.0,552000.0,5.8,0,5,85.9,1
100677,24200.0,11,편의점,51.0,434,171600.0,425000.0,4.1,0,2,0.2,0
100878,40100.0,6,편의점,60.0,3800,292900.0,969000.0,0.5,0,3,350.5,0
100098,54200.0,5,온라인쇼핑,57.0,1867,395800.0,1050000.0,9.2,0,6,36.2,0
100981,127600.0,9,온라인쇼핑,52.0,2876,410200.0,1079000.0,11.1,0,4,23.4,0
100129,29000.0,9,레스토랑,51.0,47,484400.0,1468000.0,22.3,0,5,348.9,0
101057,408200.0,7,여행/항공,44.0,550,400900.0,1222000.0,13.3,0,4,284.5,1
100623,34100.0,15,주유소,28.0,1460,106100.0,322000.0,31.3,0,1,116.7,0
100545,333300.0,7,여행/항공,65.0,652,330900.0,844000.0,8.6,0,3,291.3,1
100380,143600.0,15,전자기기,33.0,3676,184800.0,592000.0,33.0,0,3,87.2,0
100951,146800.0,8,여행/항공,24.0,3654,693400.0,2089000.0,33.2,0,3,278.2,0
100204,235200.0,18,전자기기,58.0,3662,142900.0,437000.0,11.9,0,2,38.7,0
100344,54700.0,17,레스토랑,47.0,1342,447100.0,1379000.0,21.4,1,3,32.4,0
101016,132300.0,23,전자기기,65.0,3696,313800.0,844000.0,12.6,1,2,302.0,0
100655,461500.0,13,여행/항공,49.0,524,418600.0,1390000.0,5.3,0,0,10.1,0
101107,68200.0,8,생활용품,32.0,3188,,2258000.0,26.5,0,5,179.3,0
100519,105600.0,16,온라인쇼핑,45.0,2137,,1430000.0,13.3,0,2,492.7,0
100780,47100.0,19,편의점,,3809,297700.0,987000.0,8.1,0,3,358.5,0
100235,88200.0,19,생활용품,46.0,1554,259300.0,793000.0,6.5,0,2,129.6,0
100489,266500.0,20,전자기기,61.0,741,169100.0,486000.0,38.3,1,2,206.5,1
100238,69800.0,13,전자기기,43.0,1311,501800.0,1657000.0,18.3,0,0,98.5,0
100550,240300.0,17,여행/항공,57.0,3846,276900.0,777000.0,13.0,0,1,137.2,0
100401,156400.0,5,온라인쇼핑,74.0,1133,535000.0,1433000.0,5.9,1,3,376.9,1
100571,200900.0,16,온라인쇼핑,72.0,368,79600.0,300000.0,16.4,0,2,401.8,0
100233,75700.0,20,주유소,20.0,1396,372900.0,1050000.0,39.3,0,1,72.7,0
100795,31500.0,14,레스토랑,43.0,1529,222800.0,705000.0,14.9,0,1,141.9,0
100683,18200.0,13,편의점,72.0,2360,149500.0,456000.0,25.4,1,2,51.9,0
100443,10600.0,23,생활용품,26.0,1542,165400.0,537000.0,22.3,0,2,172.5,0
101118,24900.0,15,편의점,51.0,2915,178200.0,485000.0,85.2,0,2,98.5,0
100719,52800.0,5,편의점,32.0,135,344700.0,1012000.0,55.3,0,1,669.1,0
100797,29800.0,15,온라인쇼핑,73.0,640,347800.0,1180000.0,14.0,0,0,34.0,0
100099,39900.0,10,레스토랑,54.0,1311,195900.0,477000.0,49.9,0,0,157.2,0
100515,111500.0,2,생활용품,72.0,2108,113200.0,313000.0,24.4,0,1,51.3,0
100981,127600.0,9,온라인쇼핑,52.0,2876,410200.0,1079000.0,11.1,0,4,23.4,0
100512,13300.0,20,주유소,60.0,2448,143800.0,399000.0,22.0,0,0,147.0,0
100854,50600.0,18,주유소,32.0,1841,252900.0,702000.0,6.1,0,3,162.5,0
100218,73900.0,20,온라인쇼핑,24.0,1821,216600.0,622000.0,4.8,0,4,143.2,0
100361,85500.0,0,온라인쇼핑,66.0,1343,704600.0,2176000.0,21.7,0,1,241.2,0
100559,175800.0,5,레스토랑,63.0,986,330500.0,852000.0,63.1,0,4,125.2,0
100500,17800.0,8,레스토랑,42.0,3347,303900.0,916000.0,1.3,0,5,533.8,0
100619,96600.0,19,온라인쇼핑,22.0,284,429000.0,1163000.0,4.8,0,5,299.9,0
100226,126800.0,11,온라인쇼핑,36.0,3837,271800.0,845000.0,30.9,0,4,152.2,0
100019,10800.0,6,레스토랑,66.0,3992,371000.0,1231000.0,3.8,0,2,32.7,0
100169,218100.0,8,여행/항공,37.0,1804,304400.0,833000.0,1.0,0,3,60.5,0
101015,52500.0,10,레스토랑,48.0,3818,,930000.0,11.7,0,4,223.3,0
100293,127600.0,23,온라인쇼핑,72.0,3739,430300.0,1427000.0,5.6,0,1,232.4,0
100847,92900.0,17,전자기기,27.0,2217,205300.0,678000.0,8.1,0,2,231.4,0
100398,417100.0,16,여행/항공,30.0,3399,181200.0,609000.0,22.2,0,0,309.8,0
101023,19500.0,16,편의점,67.0,3987,229500.0,698000.0,12.7,0,2,65.9,0
101044,41600.0,17,온라인쇼핑,39.0,887,646900.0,1706000.0,0.6,0,2,3.6,0
100541,34300.0,16,레스토랑,58.0,3092,,675000.0,23.4,1,0,2.8,0
100329,18000.0,8,편의점,26.0,933,175700.0,507000.0,38.8,0,2,323.6,0
100796,32000.0,9,생활용품,35.0,489,536900.0,1717000.0,10.8,0,2,71.3,0
100303,7700.0,11,레스토랑,19.0,219,536900.0,1492000.0,8.0,0,0,39.8,0
101142,35700.0,16,여행/항공,37.0,1296,260500.0,770000.0,24.1,0,2,92.6,0
100876,13300.0,4,편의점,47.0,1899,162400.0,475000.0,6.1,0,2,183.3,0
100094,55400.0,0,온라인쇼핑,40.0,1966,127100.0,327000.0,75.0,0,1,38.2,0
100214,90500.0,11,온라인쇼핑,44.0,819,330400.0,1055000.0,,0,6,209.8,0
100771,19900.0,21,편의점,55.0,1582,202000.0,555000.0,14.9,0,2,17.4,0
100338,44800.0,23,편의점,36.0,19,284700.0,822000.0,27.2,0,2,14.3,0
100426,118400.0,3,전자기기,30.0,1283,350300.0,1076000.0,14.1,0,3,192.4,0
100804,67000.0,18,생활용품,70.0,1868,350300.0,1074000.0,14.4,0,1,72.0,1
100213,10700.0,9,주유소,63.0,1413,538200.0,1618000.0,54.4,0,3,192.8,0
100619,96600.0,19,온라인쇼핑,22.0,284,429000.0,1163000.0,4.8,0,5,299.9,0
100116,27100.0,4,레스토랑,50.0,162,641100.0,1931000.0,7.8,0,2,288.0,0
100159,267200.0,3,온라인쇼핑,47.0,1668,603400.0,1776000.0,,0,4,124.2,1
100484,378100.0,2,여행/항공,63.0,3523,326900.0,924000.0,11.2,0,3,54.9,1
100113,212300.0,2,전자기기,50.0,1786,134600.0,437000.0,43.0,0,3,4.9,1
100037,6400.0,12,편의점,67.0,582,466300.0,1572000.0,62.9,0,1,360.8,0
100106,113100.0,2,레스토랑,63.0,353,102100.0,300000.0,16.8,0,0,375.4,0
100363,8500.0,1,주유소,31.0,2979,244200.0,699000.0,10.4,0,3,51.3,0
100851,,12,레스토랑,73.0,3514,240500.0,609000.0,13.1,0,0,145.5,0
100717,,15,생활용품,47.0,457,354100.0,1192000.0,,0,4,488.7,0
100757,30300.0,17,편의점,,1195,227500.0,688000.0,8.3,0,3,93.1,0
100734,818800.0,0,여행/항공,62.0,3388,365300.0,1211000.0,16.7,0,2,677.2,1
100759,94600.0,8,레스토랑,26.0,160,187200.0,537000.0,14.7,0,3,66.6,0
100366,14997600.0,17,전자기기,48.0,3722,167000.0,534000.0,9.7,0,1,154.4,0
100945,91800.0,12,생활용품,26.0,662,524700.0,1569000.0,25.9,0,3,22.0,0
100442,65300.0,14,온라인쇼핑,35.0,1395,160100.0,437000.0,9.8,0,3,167.6,0
100979,287400.0,19,온라인쇼핑,38.0,270,732000.0,2355000.0,8.1,1,1,183.4,1
100566,75200.0,7,레스토랑,32.0,3515,128900.0,428000.0,12.3,1,3,213.9,0
100352,39600.0,3,생활용품,21.0,1052,382600.0,1206000.0,,1,3,230.6,0
100491,260800.0,18,여행/항공,71.0,2890,98800.0,300000.0,5.7,0,6,156.8,0
100250,54500.0,8,편의점,21.0,1208,470900.0,1464000.0,32.8,1,4,236.4,0
100477,10800.0,3,편의점,66.0,2317,471700.0,1372000.0,,0,1,31.3,0
100635,41400.0,18,전자기기,29.0,2913,307300.0,985000.0,23.1,0,2,150.3,0
101065,84600.0,1,생활용품,61.0,474,112800.0,312000.0,6296.8,0,1,123.6,0
100407,60900.0,15,생활용품,43.0,3588,,934000.0,15.3,0,2,99.2,0
101104,115500.0,23,주유소,27.0,2010,249900.0,716000.0,15.0,1,0,145.9,0
100165,179400.0,21,온라인쇼핑,42.0,3611,311600.0,952000.0,12.5,0,4,18.7,0
100782,151200.0,13,주유소,54.0,1935,273900.0,881000.0,7.9,0,5,311.5,0
100455,115800.0,23,전자기기,52.0,509,210900.0,596000.0,57.8,0,2,554.3,0
101075,63100.0,12,레스토랑,45.0,1613,118300.0,334000.0,35.4,0,1,25.3,0
101087,61600.0,16,온라인쇼핑,63.0,1009,,1352000.0,13.3,0,4,208.7,0
101129,46300.0,6,레스토랑,50.0,1484,180200.0,552000.0,16.0,0,3,10.2,0
100084,168100.0,12,여행/항공,65.0,3003,151700.0,521000.0,0.4,0,0,53.7,0
101037,36100.0,13,레스토랑,69.0,1231,354500.0,1027000.0,80.2,0,4,140.1,0
100296,12300.0,15,주유소,48.0,157,285700.0,940000.0,53.6,0,3,19.0,0
100653,255800.0,5,온라인쇼핑,,1826,152000.0,479000.0,13.1,1,3,189.3,1
100071,67500.0,0,온라인쇼핑,63.0,2603,53700.0,300000.0,5.7,0,4,70.8,0
100644,152200.0,10,여행/항공,45.0,1123,506000.0,1527000.0,27.0,0,3,78.4,0
100821,20800.0,21,전자기기,20.0,3317,257500.0,756000.0,4.5,0,1,100.9,0
100611,334200.0,20,전자기기,65.0,1547,519600.0,1467000.0,34.5,0,1,230.4,1
100927,,8,생활용품,49.0,1865,345300.0,996000.0,0.1,0,2,255.7,0
100065,205900.0,12,전자기기,42.0,310,255400.0,795000.0,16.5,0,2,239.3,0
100263,19700.0,14,레스토랑,35.0,1013,347500.0,901000.0,17.7,0,3,91.2,0
101150,200700.0,20,여행/항공,66.0,3573,369700.0,1240000.0,3.9,0,1,51.3,0
100853,9924900.0,19,생활용품,72.0,1599,238900.0,650000.0,2.9,0,4,17.2,0
100109,,6,편의점,45.0,2168,187600.0,555000.0,34.9,0,7,50.6,0
101008,185900.0,0,전자기기,47.0,2534,557600.0,1537000.0,24.2,0,4,134.1,0
100128,168400.0,7,온라인쇼핑,61.0,3098,436400.0,1139000.0,19.2,0,2,167.1,0
100339,121600.0,20,레스토랑,30.0,457,163000.0,465000.0,5.5,0,0,113.8,0
100002,31200.0,7,레스토랑,62.0,2026,366600.0,1081000.0,19.6,0,2,126.5,0
100917,19500.0,20,편의점,49.0,2904,458800.0,1482000.0,29.6,0,1,2.5,0
100540,7300.0,14,편의점,20.0,389,258800.0,827000.0,25.2,0,3,119.5,0
100602,190900.0,22,온라인쇼핑,62.0,3551,175500.0,562000.0,17.4,0,2,16.9,0
100309,33900.0,6,생활용품,36.0,1066,1067000.0,3553000.0,18.6,0,1,112.0,0
100586,222200.0,9,여행/항공,70.0,3195,115500.0,312000.0,18.1,0,4,318.6,0
101113,39900.0,11,편의점,29.0,141,203900.0,535000.0,22.0,0,2,70.2,0
100411,86600.0,13,생활용품,28.0,1175,141000.0,395000.0,5.3,0,0,39.4,0
100172,21400.0,16,편의점,24.0,1110,356700.0,1091000.0,7.8,0,2,115.1,0
100418,,13,온라인쇼핑,25.0,2419,177500.0,596000.0,1.8,0,2,611.0,0
100994,107700.0,12,레스토랑,43.0,2446,129300.0,431000.0,42.2,0,5,172.0,0
100838,205900.0,7,여행/항공,30.0,859,364800.0,1228000.0,11.3,0,1,24.8,0
101043,594900.0,15,여행/항공,42.0,1156,346000.0,1099000.0,6.3,0,2,580.6,1
100960,115500.0,21,온라인쇼핑,42.0,1144,298200.0,914000.0,0.3,0,2,82.2,0
100604,59200.0,21,레스토랑,26.0,1587,677400.0,1796000.0,14.6,0,4,148.8,0
100980,41100.0,11,온라인쇼핑,50.0,1292,,697000.0,1.7,0,2,352.6,0
100883,191400.0,11,전자기기,44.0,376,369000.0,1092000.0,11.4,0,1,88.0,0
100461,195500.0,13,전자기기,59.0,3109,108100.0,355000.0,10.1,0,1,63.1,0
100044,41500.0,10,생활용품,38.0,2816,953800.0,2637000.0,16.3,0,2,74.2,0
100638,204300.0,21,여행/항공,35.0,409,153700.0,443000.0,7.0,0,3,7.9,0
100424,55700.0,22,레스토랑,51.0,3255,113000.0,300000.0,55.1,0,0,974.8,0
100728,75200.0,11,전자기기,23.0,3586,104800.0,314000.0,7.9,0,3,52.5,0
100316,435000.0,17,여행/항공,55.0,459,175700.0,479000.0,14.7,0,4,683.7,1
100377,520900.0,3,전자기기,60.0,1286,201400.0,642000.0,21.7,0,2,120.1,1
100525,28400.0,3,레스토랑,36.0,2874,355900.0,1120000.0,57.2,0,3,316.0,0
100333,79800.0,5,주유소,36.0,1170,661800.0,2193000.0,56.1,0,1,73.2,0
100439,151500.0,12,전자기기,23.0,3449,343700.0,1108000.0,19.8,0,2,24.7,0
101029,269800.0,13,전자기기,50.0,2510,187200.0,566000.0,9.7,0,2,301.5,0
100151,131500.0,7,온라인쇼핑,66.0,3042,701400.0,2310000.0,26.4,0,1,12.6,0
100038,48800.0,14,생활용품,65.0,2399,50000.0,300000.0,4.5,0,2,372.8,0
100557,271300.0,22,온라인쇼핑,60.0,3934,240500.0,638000.0,22.3,1,1,78.0,0
100926,33300.0,15,주유소,71.0,1641,321500.0,1083000.0,25.2,0,3,1.0,0
100751,11549300.0,7,주유소,72.0,2146,197100.0,623000.0,,1,1,2.8,0
101079,154500.0,22,온라인쇼핑,42.0,1169,241600.0,724000.0,45.2,0,4,308.2,0
101073,13200.0,21,편의점,61.0,120,74000.0,300000.0,22.2,0,4,61.7,0
100725,,0,생활용품,63.0,1642,96900.0,317000.0,1.9,0,1,19.1,0
100822,44500.0,20,생활용품,56.0,3683,191000.0,501000.0,29.9,0,3,101.5,0
100410,6900.0,3,레스토랑,19.0,3424,,944000.0,14.6,0,3,0.3,0
100144,289300.0,9,전자기기,41.0,32,223200.0,574000.0,13.7,0,2,566.4,0
100977,215700.0,8,전자기기,24.0,1241,300600.0,790000.0,,0,1,2.0,1
100527,183900.0,0,여행/항공,70.0,611,272700.0,749000.0,29.0,0,3,99.3,0
100844,95000.0,0,온라인쇼핑,21.0,2561,282100.0,888000.0,3.9,0,1,120.8,0
100584,188900.0,18,전자기기,21.0,3464,50000.0,300000.0,0.6,0,2,55.3,0
100567,288800.0,7,전자기기,31.0,2588,284900.0,860000.0,7.6,0,1,190.2,0
100943,35500.0,6,주유소,70.0,3222,306100.0,907000.0,8.6,0,3,106.3,0
100209,117500.0,2,여행/항공,33.0,425,88500.0,323000.0,8.2,0,1,88.5,0
100857,72800.0,17,편의점,32.0,1744,506600.0,1645000.0,21.6,0,1,63.3,0
100441,133000.0,21,온라인쇼핑,73.0,2947,309600.0,1016000.0,11.5,1,5,137.7,1
100132,6500.0,7,편의점,50.0,2961,168000.0,512000.0,26.7,0,3,1.0,0
100381,53100.0,20,전자기기,19.0,372,,1375000.0,16.5,0,2,472.6,0
100175,48100.0,18,전자기기,58.0,3467,143400.0,390000.0,1.0,0,4,150.9,0
100534,245000.0,12,전자기기,34.0,3187,405000.0,1164000.0,25.3,0,4,133.1,1
100704,45500.0,21,여행/항공,,653,290100.0,913000.0,5.0,0,1,183.6,0
100271,51400.0,7,여행/항공,35.0,3800,240400.0,781000.0,6.8,0,1,78.2,0
100408,,7,편의점,27.0,3095,275800.0,743000.0,25.3,0,2,66.3,0
100991,145100.0,8,레스토랑,38.0,2807,314500.0,816000.0,,0,2,47.7,0
100124,11400.0,23,주유소,45.0,2706,454900.0,1326000.0,18.6,0,3,29.6,0
100139,6700.0,23,편의점,38.0,421,663300.0,1906000.0,8.3,0,4,77.7,0
100880,40900.0,11,주유소,54.0,1380,203500.0,515000.0,21.6,1,1,53.2,0
100052,12200.0,12,주유소,29.0,1917,243300.0,795000.0,29.9,0,3,87.4,0
100733,14300.0,1,편의점,70.0,723,208800.0,579000.0,28.4,1,3,392.5,0
100625,2100.0,15,주유소,52.0,3079,539400.0,1720000.0,,0,1,220.3,0
100778,639400.0,12,여행/항공,25.0,515,241400.0,776000.0,7.2,0,1,138.3,1
100276,6200.0,0,편의점,46.0,3261,211700.0,666000.0,19.7,0,1,197.4,0
100785,528300.0,1,여행/항공,45.0,599,213300.0,719000.0,7.6,0,4,95.6,1
100504,50900.0,18,온라인쇼핑,67.0,2388,427100.0,1189000.0,8.8,0,5,148.8,0
100343,86900.0,3,주유소,53.0,131,406400.0,1077000.0,12.2,0,1,79.1,0
100257,34900.0,16,생활용품,56.0,1397,406800.0,1293000.0,18.1,0,1,268.2,0
100183,121300.0,9,주유소,46.0,1708,396700.0,1234000.0,,0,2,197.1,0
100618,202800.0,19,온라인쇼핑,33.0,1878,180300.0,505000.0,30.8,0,2,43.2,0
100301,65300.0,0,레스토랑,39.0,1185,165800.0,476000.0,4.5,0,1,103.8,0
100959,155800.0,14,전자기기,73.0,1132,95000.0,300000.0,7.7,0,2,516.5,0
100691,279300.0,15,온라인쇼핑,74.0,1709,701800.0,2266000.0,27.5,0,4,200.5,1
100049,12725100.0,6,전자기기,56.0,3214,223000.0,627000.0,24.6,0,2,5.0,0
100241,64400.0,19,생활용품,26.0,1234,223900.0,643000.0,24.8,0,5,255.7,0
100231,22800.0,18,편의점,44.0,3922,50000.0,300000.0,,0,1,465.7,0
100666,23100.0,20,주유소,57.0,456,57200.0,300000.0,57.7,0,0,37.7,0
100327,112300.0,8,편의점,32.0,1969,393600.0,1192000.0,13.3,0,2,202.2,0
100718,27700.0,21,온라인쇼핑,46.0,3043,261200.0,888000.0,11.5,0,4,198.0,0
100459,4400.0,23,편의점,66.0,956,304500.0,819000.0,18.1,0,2,120.7,0
100682,28800.0,17,생활용품,26.0,3812,243000.0,717000.0,10.5,0,1,291.4,0
100807,120900.0,18,주유소,49.0,2121,111600.0,378000.0,7.5,1,1,85.8,0
100663,199400.0,14,여행/항공,20.0,2698,376700.0,1093000.0,19.4,0,2,111.3,0
101042,81000.0,12,주유소,66.0,1648,444600.0,1433000.0,10.5,0,3,56.2,0
100466,390000.0,16,온라인쇼핑,73.0,704,311400.0,1066000.0,,0,4,192.4,1
100164,120600.0,19,온라인쇼핑,41.0,3415,277800.0,817000.0,19.4,0,1,43.6,0
100168,79600.0,22,온라인쇼핑,28.0,2367,427500.0,1105000.0,16.4,0,2,327.1,0
100146,7500.0,20,편의점,66.0,2065,74500.0,300000.0,13.0,0,2,284.9,0
100207,4100.0,5,편의점,61.0,1386,323900.0,904000.0,2.1,0,3,55.0,0
100501,532300.0,18,전자기기,25.0,771,94600.0,300000.0,42.8,0,3,172.4,1
100189,42100.0,9,레스토랑,32.0,3104,282500.0,750000.0,1.8,0,4,141.8,0
101034,114800.0,12,온라인쇼핑,36.0,2584,302000.0,860000.0,36.6,0,1,19.9,0
100325,23700.0,3,편의점,73.0,3908,106200.0,320000.0,23.8,0,3,35.8,0
100658,31400.0,9,편의점,54.0,1933,375100.0,1137000.0,32.6,0,1,208.7,0
100671,52600.0,16,생활용품,72.0,1261,704900.0,2067000.0,13.9,0,2,131.9,0
100739,189400.0,16,레스토랑,60.0,259,370800.0,1011000.0,48.2,0,3,95.5,0
101150,200700.0,20,여행/항공,66.0,3573,369700.0,1240000.0,3.9,0,1,51.3,0
101139,120800.0,15,온라인쇼핑,60.0,3746,66800.0,300000.0,36.4,0,3,249.6,0
100715,49300.0,11,주유소,70.0,3343,55300.0,300000.0,18.7,0,4,309.8,0
100811,16600.0,11,주유소,21.0,3361,318100.0,883000.0,25.7,0,1,0.0,0
101114,,22,온라인쇼핑,35.0,2073,144000.0,444000.0,19.5,1,2,115.3,0
100088,61700.0,6,편의점,36.0,508,264600.0,824000.0,10.9,0,2,250.6,0
100882,13500.0,17,편의점,66.0,721,308200.0,1022000.0,12.7,0,2,180.2,0
100576,263200.0,22,온라인쇼핑,39.0,3135,59500.0,300000.0,13.2,0,2,116.5,0
100080,97100.0,11,온라인쇼핑,56.0,1163,50000.0,300000.0,30.0,0,3,364.7,0
101085,261700.0,13,여행/항공,30.0,2360,380900.0,1208000.0,28.4,0,3,76.6,0
100232,223000.0,0,온라인쇼핑,66.0,1148,232000.0,731000.0,2.5,0,2,163.6,0
100688,38100.0,10,편의점,52.0,1228,,697000.0,20.4,0,3,258.5,0
100167,59500.0,12,주유소,36.0,2842,522100.0,1612000.0,16.0,0,1,542.2,0
101099,27000.0,16,편의점,21.0,635,129100.0,401000.0,11.9,0,3,76.1,0
100230,11397500.0,5,편의점,28.0,2170,223000.0,726000.0,13.7,0,1,279.0,0
100724,82700.0,12,생활용품,25.0,3767,236100.0,818000.0,13.7,0,2,14.7,0
101146,48600.0,7,온라인쇼핑,46.0,3208,295800.0,829000.0,2.8,0,1,33.2,0
101054,111500.0,14,온라인쇼핑,72.0,1354,219700.0,559000.0,7.1,0,1,118.1,0
100916,72400.0,19,생활용품,44.0,2043,193300.0,547000.0,6.2,0,2,235.7,0
100801,50000.0,12,생활용품,19.0,3662,262200.0,824000.0,31.4,0,2,690.9,0
100741,241200.0,2,전자기기,64.0,753,525800.0,1530000.0,13.0,0,3,284.5,0
100101,31800.0,12,온라인쇼핑,65.0,979,175900.0,597000.0,20.0,0,3,388.0,0
100291,48800.0,10,전자기기,64.0,3121,672500.0,2109000.0,39.6,0,1,249.5,0
100756,23300.0,18,편의점,43.0,990,,532000.0,21.3,0,2,260.4,0
100445,38500.0,14,레스토랑,47.0,2812,449200.0,1297000.0,11.8,0,3,427.2,0
100879,100600.0,16,주유소,49.0,2109,536600.0,1517000.0,15.2,0,4,347.2,0
100447,216500.0,1,온라인쇼핑,36.0,2641,1055900.0,3659000.0,,0,1,15.7,0
100054,325900.0,1,여행/항공,45.0,3049,272500.0,760000.0,3.5,0,1,3.4,1
100740,64900.0,13,편의점,69.0,1807,415200.0,1175000.0,6.0,0,2,340.9,0
100392,212100.0,7,전자기기,29.0,977,346600.0,1077000.0,7.0,0,3,5.4,0
100087,191900.0,1,온라인쇼핑,150.0,33,567700.0,1844000.0,20.3,0,1,145.1,0
100938,79800.0,10,전자기기,27.0,2656,125500.0,391000.0,5434.7,0,1,133.4,0
100667,53000.0,0,여행/항공,47.0,947,278300.0,787000.0,15.6,0,3,36.9,0
101071,195300.0,14,전자기기,56.0,3784,376000.0,1004000.0,27.1,0,1,51.5,0
100476,189100.0,4,여행/항공,62.0,3972,190400.0,548000.0,19.9,0,1,182.7,0
100045,56400.0,20,레스토랑,22.0,2110,,1425000.0,3.0,0,3,51.4,0
100789,397300.0,10,전자기기,49.0,3839,425500.0,1433000.0,3.6,0,0,464.1,0
101003,70800.0,1,레스토랑,50.0,3428,165000.0,543000.0,21.2,0,3,109.0,0
100025,12500.0,20,편의점,62.0,49,179300.0,419000.0,26.9,0,3,423.5,0
100833,50400.0,22,레스토랑,44.0,230,97000.0,300000.0,57.7,0,0,63.9,0
100592,177000.0,17,전자기기,69.0,2978,311600.0,981000.0,33.6,0,4,104.7,1
100474,161800.0,5,온라인쇼핑,45.0,81,447600.0,1296000.0,14.5,0,5,314.4,0
100974,179700.0,4,온라인쇼핑,45.0,2446,125200.0,359000.0,2.9,0,1,66.6,1
100110,26500.0,21,생활용품,58.0,3211,364000.0,1271000.0,2.2,0,5,515.9,0
100223,43600.0,0,편의점,58.0,1807,122400.0,359000.0,,0,4,297.5,0
100723,12966900.0,17,생활용품,66.0,2419,516600.0,1368000.0,22.4,0,1,7.0,0
100056,158700.0,23,온라인쇼핑,21.0,3614,573100.0,1661000.0,,0,2,238.4,0
100769,20500.0,10,주유소,26.0,1814,310500.0,807000.0,13.3,0,0,7.3,0
100254,100200.0,22,전자기기,37.0,1300,266700.0,771000.0,37.0,0,2,45.6,0
100643,235200.0,19,온라인쇼핑,66.0,1385,570700.0,1603000.0,21.2,1,2,1.2,1
100546,27500.0,10,편의점,21.0,2735,74100.0,300000.0,20.0,0,2,291.6,0
100478,184100.0,12,온라인쇼핑,19.0,2344,458000.0,1202000.0,6.9,0,1,39.7,0
100950,22100.0,2,전자기기,34.0,998,60500.0,300000.0,17.3,1,3,151.5,0
100844,95000.0,0,온라인쇼핑,21.0,2561,282100.0,888000.0,3.9,0,1,120.8,0
100064,17600.0,23,편의점,73.0,3469,334000.0,939000.0,11.1,0,3,52.6,0
100414,57800.0,12,생활용품,26.0,3676,139800.0,384000.0,18.4,0,3,18.0,0
100385,31700.0,8,온라인쇼핑,20.0,3268,172100.0,452000.0,14.2,0,0,56.4,0
100975,10000.0,23,편의점,27.0,2985,141200.0,434000.0,14.9,1,3,1.0,0
100885,307100.0,16,온라인쇼핑,64.0,3944,556900.0,1678000.0,4.1,0,2,150.0,0
100452,129200.0,14,온라인쇼핑,70.0,2958,134500.0,447000.0,10.0,1,3,17.8,0
100657,197200.0,2,온라인쇼핑,61.0,49,348400.0,893000.0,20.2,0,1,94.6,0
100370,,12,온라인쇼핑,62.0,1851,534700.0,1609000.0,38.0,0,3,151.5,0
100690,116600.0,6,여행/항공,62.0,2218,,1409000.0,23.3,0,4,268.9,0
100220,240700.0,18,전자기기,69.0,2543,271000.0,790000.0,8.4,0,0,184.9,0
101116,76100.0,9,온라인쇼핑,46.0,394,410000.0,1349000.0,31.3,0,1,81.0,0
100022,132200.0,19,여행/항공,39.0,2528,480900.0,1344000.0,7.4,0,4,81.4,0
100761,84600.0,10,온라인쇼핑,28.0,311,239100.0,684000.0,30.5,0,5,528.4,0
100870,16300.0,11,편의점,21.0,1852,113900.0,305000.0,7.1,1,2,141.4,0
100421,17800.0,9,편의점,70.0,331,427800.0,1141000.0,30.4,0,6,218.3,0
100200,147600.0,4,온라인쇼핑,72.0,2386,225800.0,742000.0,8.9,0,4,39.0,0
100451,98000.0,8,생활용품,72.0,1216,287100.0,930000.0,12.1,0,1,28.5,0
101020,20700.0,2,편의점,25.0,3913,391400.0,1314000.0,21.1,0,2,72.5,0
100912,134800.0,21,전자기기,29.0,2253,216900.0,634000.0,5.4,0,2,24.1,0
100697,140800.0,10,전자기기,59.0,1619,513200.0,1479000.0,17.4,0,3,182.7,0
100812,66900.0,5,편의점,68.0,3954,300100.0,800000.0,13.3,0,0,83.0,0
100726,39800.0,8,레스토랑,25.0,495,,497000.0,16.9,0,3,641.9,0
100911,176400.0,10,생활용품,62.0,3578,234800.0,774000.0,2.0,0,0,203.2,0
101050,,14,주유소,25.0,683,236700.0,822000.0,5.4,0,3,52.9,0
100506,23700.0,8,편의점,44.0,936,593000.0,1665000.0,37.7,1,1,227.0,0
100406,382900.0,6,여행/항공,47.0,663,203800.0,569000.0,14.2,0,1,11.3,1
100318,,18,전자기기,59.0,1547,411500.0,1056000.0,23.9,0,3,85.0,1
100184,71800.0,11,생활용품,57.0,3232,193800.0,593000.0,22.4,0,2,334.0,0
101105,4500.0,14,생활용품,36.0,1190,213100.0,665000.0,4.8,0,5,78.5,0
100610,24200.0,13,생활용품,67.0,2330,331600.0,986000.0,10.2,0,4,44.6,0
100627,457300.0,0,여행/항공,37.0,1339,215300.0,597000.0,7.5,0,1,24.4,1
100486,29500.0,0,편의점,32.0,2151,434900.0,1282000.0,28.7,1,2,30.1,0
100279,26200.0,13,레스토랑,22.0,1079,127200.0,371000.0,31.3,0,2,7.6,0
100631,58900.0,9,온라인쇼핑,60.0,201,222300.0,654000.0,4.5,0,2,109.1,0
100021,54400.0,18,편의점,47.0,2521,323400.0,1124000.0,15.4,0,0,77.3,0
100171,36800.0,0,편의점,24.0,471,531600.0,1618000.0,8.0,0,3,116.5,0
100902,337900.0,0,온라인쇼핑,21.0,1220,410500.0,1231000.0,15.3,0,1,86.7,1
101040,12210300.0,10,생활용품,65.0,2350,83400.0,300000.0,5.3,0,1,57.9,0
100177,10100.0,14,편의점,59.0,2722,443000.0,1274000.0,6.1,0,5,77.9,0
100328,45100.0,18,생활용품,21.0,1585,90200.0,300000.0,5.8,0,2,32.5,0
100707,362700.0,23,전자기기,19.0,1509,669800.0,2196000.0,16.1,1,4,14.2,1
100471,77200.0,4,온라인쇼핑,60.0,1070,93700.0,300000.0,7.4,0,2,20.5,0
101098,21400.0,9,주유소,61.0,717,395600.0,1102000.0,,0,2,12.9,0
100267,47500.0,10,주유소,44.0,2545,124400.0,383000.0,31.9,0,1,99.1,0
100616,103500.0,6,온라인쇼핑,54.0,3742,50000.0,300000.0,45.6,0,6,138.7,0
100131,166500.0,11,전자기기,50.0,2963,413900.0,1168000.0,22.0,0,1,317.5,0
100866,37700.0,4,편의점,58.0,1286,380400.0,1116000.0,13.0,0,0,72.3,0
101141,39200.0,15,생활용품,68.0,1587,300600.0,1008000.0,,0,3,703.3,0
101101,3500.0,6,주유소,45.0,2033,123500.0,405000.0,19.9,0,4,300.1,0
100490,432200.0,4,여행/항공,52.0,1103,239400.0,611000.0,9.1,0,1,105.5,1
100607,33000.0,22,온라인쇼핑,37.0,1402,215800.0,725000.0,41.8,0,3,730.2,0
100417,66700.0,16,온라인쇼핑,73.0,3873,115300.0,358000.0,7770.6,0,1,387.1,0
100153,203000.0,10,여행/항공,70.0,2803,232800.0,713000.0,3.6,0,1,355.2,0
100890,,14,여행/항공,34.0,1806,163100.0,503000.0,92.9,0,1,288.8,0
100850,9500.0,14,편의점,52.0,1134,506200.0,1421000.0,7.8,0,2,14.3,0
100280,46000.0,20,편의점,23.0,3153,265800.0,739000.0,104.9,0,2,440.0,0
101035,18900.0,13,편의점,22.0,2540,255600.0,667000.0,22.5,0,1,196.5,0
100270,34700.0,5,생활용품,52.0,1912,263600.0,842000.0,0.6,0,1,30.6,0
100097,147000.0,6,주유소,32.0,3441,128200.0,335000.0,27.3,0,6,359.1,1
100211,97600.0,23,주유소,33.0,343,209800.0,623000.0,12.1,0,3,469.7,0
100570,73000.0,21,레스토랑,50.0,2075,245300.0,646000.0,15.8,0,3,92.4,0
101147,258500.0,13,여행/항공,48.0,682,83200.0,300000.0,17.2,0,4,210.3,1
100872,84800.0,2,온라인쇼핑,30.0,2644,294600.0,935000.0,20.5,0,2,55.3,0
100533,186800.0,14,여행/항공,,155,270600.0,839000.0,85.7,0,0,402.8,0
101144,50800.0,22,전자기기,66.0,2999,278800.0,899000.0,17.8,0,2,60.4,0
101100,277800.0,1,전자기기,43.0,1702,50000.0,300000.0,11.0,0,3,10.2,1
100713,69300.0,3,생활용품,59.0,3393,270300.0,846000.0,33.3,0,5,107.7,0
100078,14600.0,8,편의점,31.0,3938,138900.0,345000.0,35.2,0,0,68.5,0
100264,148200.0,21,생활용품,70.0,3171,224800.0,630000.0,10.8,0,1,175.0,0
100747,80000.0,6,주유소,48.0,2303,566300.0,1661000.0,7.3,0,5,8.0,0
100150,15200.0,14,편의점,22.0,132,181800.0,599000.0,8.3,0,2,197.2,0
100470,41300.0,6,온라인쇼핑,71.0,3967,154100.0,491000.0,46.4,1,2,388.3,0
100565,258300.0,23,전자기기,68.0,2583,356900.0,1194000.0,5.7,0,5,60.8,1
100462,11100.0,19,레스토랑,26.0,587,369300.0,1236000.0,4.3,0,2,117.8,0
100897,22800.0,17,편의점,47.0,1819,263200.0,793000.0,5.6,0,2,511.0,0
100696,125000.0,21,주유소,33.0,2472,99400.0,329000.0,9.1,0,2,42.6,0
100929,94700.0,14,전자기기,42.0,1045,199000.0,675000.0,25.6,0,3,375.6,0
100587,93700.0,8,레스토랑,57.0,2018,266900.0,831000.0,12.4,0,4,11.0,0
100244,218700.0,1,온라인쇼핑,55.0,2973,184900.0,574000.0,13.7,0,0,60.3,0
101112,73700.0,6,생활용품,32.0,3997,340300.0,900000.0,4.0,0,2,48.6,0
100752,267500.0,15,온라인쇼핑,27.0,2130,412800.0,1057000.0,2.3,0,1,131.3,0
100649,77200.0,18,주유소,72.0,1923,226100.0,724000.0,,0,2,220.9,0
100596,,2,주유소,63.0,3917,162200.0,421000.0,12.5,0,4,482.2,0
100314,173900.0,10,전자기기,34.0,218,57400.0,300000.0,9.0,0,2,306.7,0
100934,43100.0,5,온라인쇼핑,55.0,2674,144900.0,403000.0,3.3,0,3,21.5,0
100156,79800.0,0,생활용품,56.0,2691,400000.0,1196000.0,18.1,0,3,72.7,0
101000,34500.0,18,온라인쇼핑,47.0,3418,120800.0,381000.0,6.3,0,1,139.3,0
101047,127100.0,16,온라인쇼핑,32.0,1173,272700.0,862000.0,6.1,0,1,138.7,0
100026,,17,여행/항공,55.0,1365,181400.0,558000.0,2.4,0,3,105.0,1
100197,18300.0,9,편의점,38.0,3424,169900.0,495000.0,13.7,0,0,228.9,0
101089,286400.0,17,전자기기,55.0,1912,470000.0,1441000.0,43.3,0,4,3.7,1
100016,28100.0,6,레스토랑,63.0,433,488600.0,1253000.0,22.0,0,1,96.7,0
100884,10700.0,4,편의점,27.0,2717,275900.0,890000.0,13.2,0,2,18.4,0
100622,94800.0,15,레스토랑,45.0,1518,262800.0,805000.0,1.7,0,5,76.0,0
101051,129600.0,0,온라인쇼핑,47.0,1473,172900.0,556000.0,26.1,0,4,16.7,0
101068,,16,생활용품,54.0,3994,183600.0,561000.0,6.1,0,1,30.0,0
100498,25500.0,4,레스토랑,39.0,2659,140200.0,427000.0,20.8,0,1,544.8,0
100793,,13,편의점,59.0,3499,286500.0,784000.0,14.3,0,1,116.6,0
100965,121900.0,16,온라인쇼핑,72.0,2970,178900.0,503000.0,3.0,0,3,65.3,0
100516,57800.0,6,레스토랑,24.0,1593,50000.0,300000.0,3.4,1,2,319.6,0
101096,175400.0,2,온라인쇼핑,23.0,3332,277500.0,907000.0,42.0,0,6,222.2,0
100543,78400.0,14,전자기기,29.0,2634,193100.0,590000.0,34.0,0,2,308.6,0
100457,22300.0,22,생활용품,27.0,604,341900.0,1081000.0,14.3,0,0,413.0,0
100634,22400.0,10,온라인쇼핑,40.0,3820,165200.0,435000.0,20.8,0,1,62.0,0
100432,145100.0,16,전자기기,60.0,877,483900.0,1526000.0,1.4,0,4,310.0,0
100628,17400.0,1,편의점,39.0,664,213600.0,687000.0,32.4,0,4,25.1,0
100729,11000.0,13,주유소,46.0,2911,136200.0,395000.0,28.2,0,0,63.3,0
100210,9600.0,4,온라인쇼핑,62.0,1471,267400.0,835000.0,4.7,1,3,40.2,0
100317,16600.0,5,편의점,59.0,2547,314300.0,859000.0,39.5,0,2,35.3,0
100514,98200.0,13,온라인쇼핑,64.0,2220,195700.0,707000.0,6.0,0,3,224.8,0
100830,99900.0,23,온라인쇼핑,20.0,3180,120900.0,388000.0,3.0,0,3,189.0,0
100320,52800.0,2,온라인쇼핑,62.0,256,,828000.0,10.4,1,1,50.0,0
101032,64800.0,0,생활용품,28.0,972,290600.0,805000.0,34.9,0,2,340.1,0
100142,35000.0,3,주유소,,3434,468100.0,1494000.0,28.2,0,3,373.8,0
101111,134100.0,4,여행/항공,54.0,109,166200.0,526000.0,9.9,0,0,168.3,0
100754,69700.0,11,온라인쇼핑,71.0,1004,164500.0,406000.0,5.5,0,1,65.9,0
101002,150500.0,7,온라인쇼핑,60.0,1299,283200.0,697000.0,1.8,0,2,97.1,0
100581,160200.0,20,생활용품,,3118,197100.0,542000.0,,0,2,40.1,1
100563,113800.0,3,생활용품,46.0,3521,84800.0,300000.0,18.0,0,1,72.5,0
100399,,8,전자기기,34.0,1983,196200.0,579000.0,6.8,0,2,251.8,0
100669,22100.0,0,편의점,70.0,554,711700.0,1880000.0,47.6,0,4,302.9,0
100253,133400.0,22,생활용품,29.0,1209,193600.0,576000.0,54.3,0,1,548.9,0
100908,21000.0,8,편의점,28.0,2957,162100.0,524000.0,15.9,0,3,43.7,0
100469,60900.0,22,생활용품,29.0,498,93200.0,300000.0,18.9,0,0,217.4,0
100915,47500.0,17,편의점,52.0,2364,50000.0,300000.0,23.4,0,2,103.6,0
100358,32500.0,13,편의점,68.0,1927,298200.0,912000.0,14.1,0,3,328.3,0
100509,22100.0,19,편의점,34.0,3358,584300.0,1733000.0,2.3,0,5,267.3,0
100750,133200.0,6,온라인쇼핑,27.0,1367,358100.0,1077000.0,15.6,0,1,282.4,0
100130,56400.0,12,주유소,54.0,3463,560300.0,1527000.0,10.1,0,4,95.2,0
100145,400100.0,7,전자기기,74.0,3807,138400.0,379000.0,8.9,0,3,167.1,1
100961,96200.0,13,편의점,27.0,1135,123100.0,330000.0,30.2,0,1,25.1,0
100848,91800.0,13,전자기기,21.0,3973,280300.0,766000.0,12.1,0,1,32.1,0
100716,66000.0,6,레스토랑,63.0,1628,687100.0,2228000.0,11.5,0,5,478.7,0
100906,16700.0,2,편의점,58.0,1474,349800.0,994000.0,50.9,0,1,196.0,0
101097,556500.0,5,전자기기,65.0,2308,,1227000.0,20.5,0,1,441.0,1
100236,76800.0,6,온라인쇼핑,59.0,951,274400.0,805000.0,32.8,0,1,14.2,0
101062,9000.0,17,편의점,57.0,3100,323700.0,984000.0,23.9,1,2,30.6,0
