emp_id,age,department,business_travel,distance_from_home,education_level,marital_status,monthly_income,num_companies_worked,overtime,total_working_years,years_at_company,job_satisfaction,environment_satisfaction,work_life_balance,performance_rating,attrition
10524,52,HR,Travel_Frequently,3.6,2,Single,5730.0,3,No,25.6,16.7,4.0,3,3.0,3,No
10603,49,R&D,Travel_Rarely,33.7,2,Divorced,5970.0,6,No,27.1,5.7,3.0,3,4.0,4,No
10527,56,Sales,Travel_Rarely,11.4,3,Married,7560.0,6,No,35.5,20.4,1.0,2,2.0,3,No
10032,29,Sales,Travel_Rarely,8.0,4,Married,4050.0,3,Yes,7.9,6.3,4.0,2,1.0,4,No
10617,29,R&D,Travel_Rarely,7.8,2,Divorced,2940.0,7,Yes,5.8,1.3,1.0,3,,3,Yes
10586,56,Sales,Travel_Rarely,16.0,4,Married,6810.0,5,No,30.8,17.8,2.0,3,3.0,3,No
10445,40,R&D,Travel_Rarely,2.0,2,Married,4870.0,3,No,16.5,14.0,4.0,3,3.0,3,No
10733,56,Sales,Travel_Rarely,8.3,1,Single,6530.0,2,Yes,22.9,13.5,2.0,3,1.0,3,No
10077,33,Sales,Travel_Rarely,15.2,3,Divorced,4100.0,2,No,13.7,10.6,3.0,4,4.0,4,No
10412,29,Sales,Travel_Frequently,1.8,4,Divorced,2840.0,3,Yes,7.7,5.4,1.0,1,1.0,4,Yes
10569,45,R&D,Travel_Frequently,11.7,4,Single,4720.0,2,Yes,15.5,13.9,4.0,2,3.0,4,No
10071,51,HR,Non-Travel,17.3,3,Married,6010.0,9,No,23.6,3.9,1.0,3,2.0,4,Yes
10676,49,Sales,Non-Travel,1.8,2,Married,6470.0,2,No,25.6,24.6,4.0,2,3.0,2,No
10102,27,Sales,Travel_Rarely,11.3,5,Single,3150.0,3,No,6.5,4.4,3.0,2,2.0,3,No
10895,49,Sales,Travel_Rarely,4.4,5,Married,6080.0,4,No,25.3,7.7,1.0,1,1.0,3,No
10926,57,R&D,Travel_Rarely,1.7,1,Married,7440.0,2,No,27.1,20.4,3.0,4,2.0,4,No
10630,34,Sales,Travel_Frequently,5.0,4,Divorced,3850.0,3,No,14.7,8.0,2.0,4,3.0,4,No
10300,20,R&D,Travel_Rarely,8.9,4,Single,2310.0,1,Yes,0.1,0.0,1.0,2,2.0,3,Yes
10925,29,R&D,Travel_Rarely,9.9,5,Divorced,3210.0,2,No,7.7,4.9,4.0,4,3.0,3,No
10425,36,Sales,Travel_Rarely,2.1,3,Single,3240.0,3,Yes,7.6,4.4,2.0,1,2.0,3,Yes
10097,29,Sales,Travel_Rarely,59.0,1,Divorced,3030.0,4,No,6.8,3.0,1.0,3,4.0,4,Yes
10901,20,Sales,Travel_Rarely,22.9,3,Married,2810.0,2,No,2.4,1.6,2.0,3,4.0,3,No
10261,51,HR,Travel_Rarely,18.2,3,Married,7230.0,3,No,29.0,16.8,,3,3.0,3,No
10351,41,Sales,Non-Travel,6.8,4,Single,3790.0,3,No,11.2,8.6,1.0,1,2.0,3,No
10529,56,Sales,Travel_Rarely,9.5,4,Single,,2,No,31.0,21.0,4.0,3,2.0,2,No
10695,23,HR,Travel_Rarely,18.0,1,Married,2410.0,2,No,3.2,2.5,1.0,3,4.0,3,No
10362,55,Sales,Travel_Rarely,21.1,5,Married,7340.0,4,Yes,32.4,15.4,1.0,3,2.0,3,No
10612,38,R&D,Travel_Frequently,2.9,3,Married,3710.0,4,Yes,11.7,8.9,1.0,4,3.0,2,No
10885,52,R&D,Travel_Rarely,10.9,1,Divorced,7820.0,4,No,32.7,19.1,4.0,4,3.0,3,No
10721,25,Sales,Travel_Rarely,21.8,1,Married,3300.0,4,Yes,6.2,4.2,4.0,3,1.0,3,Yes
10487,33,R&D,Travel_Frequently,3.5,4,Married,2950.0,4,Yes,8.4,4.2,3.0,3,1.0,3,Yes
10694,57,HR,Travel_Rarely,6.6,4,Married,7930.0,3,Yes,35.0,20.2,2.0,4,1.0,4,No
10679,40,Sales,Non-Travel,9.8,5,Single,4640.0,0,No,14.2,13.9,1.0,1,3.0,3,No
10810,59,R&D,Travel_Rarely,8.1,3,Single,8420.0,2,No,37.5,30.9,3.0,3,1.0,4,No
10409,57,R&D,Travel_Rarely,12.2,4,Married,6330.0,5,No,25.4,8.9,4.0,4,1.0,3,No
10741,52,R&D,Travel_Rarely,8.8,4,Single,6520.0,1,Yes,29.4,24.8,1.0,2,4.0,3,Yes
10214,37,R&D,Travel_Rarely,2.9,3,Married,4740.0,1,No,17.0,15.0,1.0,4,1.0,4,No
10590,53,R&D,Travel_Rarely,12.5,5,Single,5750.0,5,No,24.1,8.5,3.0,2,4.0,1,No
10366,40,Sales,Travel_Rarely,184.7,1,Married,5090.0,4,Yes,20.2,15.8,1.0,3,4.0,3,No
10200,58,Sales,Travel_Rarely,5.4,4,Single,5490.0,7,No,27.5,6.5,4.0,4,2.0,3,No
10637,29,Sales,Travel_Frequently,7.4,3,Divorced,3150.0,1,No,8.4,7.5,2.0,3,1.0,4,No
10629,40,Sales,Travel_Rarely,32.4,2,Married,4370.0,1,No,16.3,14.2,2.0,3,1.0,2,No
10829,54,R&D,Travel_Rarely,9.7,4,Married,5900.0,6,No,25.5,6.7,1.0,4,1.0,2,No
10353,31,HR,Travel_Rarely,13.4,5,Single,3710.0,3,No,10.8,7.4,3.0,3,3.0,3,No
10330,42,Sales,Travel_Rarely,9.1,1,Married,5150.0,2,No,17.0,11.6,4.0,2,3.0,3,No
10982,48,Sales,Travel_Rarely,11.7,5,Married,4930.0,2,No,18.4,17.9,1.0,1,3.0,4,No
10838,27,R&D,Travel_Rarely,12.4,3,Married,2860.0,6,No,4.7,1.3,1.0,2,4.0,3,No
10245,45,Sales,Travel_Rarely,2.4,1,Single,,3,No,20.4,10.7,1.0,2,,3,No
10287,26,R&D,Travel_Rarely,8.7,5,Married,3570.0,1,No,4.7,2.4,1.0,3,2.0,3,Yes
10290,38,Sales,Travel_Rarely,33.6,1,Married,4420.0,4,No,16.5,8.3,4.0,2,1.0,3,Yes
10599,45,R&D,Non-Travel,11.4,3,Single,5260.0,6,No,22.7,7.6,1.0,4,4.0,4,No
10762,42,R&D,Travel_Rarely,15.9,2,Single,4180.0,1,No,15.6,12.8,4.0,2,1.0,4,No
10060,47,R&D,Travel_Rarely,2.2,2,Married,5230.0,3,No,18.6,16.6,3.0,2,3.0,4,No
10623,26,R&D,Non-Travel,9.7,2,Married,2170.0,5,Yes,3.9,2.3,1.0,4,4.0,4,No
10319,57,Sales,Travel_Rarely,25.7,1,Divorced,6890.0,1,No,29.7,23.3,3.0,2,4.0,1,No
10011,41,HR,Travel_Frequently,6.6,5,Married,4210.0,3,No,13.4,6.7,1.0,1,4.0,3,No
10238,37,R&D,Travel_Rarely,19.5,5,Married,4910.0,5,No,15.8,4.8,3.0,3,2.0,2,No
10332,34,R&D,Travel_Frequently,9.8,2,Married,,3,No,11.5,6.1,4.0,2,2.0,4,No
10706,42,Sales,Travel_Rarely,22.5,4,Divorced,4400.0,3,No,15.5,7.3,3.0,2,1.0,2,No
10087,23,Sales,Travel_Rarely,7.7,1,Married,2090.0,3,Yes,0.0,0.0,,2,2.0,4,Yes
10804,56,HR,Travel_Frequently,11.2,2,Divorced,6300.0,3,No,25.0,19.3,1.0,4,4.0,3,No
10175,47,R&D,Travel_Rarely,10.5,2,Single,6340.0,2,Yes,23.1,16.8,3.0,2,,2,No
10313,24,HR,Travel_Rarely,7.3,5,Married,2600.0,4,Yes,2.0,0.3,3.0,4,1.0,3,Yes
10463,49,Sales,Travel_Frequently,9.4,5,Single,4890.0,1,No,16.0,11.1,3.0,2,2.0,3,No
10219,37,HR,Travel_Frequently,27.5,1,Married,4970.0,5,Yes,13.6,3.5,4.0,3,3.0,3,No
10031,38,Sales,Travel_Rarely,8.2,1,Single,4690.0,5,No,14.8,4.3,1.0,4,3.0,3,No
10548,43,Sales,Travel_Rarely,4.6,4,Married,5230.0,3,Yes,19.3,8.9,1.0,1,4.0,3,Yes
10665,43,Sales,Non-Travel,9.3,2,Single,,2,Yes,15.1,11.7,3.0,4,2.0,3,No
10055,39,R&D,Travel_Rarely,3.0,3,Married,3350.0,0,No,9.2,6.5,1.0,3,2.0,3,No
10024,57,R&D,Travel_Rarely,21.5,4,Married,6600.0,2,No,31.6,24.0,1.0,3,3.0,3,No
10257,47,Sales,Travel_Rarely,10.4,5,Single,5290.0,4,No,18.9,10.3,3.0,4,3.0,3,No
10451,58,Sales,Travel_Rarely,10.8,2,Single,6920.0,4,No,29.7,11.7,2.0,2,3.0,4,No
10004,37,R&D,Travel_Rarely,5.4,5,Married,4470.0,2,No,14.3,13.3,3.0,3,3.0,2,No
10834,25,HR,Travel_Frequently,3.4,2,Single,3020.0,2,Yes,4.3,3.6,1.0,1,4.0,4,Yes
10553,53,R&D,Travel_Rarely,15.0,4,Married,5720.0,5,No,24.4,14.2,2.0,1,1.0,3,No
10639,51,HR,Non-Travel,10.6,5,Married,4560.0,2,No,16.5,12.7,3.0,1,3.0,3,No
10478,20,Sales,Travel_Rarely,6.7,3,Married,2760.0,5,No,0.0,0.2,,4,3.0,3,No
10957,36,Sales,Travel_Rarely,13.3,3,Married,3560.0,2,No,9.9,8.3,2.0,2,3.0,3,No
10663,21,R&D,Non-Travel,2.6,2,Divorced,2410.0,5,No,0.0,0.0,1.0,4,4.0,4,Yes
10519,39,R&D,Travel_Frequently,13.4,5,Single,4370.0,3,No,14.1,9.7,2.0,1,1.0,3,Yes
10961,26,Sales,Non-Travel,15.0,5,Divorced,2330.0,1,No,2.7,2.9,4.0,2,,3,No
10954,37,Sales,Travel_Frequently,8.0,2,Divorced,4460.0,4,Yes,14.5,8.3,4.0,1,1.0,3,Yes
10980,42,Sales,Non-Travel,15.5,3,Single,4880.0,3,No,17.2,14.8,3.0,4,3.0,3,No
10576,34,R&D,Non-Travel,60.0,4,Divorced,4270.0,3,No,11.3,8.0,2.0,3,1.0,4,No
10540,20,HR,Travel_Rarely,13.6,5,Divorced,3630.0,3,No,3.3,1.7,3.0,4,3.0,1,No
10216,30,Sales,Travel_Frequently,7.5,1,Married,3070.0,3,No,4.3,2.5,3.0,3,3.0,3,No
10738,33,Sales,Non-Travel,185.6,4,Divorced,4280.0,4,Yes,10.0,3.7,1.0,1,2.0,2,Yes
10999,58,R&D,Travel_Rarely,27.0,4,Married,5830.0,5,No,25.3,10.1,2.0,3,2.0,3,No
10714,50,Sales,Travel_Rarely,20.3,1,Single,5920.0,6,Yes,20.8,11.4,1.0,2,2.0,4,No
10668,54,R&D,Travel_Rarely,3.5,1,Married,6670.0,24,No,26.9,21.3,3.0,2,2.0,3,No
10040,45,Sales,Travel_Rarely,20.5,2,Single,5350.0,2,Yes,21.6,17.4,2.0,4,2.0,3,No
10232,54,Sales,Travel_Rarely,10.6,2,Married,5060.0,4,No,18.7,13.2,3.0,3,4.0,3,No
10495,31,R&D,Travel_Frequently,1.4,2,Married,3720.0,2,Yes,11.0,4.5,1.0,2,2.0,3,No
10705,25,R&D,Travel_Rarely,12.3,1,Single,2410.0,1,No,4.0,3.6,3.0,2,3.0,1,Yes
10968,32,R&D,Non-Travel,8.3,3,Married,2930.0,1,Yes,7.4,7.3,2.0,1,1.0,2,Yes
10067,56,Sales,Non-Travel,11.1,1,Single,7620.0,0,No,34.4,31.6,,3,2.0,2,No
10295,41,Sales,Travel_Rarely,25.7,2,Divorced,4800.0,2,No,14.5,13.5,2.0,2,,3,No
10068,34,Sales,Travel_Rarely,6.9,4,Single,3500.0,5,No,8.5,5.8,3.0,3,,3,No
10480,24,Sales,Travel_Rarely,20.9,4,Married,3030.0,0,Yes,1.5,2.0,3.0,4,1.0,4,Yes
10329,25,Sales,Travel_Rarely,17.8,1,Married,3010.0,5,No,5.2,3.2,1.0,4,4.0,3,No
10627,33,Sales,Travel_Frequently,15.1,4,Married,,4,Yes,10.3,7.5,1.0,3,1.0,3,Yes
10108,46,Sales,Travel_Rarely,25.2,4,Married,4520.0,2,Yes,17.0,13.9,3.0,1,4.0,2,No
10984,45,Sales,Travel_Rarely,5.5,5,Married,4560.0,7,No,18.4,6.2,4.0,2,1.0,3,No
10347,59,Sales,Travel_Rarely,8.8,3,Single,7220.0,3,Yes,30.3,13.5,4.0,3,2.0,3,No
10299,31,Sales,Travel_Rarely,12.0,2,Married,3880.0,5,No,8.2,4.9,1.0,1,3.0,4,No
10644,39,HR,Travel_Rarely,4.1,4,Divorced,4880.0,2,No,18.8,12.3,4.0,2,1.0,4,No
10308,42,R&D,Travel_Frequently,9.5,1,Married,4000.0,4,No,16.0,9.7,4.0,2,4.0,3,No
10855,31,Sales,Travel_Frequently,6.7,5,Married,4100.0,4,Yes,11.2,5.5,3.0,3,1.0,1,Yes
10507,41,HR,Travel_Frequently,22.7,5,Single,5180.0,2,No,20.7,17.2,3.0,3,1.0,3,No
10297,53,Sales,Travel_Rarely,10.0,3,Single,6350.0,3,No,22.6,13.3,4.0,3,2.0,3,No
10881,23,Sales,Travel_Rarely,23.7,1,Divorced,2580.0,0,No,4.5,5.1,2.0,1,1.0,4,Yes
10667,40,Sales,Travel_Frequently,6.2,3,Single,5220.0,0,No,21.9,19.2,4.0,2,3.0,4,No
10101,53,HR,Travel_Frequently,23.2,2,Married,6410.0,0,Yes,25.5,25.5,4.0,2,2.0,2,No
10089,50,R&D,Non-Travel,4.4,3,Married,6130.0,5,Yes,21.1,9.3,1.0,3,4.0,2,No
10064,58,R&D,Travel_Rarely,30.5,5,Married,7360.0,5,No,32.2,20.5,2.0,3,2.0,3,No
10844,21,Sales,Travel_Rarely,7.0,5,Married,1770.0,2,Yes,0.2,0.0,2.0,3,1.0,3,Yes
10889,20,Sales,Travel_Frequently,20.8,3,Single,2170.0,1,Yes,2.3,2.0,1.0,1,4.0,1,Yes
10140,37,Sales,Travel_Rarely,21.9,5,Married,3920.0,2,No,14.5,12.7,4.0,4,3.0,3,No
10758,35,R&D,Travel_Frequently,52.6,1,Married,3880.0,5,No,13.8,8.2,2.0,1,3.0,3,No
10616,45,HR,Travel_Frequently,7.8,2,Married,4110.0,2,No,13.8,8.9,2.0,2,3.0,1,No
10500,37,Sales,Travel_Rarely,14.1,1,Divorced,4180.0,1,No,11.2,9.2,1.0,2,,1,No
10666,47,R&D,Travel_Rarely,20.6,2,Married,6000.0,4,Yes,25.8,13.5,1.0,4,4.0,4,No
10585,36,Sales,Travel_Rarely,3.7,4,Married,3750.0,5,No,13.8,5.6,2.0,3,1.0,3,No
10110,48,R&D,Non-Travel,12.5,4,Single,5360.0,1,Yes,19.3,18.3,3.0,4,2.0,3,No
10917,41,Sales,Travel_Rarely,4.4,3,Divorced,4890.0,3,No,17.9,15.1,4.0,2,,3,No
10651,39,Sales,Travel_Rarely,17.5,4,Single,3640.0,4,No,13.1,8.1,3.0,4,3.0,3,No
10534,31,R&D,Travel_Rarely,32.1,2,Single,3980.0,4,Yes,12.0,7.2,1.0,4,3.0,1,No
10446,46,HR,Travel_Frequently,10.3,2,Married,4400.0,3,No,16.4,8.9,3.0,4,4.0,3,No
10606,41,Sales,Travel_Rarely,7.5,3,Divorced,4000.0,3,No,18.8,16.3,3.0,4,3.0,3,No
10137,44,Sales,Travel_Frequently,11.3,5,Divorced,5110.0,4,No,21.4,15.1,1.0,2,2.0,3,No
10812,55,Sales,Non-Travel,9.6,2,Married,6860.0,5,No,32.3,10.8,4.0,2,1.0,3,No
10515,58,R&D,Travel_Rarely,3.7,2,Married,6480.0,1,Yes,26.0,24.3,1.0,1,1.0,3,No
10754,57,HR,Non-Travel,4.9,4,Divorced,7450.0,3,No,34.0,23.5,2.0,3,2.0,4,No
10159,40,R&D,Non-Travel,10.9,3,Married,4310.0,1,Yes,17.2,14.2,2.0,4,2.0,4,No
10311,46,R&D,Travel_Frequently,4.3,5,Single,4940.0,5,Yes,15.0,11.7,2.0,2,2.0,3,Yes
10328,21,HR,Travel_Rarely,10.1,3,Single,2320.0,1,No,0.0,0.0,1.0,2,2.0,4,Yes
10137,44,Sales,Travel_Frequently,11.3,5,Divorced,5110.0,4,No,21.4,15.1,1.0,2,2.0,3,No
10936,57,HR,Non-Travel,10.1,4,Single,7920.0,17,No,34.9,15.7,1.0,1,2.0,3,No
10255,46,R&D,Travel_Rarely,21.6,5,Divorced,5120.0,2,No,21.2,14.7,4.0,1,2.0,3,No
10276,39,R&D,Travel_Rarely,14.7,4,Single,5000.0,3,Yes,19.3,14.1,2.0,3,,3,No
10902,21,Sales,Travel_Rarely,19.3,3,Single,2670.0,2,Yes,0.0,0.2,2.0,2,1.0,4,Yes
10185,39,R&D,Travel_Frequently,37.8,2,Married,4190.0,0,No,14.0,12.4,4.0,1,3.0,4,No
10583,24,R&D,Travel_Rarely,5.7,2,Married,3330.0,5,No,6.8,4.1,4.0,1,2.0,3,Yes
10661,27,Sales,Travel_Rarely,5.0,3,Married,2740.0,5,No,5.1,2.5,4.0,2,4.0,3,No
10897,40,HR,Travel_Frequently,11.2,5,Single,5630.0,4,No,16.5,9.8,3.0,1,3.0,3,No
10210,51,R&D,Travel_Frequently,22.3,3,Married,5950.0,1,No,23.5,16.5,3.0,1,2.0,4,No
10169,33,Sales,Non-Travel,14.4,1,Single,3410.0,5,No,9.9,4.6,4.0,3,1.0,3,Yes
10867,52,R&D,Travel_Rarely,3.2,5,Married,5430.0,6,No,18.6,9.3,2.0,1,1.0,4,No
10281,31,R&D,Travel_Rarely,4.6,2,Married,3720.0,3,No,7.1,5.7,4.0,1,2.0,3,Yes
10900,44,Sales,Travel_Rarely,4.7,1,Divorced,4630.0,3,No,20.6,14.4,2.0,1,1.0,4,No
10542,22,HR,Non-Travel,17.4,4,Married,2080.0,3,No,0.7,0.0,3.0,4,4.0,3,No
10056,21,Sales,Travel_Frequently,14.8,3,Married,2020.0,3,Yes,1.0,1.2,3.0,2,2.0,4,Yes
10121,37,Sales,Travel_Frequently,16.7,3,Married,4920.0,4,No,17.3,11.6,1.0,1,2.0,3,No
10555,59,R&D,Travel_Frequently,5.3,1,Married,7020.0,3,No,30.2,26.9,3.0,1,3.0,1,No
10026,45,R&D,Travel_Rarely,10.4,3,Married,5440.0,4,No,17.4,9.2,2.0,3,,1,No
10073,38,HR,Travel_Rarely,16.2,5,Married,4900.0,2,No,15.7,9.6,2.0,3,1.0,4,No
10539,41,R&D,Travel_Rarely,4.6,5,Married,4860.0,5,No,15.5,4.3,4.0,3,1.0,2,No
10045,22,Sales,Travel_Rarely,4.1,2,Married,1930.0,5,No,1.0,0.1,4.0,4,4.0,3,No
10498,34,R&D,Travel_Rarely,14.5,2,Married,2610.0,2,No,6.6,4.3,4.0,3,4.0,4,No
10199,33,HR,Travel_Frequently,26.5,5,Divorced,4200.0,1,Yes,12.3,10.5,2.0,4,3.0,4,Yes
10378,49,Sales,Travel_Rarely,21.2,4,Divorced,5800.0,1,No,20.7,16.5,4.0,4,3.0,3,No
10315,29,Sales,Travel_Rarely,11.5,4,Married,3260.0,4,Yes,7.5,4.8,4.0,1,2.0,3,Yes
10719,29,Sales,Travel_Rarely,7.7,3,Single,3190.0,3,No,8.7,6.1,1.0,3,2.0,3,No
10209,30,R&D,Non-Travel,11.1,5,Married,3350.0,3,Yes,8.2,6.4,2.0,1,1.0,3,Yes
10722,57,R&D,Travel_Rarely,11.9,2,Single,6060.0,4,No,25.7,10.4,1.0,1,1.0,4,No
10919,30,Sales,Non-Travel,12.8,4,Single,,3,No,9.7,5.9,3.0,1,3.0,3,No
10536,26,R&D,Travel_Frequently,12.6,1,Married,2640.0,5,No,5.7,2.9,3.0,2,1.0,2,Yes
10696,30,R&D,Travel_Rarely,1.0,5,Married,3700.0,4,Yes,7.7,6.0,2.0,3,4.0,4,No
10605,53,Sales,Travel_Rarely,3.2,4,Single,5870.0,7,No,21.2,7.4,3.0,2,3.0,3,No
10591,52,HR,Travel_Rarely,13.5,2,Single,6780.0,1,No,23.4,20.9,1.0,3,1.0,4,No
10291,52,Sales,Travel_Rarely,6.9,5,Single,5470.0,5,Yes,20.8,8.4,1.0,3,1.0,2,No
10960,36,Sales,Travel_Rarely,15.9,4,Married,4140.0,2,No,8.5,6.7,3.0,4,4.0,3,No
10333,32,Sales,Travel_Rarely,4.7,4,Single,3740.0,5,No,9.5,4.3,1.0,2,1.0,4,Yes
10211,30,Sales,Travel_Frequently,3.6,4,Single,2620.0,2,No,9.8,8.2,2.0,1,1.0,3,Yes
10343,44,R&D,Travel_Rarely,2.9,1,Married,5060.0,2,No,18.9,15.8,3.0,3,4.0,2,No
10061,56,HR,Non-Travel,20.0,3,Married,5450.0,5,Yes,20.9,6.6,1.0,1,4.0,2,No
10345,56,R&D,Travel_Rarely,8.0,2,Married,5600.0,3,No,23.1,16.9,3.0,2,4.0,3,No
10891,23,R&D,Travel_Frequently,1.0,1,Married,2650.0,2,Yes,3.9,2.2,2.0,4,4.0,3,Yes
10712,40,Sales,Travel_Rarely,132.6,5,Married,5080.0,4,No,17.0,7.9,2.0,3,2.0,3,No
10468,43,Sales,Travel_Rarely,18.9,4,Married,4090.0,0,No,13.8,13.6,1.0,1,2.0,3,No
10424,43,Sales,Travel_Frequently,1.9,2,Single,4740.0,2,Yes,18.9,17.4,2.0,3,1.0,3,Yes
10260,43,Sales,Travel_Rarely,28.6,1,Divorced,4770.0,4,No,16.0,10.7,1.0,3,2.0,4,No
10781,55,Sales,Travel_Rarely,11.5,5,Married,6440.0,4,No,27.9,12.7,3.0,3,2.0,1,No
10406,40,Sales,Non-Travel,13.4,4,Divorced,5250.0,4,No,17.5,8.7,1.0,2,1.0,4,No
10789,41,Sales,Travel_Frequently,3.6,3,Married,4240.0,4,Yes,16.3,7.1,4.0,2,4.0,4,No
10768,39,Sales,Travel_Frequently,1.6,5,Divorced,4280.0,2,No,19.7,15.6,1.0,3,4.0,4,Yes
10484,51,R&D,Non-Travel,20.6,5,Married,6130.0,5,No,21.1,13.3,3.0,4,3.0,3,No
10531,43,R&D,Travel_Frequently,10.6,5,Married,4470.0,6,Yes,19.6,10.6,3.0,2,1.0,4,No
10811,21,HR,Travel_Rarely,3.5,2,Married,2340.0,3,Yes,1.4,1.8,2.0,4,3.0,3,Yes
11000,40,R&D,Travel_Rarely,14.3,1,Married,4930.0,4,Yes,14.4,9.5,4.0,3,1.0,3,No
10967,44,Sales,Travel_Rarely,16.7,3,Single,5200.0,3,No,21.7,13.1,4.0,3,2.0,3,No
10111,31,R&D,Travel_Frequently,3.0,2,Single,2890.0,3,Yes,9.1,5.8,3.0,2,,4,Yes
10996,45,R&D,Travel_Rarely,31.6,3,Married,5410.0,2,No,21.5,19.2,1.0,3,4.0,3,No
10559,51,Sales,Travel_Rarely,21.8,4,Divorced,6720.0,2,No,26.2,19.7,3.0,4,4.0,2,No
10794,53,R&D,Non-Travel,6.4,2,Single,5360.0,5,No,20.5,6.1,1.0,1,3.0,3,Yes
10937,26,Sales,Travel_Rarely,8.6,4,Married,2520.0,1,No,3.5,2.4,1.0,3,2.0,4,No
10920,45,Sales,Non-Travel,30.3,3,Married,6020.0,4,No,24.6,14.0,4.0,2,4.0,3,No
10943,56,R&D,Non-Travel,164.0,2,Married,6530.0,4,No,24.2,15.9,1.0,4,3.0,3,No
10320,50,Sales,Non-Travel,5.4,5,Divorced,6010.0,4,Yes,23.5,18.8,4.0,4,4.0,3,No
10517,55,R&D,Travel_Rarely,8.1,4,Divorced,5830.0,1,No,27.7,26.0,2.0,4,3.0,3,No
10450,31,Sales,Non-Travel,9.8,4,Married,3410.0,4,No,8.7,2.6,4.0,3,2.0,3,No
10784,24,R&D,Travel_Rarely,10.2,2,Married,4030.0,3,No,4.8,3.2,4.0,2,1.0,3,No
10594,59,R&D,Non-Travel,160.8,1,Single,7350.0,4,No,31.7,23.9,1.0,1,1.0,4,No
10910,23,R&D,Travel_Frequently,8.8,2,Single,,3,No,3.8,2.6,1.0,4,2.0,3,Yes
10744,30,HR,Travel_Rarely,186.3,4,Single,3070.0,4,No,7.1,5.3,1.0,2,3.0,3,Yes
10138,21,R&D,Travel_Frequently,14.0,4,Married,2350.0,3,No,1.2,0.9,4.0,1,3.0,3,Yes
10800,37,R&D,Travel_Rarely,15.1,4,Single,3650.0,5,No,13.7,4.7,3.0,1,4.0,4,No
10934,45,R&D,Travel_Rarely,13.2,2,Single,4660.0,2,Yes,17.0,15.1,1.0,2,4.0,1,No
10823,25,HR,Non-Travel,2.0,1,Single,3150.0,3,No,4.7,2.0,4.0,4,4.0,4,No
10766,51,Sales,Travel_Frequently,10.4,5,Divorced,6740.0,2,Yes,28.9,26.2,4.0,2,3.0,2,No
10262,26,Sales,Travel_Rarely,4.0,3,Single,2240.0,3,No,1.9,1.5,4.0,2,4.0,3,No
10568,29,HR,Travel_Rarely,45.7,5,Single,3190.0,3,No,4.0,2.8,4.0,3,2.0,4,Yes
10833,38,Sales,Travel_Rarely,36.3,5,Married,,4,Yes,16.5,6.1,3.0,3,2.0,4,No
10382,57,HR,Non-Travel,17.2,5,Divorced,6220.0,2,No,31.1,26.3,2.0,2,4.0,3,No
10334,53,R&D,Travel_Rarely,12.1,5,Married,6470.0,3,Yes,28.3,15.4,2.0,4,1.0,3,No
10537,38,HR,Travel_Frequently,6.5,4,Single,4220.0,5,No,13.7,6.3,3.0,4,4.0,3,No
10352,21,Sales,Non-Travel,20.8,4,Married,1760.0,2,No,0.0,0.0,4.0,3,3.0,3,Yes
10786,43,R&D,Travel_Rarely,13.1,2,Married,30895.524775114165,2,Yes,21.5,16.2,4.0,4,1.0,4,No
10452,56,Sales,Travel_Rarely,12.7,3,Married,6350.0,3,No,25.9,15.4,2.0,4,2.0,4,No
10079,42,Sales,Travel_Rarely,8.9,2,Single,5520.0,0,Yes,19.3,17.7,2.0,1,2.0,3,No
10030,37,Sales,Travel_Rarely,1.5,1,Married,3940.0,5,No,12.6,7.2,3.0,2,2.0,3,No
10713,49,HR,Travel_Rarely,15.5,1,Divorced,5730.0,4,Yes,23.5,10.5,1.0,2,4.0,4,No
10278,51,Sales,Travel_Frequently,16.2,5,Married,5000.0,4,No,20.3,14.0,2.0,1,1.0,3,No
10248,36,R&D,Travel_Rarely,34.6,5,Married,4090.0,1,Yes,12.8,9.9,4.0,3,1.0,1,No
10658,45,Sales,Travel_Frequently,9.3,2,Married,4570.0,4,Yes,15.2,5.7,3.0,3,3.0,3,No
10307,32,Sales,Travel_Rarely,13.7,5,Single,3390.0,1,No,8.7,8.0,3.0,1,3.0,3,No
10166,52,R&D,Travel_Rarely,19.1,1,Married,7320.0,1,No,30.1,20.2,2.0,2,2.0,3,No
10817,21,Sales,Travel_Rarely,11.5,5,Married,2380.0,1,No,0.0,0.6,3.0,3,1.0,3,No
10179,56,Sales,Travel_Frequently,6.3,3,Single,6220.0,2,No,23.5,22.0,4.0,2,3.0,4,No
10486,29,R&D,Travel_Rarely,6.3,1,Married,3400.0,4,No,6.0,5.3,3.0,4,3.0,1,No
10066,33,R&D,Travel_Frequently,5.4,3,Married,4330.0,2,No,12.9,10.0,4.0,2,1.0,2,No
10142,28,Sales,Travel_Rarely,7.0,5,Married,3050.0,2,No,9.1,5.6,2.0,1,3.0,2,No
10437,42,R&D,Travel_Rarely,9.0,2,Married,4480.0,5,Yes,19.2,10.2,3.0,3,4.0,3,No
10523,27,Sales,Travel_Rarely,13.9,5,Single,2870.0,2,No,7.0,5.3,2.0,4,3.0,4,Yes
10845,20,Sales,Travel_Frequently,6.6,2,Single,,1,No,0.6,0.1,1.0,2,1.0,3,Yes
10421,57,R&D,Travel_Rarely,4.2,4,Single,6030.0,2,No,24.7,17.1,2.0,1,,3,No
10405,39,R&D,Travel_Rarely,21.6,5,Married,5480.0,7,No,19.1,4.9,2.0,3,1.0,3,No
10680,57,Sales,Travel_Rarely,13.8,3,Single,6700.0,3,No,27.2,16.3,3.0,4,3.0,3,No
10266,43,R&D,Travel_Rarely,20.4,2,Single,4220.0,1,Yes,14.0,13.3,3.0,3,,4,Yes
10880,45,Sales,Non-Travel,1.5,4,Married,5130.0,3,No,20.6,15.1,2.0,1,1.0,3,No
10293,58,Sales,Travel_Rarely,26.4,5,Married,6140.0,5,Yes,26.6,7.4,4.0,4,1.0,1,No
10222,38,R&D,Travel_Rarely,1.7,2,Single,3800.0,2,No,12.4,10.3,3.0,4,3.0,1,No
10828,55,Sales,Travel_Frequently,5.1,1,Divorced,6530.0,4,No,32.3,14.8,4.0,4,1.0,3,No
10236,48,Sales,Travel_Rarely,3.3,3,Married,5660.0,2,No,25.2,21.8,1.0,1,2.0,2,No
10526,32,Sales,Travel_Rarely,18.2,4,Divorced,2440.0,6,No,8.2,0.7,,4,4.0,3,Yes
10193,44,Sales,Travel_Rarely,3.7,4,Married,4960.0,3,Yes,17.5,12.8,3.0,2,1.0,4,Yes
10322,24,R&D,Travel_Rarely,7.4,1,Married,3300.0,5,No,3.5,1.2,1.0,4,2.0,3,Yes
10050,51,Sales,Travel_Rarely,5.6,2,Married,5430.0,2,No,24.2,19.0,3.0,3,3.0,2,No
10892,48,Sales,Travel_Rarely,7.2,4,Married,6130.0,6,No,27.1,12.9,2.0,2,3.0,4,No
10003,46,Sales,Travel_Frequently,17.2,5,Single,5930.0,2,Yes,23.9,21.4,1.0,3,3.0,3,No
10818,24,HR,Travel_Frequently,28.6,4,Married,2350.0,1,Yes,5.3,5.3,1.0,4,3.0,2,Yes
10371,33,HR,Travel_Frequently,5.1,3,Married,4100.0,2,No,12.8,8.9,1.0,1,2.0,3,No
10922,42,R&D,Travel_Rarely,1.0,3,Married,4650.0,6,No,18.6,8.7,2.0,1,2.0,2,No
10250,21,R&D,Travel_Rarely,12.9,2,Married,2730.0,4,No,0.7,0.0,4.0,4,3.0,3,No
10549,40,HR,Travel_Rarely,10.8,4,Single,5720.0,2,No,20.7,13.5,4.0,1,2.0,3,No
10433,53,R&D,Travel_Rarely,6.3,4,Single,5820.0,6,No,23.4,1.7,4.0,4,2.0,4,No
10939,38,R&D,Travel_Frequently,25.6,2,Single,4140.0,4,Yes,16.6,10.0,4.0,4,3.0,3,No
10508,29,Sales,Travel_Rarely,5.9,3,Divorced,2720.0,5,No,6.4,2.4,3.0,4,1.0,4,No
10034,42,Sales,Travel_Rarely,21.1,3,Single,4980.0,3,No,17.2,8.2,4.0,4,3.0,4,No
10205,38,R&D,Travel_Frequently,2.9,4,Married,4580.0,4,Yes,14.6,8.1,2.0,2,4.0,3,Yes
10890,30,R&D,Non-Travel,6.0,5,Married,3110.0,0,No,7.3,6.1,4.0,2,4.0,2,No
10589,53,R&D,Travel_Rarely,10.8,1,Divorced,6510.0,2,Yes,26.3,19.1,3.0,3,1.0,4,No
10731,49,Sales,Non-Travel,9.3,3,Divorced,5180.0,4,No,21.0,11.0,3.0,4,2.0,3,No
10078,29,Sales,Travel_Rarely,5.0,3,Single,3260.0,2,No,5.0,4.5,1.0,4,1.0,2,No
10085,45,Sales,Travel_Frequently,9.2,1,Single,6070.0,5,No,26.2,10.6,4.0,1,4.0,3,Yes
10306,25,R&D,Travel_Frequently,17.2,5,Married,2990.0,3,No,3.1,2.6,3.0,4,4.0,3,No
10083,26,Sales,Travel_Rarely,18.3,2,Married,2840.0,3,No,4.2,1.9,2.0,1,2.0,3,No
10449,40,R&D,Travel_Frequently,12.3,1,Divorced,5230.0,1,Yes,18.3,13.3,4.0,1,1.0,4,Yes
10998,34,R&D,Travel_Rarely,6.2,5,Married,4400.0,3,No,11.0,6.9,4.0,3,4.0,4,Yes
10752,25,Sales,Travel_Frequently,27.4,3,Married,3330.0,4,No,4.7,1.6,3.0,4,3.0,3,Yes
10532,26,R&D,Travel_Frequently,9.3,2,Single,2520.0,3,No,6.1,2.1,4.0,4,4.0,3,No
10324,56,R&D,Non-Travel,11.9,1,Single,6600.0,2,Yes,29.7,24.0,4.0,1,2.0,3,No
10496,36,R&D,Travel_Rarely,7.1,1,Divorced,3910.0,1,No,10.9,9.0,3.0,4,3.0,4,No
10911,50,R&D,Travel_Rarely,12.8,4,Married,,1,No,26.3,20.0,2.0,4,3.0,4,No
10006,54,Sales,Travel_Rarely,4.9,1,Married,6920.0,2,No,31.3,26.1,2.0,2,2.0,1,No
10426,27,Sales,Travel_Rarely,5.9,2,Single,3220.0,2,No,5.3,3.5,3.0,1,2.0,4,No
10491,57,R&D,Non-Travel,27.1,5,Single,6440.0,3,No,31.5,18.2,4.0,2,2.0,1,No
10098,47,Sales,Travel_Frequently,5.3,3,Single,6050.0,2,No,24.2,19.1,4.0,2,4.0,3,No
10762,42,R&D,Travel_Rarely,15.9,2,Single,4180.0,1,No,15.6,12.8,4.0,2,1.0,4,No
10423,50,HR,Travel_Rarely,14.8,5,Married,6690.0,1,No,24.7,20.1,2.0,1,4.0,2,No
10886,49,R&D,Travel_Rarely,6.7,2,Married,5170.0,3,No,16.4,9.4,3.0,4,4.0,3,No
10282,39,R&D,Travel_Rarely,6.9,5,Divorced,5320.0,3,No,20.6,16.0,4.0,1,,3,No
10267,37,R&D,Travel_Rarely,10.4,1,Single,3760.0,2,Yes,10.1,6.4,3.0,3,2.0,4,Yes
10443,25,Sales,Travel_Rarely,6.5,1,Married,2650.0,1,No,4.3,3.9,3.0,4,2.0,4,No
10746,34,Sales,Travel_Rarely,4.1,5,Single,3330.0,4,Yes,9.4,4.6,3.0,3,4.0,2,No
10383,57,R&D,Travel_Rarely,12.5,5,Married,8230.0,1,No,37.4,23.7,1.0,2,3.0,3,No
10693,57,Sales,Travel_Rarely,3.2,2,Single,,6,Yes,33.9,4.8,4.0,4,1.0,3,No
10894,59,R&D,Travel_Rarely,19.8,3,Single,5940.0,6,Yes,24.6,5.9,2.0,3,1.0,4,Yes
10535,43,Sales,Travel_Frequently,6.1,5,Single,4820.0,5,No,17.8,6.6,4.0,4,1.0,1,Yes
10119,29,HR,Non-Travel,9.4,5,Divorced,2520.0,3,No,2.5,2.2,1.0,3,4.0,4,No
10389,55,HR,Travel_Rarely,3.0,2,Married,6420.0,2,Yes,22.7,15.9,2.0,1,,2,No
10251,27,HR,Non-Travel,19.9,2,Divorced,2590.0,5,No,4.1,2.3,1.0,3,2.0,2,Yes
10944,38,Sales,Travel_Rarely,12.6,2,Married,3140.0,2,Yes,10.2,9.0,1.0,4,1.0,3,Yes
10454,20,R&D,Travel_Frequently,8.4,4,Single,1820.0,4,No,0.0,0.0,4.0,2,2.0,3,Yes
10010,23,Sales,Travel_Frequently,24.3,3,Married,1630.0,3,Yes,0.0,0.0,1.0,1,2.0,4,Yes
10197,33,R&D,Travel_Rarely,13.6,1,Married,4030.0,2,No,12.2,7.5,3.0,1,2.0,3,No
10619,22,R&D,Travel_Frequently,8.2,5,Single,2060.0,1,No,0.0,0.4,1.0,2,1.0,4,Yes
10082,37,R&D,Travel_Frequently,7.4,1,Divorced,5150.0,2,No,15.1,12.6,4.0,3,2.0,2,No
10399,31,Sales,Travel_Rarely,10.5,4,Married,4080.0,1,No,8.0,6.7,4.0,4,4.0,3,No
10502,46,R&D,Travel_Rarely,3.1,4,Married,,3,No,19.4,13.1,3.0,1,4.0,3,No
10635,27,Sales,Travel_Rarely,2.1,3,Divorced,3740.0,4,No,7.1,5.1,4.0,3,4.0,3,No
10240,45,Sales,Travel_Frequently,4.1,5,Married,4860.0,2,No,19.5,13.9,4.0,2,1.0,2,No
10310,24,R&D,Travel_Rarely,13.5,2,Divorced,2780.0,2,No,8.2,5.7,3.0,1,1.0,4,Yes
10212,48,R&D,Non-Travel,1.0,4,Married,5540.0,2,Yes,22.0,16.2,2.0,2,3.0,3,No
10835,54,Sales,Travel_Frequently,6.7,4,Single,7620.0,2,No,35.3,33.3,2.0,3,1.0,4,No
10381,20,R&D,Travel_Frequently,2.5,1,Single,2150.0,4,No,0.0,0.0,1.0,1,3.0,3,Yes
10602,51,HR,Travel_Frequently,11.2,2,Single,,1,Yes,25.4,21.7,3.0,3,,4,No
10228,43,R&D,Travel_Rarely,5.1,5,Divorced,4190.0,4,Yes,14.8,8.8,1.0,3,2.0,2,No
10874,24,Sales,Travel_Frequently,13.6,3,Married,2830.0,3,No,3.6,2.5,2.0,4,2.0,2,Yes
10360,49,R&D,Travel_Rarely,122.0,1,Divorced,5630.0,6,No,23.0,3.5,2.0,2,3.0,3,No
10814,31,Sales,Non-Travel,6.3,1,Married,3300.0,2,Yes,8.0,8.2,3.0,4,3.0,2,No
10178,26,HR,Non-Travel,21.5,2,Married,2470.0,4,No,6.3,1.6,2.0,3,2.0,4,No
10995,41,R&D,Travel_Rarely,3.2,3,Married,4600.0,2,Yes,15.6,12.9,2.0,3,4.0,3,No
10757,49,R&D,Travel_Frequently,11.3,2,Divorced,6280.0,3,No,26.2,12.7,2.0,1,1.0,3,No
10494,44,R&D,Travel_Rarely,6.5,4,Married,4000.0,3,No,15.5,8.5,1.0,4,2.0,2,No
10335,38,R&D,Travel_Rarely,2.6,1,Single,4380.0,7,No,13.2,1.9,4.0,3,4.0,3,No
10893,40,HR,Travel_Rarely,5.2,3,Married,4210.0,5,No,12.9,8.6,4.0,4,4.0,3,No
10008,47,R&D,Travel_Rarely,6.5,3,Married,6430.0,2,Yes,23.2,18.0,1.0,3,1.0,4,No
10156,46,R&D,Travel_Frequently,6.2,5,Married,5820.0,1,No,20.0,17.5,4.0,2,1.0,3,No
10843,56,HR,Non-Travel,10.8,1,Married,5810.0,1,No,24.4,20.7,2.0,1,1.0,2,No
10751,58,Sales,Non-Travel,10.5,1,Single,5730.0,0,Yes,25.5,22.5,1.0,2,2.0,3,No
10942,36,Sales,Travel_Rarely,33.6,5,Single,,2,No,11.4,6.5,3.0,4,3.0,3,No
10483,30,R&D,Travel_Rarely,1.9,1,Single,3080.0,3,No,7.1,4.6,1.0,3,1.0,4,Yes
10847,26,R&D,Travel_Rarely,15.2,4,Married,2930.0,4,No,7.5,5.2,1.0,2,1.0,2,Yes
10750,26,HR,Travel_Rarely,32.8,5,Married,3690.0,6,No,5.2,0.5,1.0,3,3.0,4,No
10904,55,Sales,Travel_Frequently,4.6,4,Married,6820.0,2,Yes,26.1,16.0,1.0,3,3.0,3,No
10592,56,Sales,Non-Travel,10.5,5,Single,6550.0,4,Yes,29.0,20.8,4.0,4,4.0,1,No
10953,44,Sales,Travel_Frequently,2.7,3,Single,,3,Yes,20.1,15.5,1.0,3,1.0,2,Yes
10581,23,Sales,Travel_Rarely,9.6,2,Married,3010.0,1,No,3.5,1.9,4.0,3,2.0,3,No
10440,35,Sales,Travel_Rarely,3.1,5,Divorced,3430.0,6,No,8.0,3.3,4.0,1,4.0,3,No
10543,27,Sales,Travel_Rarely,21.0,3,Divorced,2280.0,1,No,6.7,5.8,1.0,1,2.0,3,No
10597,43,R&D,Non-Travel,1.4,1,Single,,6,Yes,15.1,6.9,4.0,2,1.0,3,No
10724,24,R&D,Travel_Rarely,7.5,1,Married,2780.0,2,Yes,1.9,1.2,4.0,3,2.0,3,No
10678,23,Sales,Travel_Frequently,17.3,4,Married,2840.0,6,No,3.5,1.4,3.0,2,3.0,3,Yes
10479,46,R&D,Travel_Rarely,11.5,1,Single,5260.0,3,Yes,20.1,12.6,3.0,3,2.0,3,No
10229,41,R&D,Travel_Frequently,18.6,4,Married,4830.0,5,Yes,16.2,7.7,2.0,4,1.0,3,No
10975,25,Sales,Non-Travel,8.0,1,Divorced,2700.0,2,No,3.7,2.3,3.0,3,4.0,3,No
10815,51,Sales,Travel_Rarely,1.0,4,Married,4940.0,4,No,19.3,9.1,1.0,2,3.0,3,No
10213,51,Sales,Travel_Frequently,1.4,1,Married,6180.0,1,Yes,28.9,25.8,4.0,3,4.0,3,No
10080,46,Sales,Travel_Frequently,15.4,5,Married,5440.0,4,No,21.4,14.8,3.0,2,2.0,4,No
10149,52,HR,Travel_Rarely,8.7,5,Married,6560.0,1,No,27.5,20.0,1.0,3,,3,No
10303,20,Sales,Travel_Frequently,6.2,3,Married,2020.0,3,Yes,0.0,0.9,,3,2.0,3,Yes
10356,59,R&D,Travel_Rarely,38.8,4,Married,7000.0,3,No,30.0,26.1,1.0,4,1.0,3,No
10430,48,R&D,Travel_Rarely,24.6,3,Single,6720.0,2,Yes,25.8,19.5,2.0,4,1.0,3,No
10520,43,Sales,Travel_Frequently,11.0,3,Single,,4,No,18.7,10.2,2.0,1,3.0,1,No
10363,28,R&D,Travel_Frequently,12.8,2,Married,2900.0,5,No,9.1,4.5,1.0,1,2.0,1,Yes
10595,32,Sales,Travel_Rarely,3.9,4,Married,4050.0,1,No,10.6,10.4,3.0,4,3.0,3,Yes
10358,55,R&D,Travel_Rarely,4.5,5,Married,7590.0,4,Yes,34.7,28.5,3.0,2,1.0,3,No
10134,42,Sales,Travel_Frequently,9.5,3,Single,4330.0,7,Yes,15.4,3.9,3.0,2,1.0,2,Yes
10830,21,R&D,Travel_Rarely,11.4,2,Married,2320.0,3,No,0.0,0.1,1.0,3,3.0,3,Yes
10312,46,R&D,Travel_Frequently,20.7,4,Single,4520.0,1,No,15.9,12.0,2.0,2,1.0,3,No
10622,39,Sales,Travel_Frequently,19.2,3,Single,3850.0,5,No,12.8,5.0,1.0,1,1.0,1,Yes
10465,20,R&D,Travel_Rarely,4.4,2,Single,2510.0,2,No,0.0,0.0,1.0,2,3.0,3,Yes
10994,37,HR,Travel_Rarely,8.7,1,Divorced,4840.0,3,No,14.3,9.7,4.0,4,4.0,3,No
10001,23,Sales,Travel_Rarely,3.0,4,Married,2520.0,3,No,4.1,2.5,,1,2.0,3,No
10317,49,Sales,Travel_Frequently,17.0,1,Married,,2,No,25.6,20.7,1.0,4,4.0,3,No
10723,53,R&D,Travel_Rarely,10.6,3,Married,6490.0,4,No,28.8,18.5,4.0,1,1.0,3,No
10560,54,Sales,Travel_Frequently,7.2,2,Single,6490.0,4,No,30.7,18.9,2.0,3,4.0,3,No
10372,46,Sales,Travel_Rarely,1.0,4,Single,4830.0,4,No,15.9,11.3,3.0,4,1.0,3,No
10545,53,Sales,Travel_Rarely,6.7,5,Married,5640.0,3,No,18.0,11.4,1.0,2,4.0,3,No
10850,44,HR,Travel_Rarely,17.3,1,Married,4570.0,4,No,15.9,9.4,2.0,4,3.0,3,No
10395,48,R&D,Travel_Frequently,186.7,5,Married,6990.0,3,Yes,26.0,12.9,3.0,1,3.0,3,Yes
10173,50,Sales,Travel_Rarely,10.7,3,Married,,3,No,30.2,19.6,4.0,3,2.0,2,No
10126,42,HR,Travel_Frequently,27.0,1,Married,4000.0,6,Yes,14.4,7.2,2.0,1,4.0,2,Yes
10899,22,R&D,Non-Travel,24.7,2,Married,1980.0,3,No,3.5,2.7,1.0,2,3.0,4,Yes
10579,55,Sales,Travel_Frequently,3.7,3,Married,6640.0,2,No,28.4,21.8,3.0,1,1.0,3,No
10949,57,Sales,Travel_Rarely,2.6,4,Single,7430.0,3,No,27.9,21.0,1.0,1,2.0,3,No
10921,54,HR,Travel_Frequently,13.2,2,Single,7010.0,2,No,29.6,26.0,1.0,1,3.0,3,No
10091,37,HR,Travel_Rarely,9.1,2,Married,4140.0,3,No,14.2,8.2,2.0,2,2.0,3,Yes
10971,31,Sales,Travel_Rarely,15.4,2,Married,3110.0,5,No,8.4,4.4,1.0,4,2.0,3,Yes
10182,26,R&D,Travel_Rarely,7.5,3,Single,3090.0,3,No,4.8,4.1,4.0,1,2.0,3,No
10364,55,Sales,Travel_Rarely,2.3,2,Single,7180.0,1,No,29.9,27.9,4.0,2,3.0,3,No
10275,36,R&D,Travel_Frequently,14.0,4,Single,3640.0,5,Yes,8.9,1.5,4.0,3,3.0,2,No
10913,35,Sales,Travel_Frequently,10.8,5,Married,4910.0,21,Yes,13.9,8.1,1.0,3,,3,No
10070,38,Sales,Non-Travel,10.9,5,Married,4260.0,3,No,15.6,12.2,1.0,4,1.0,3,No
10292,30,R&D,Travel_Rarely,6.4,3,Married,3600.0,2,Yes,6.7,5.0,2.0,2,1.0,2,Yes
10132,42,R&D,Travel_Frequently,6.4,3,Single,5040.0,2,No,18.3,11.7,2.0,4,1.0,3,No
10301,34,HR,Travel_Frequently,139.8,3,Divorced,3920.0,5,Yes,10.8,6.2,1.0,2,3.0,3,Yes
10448,58,Sales,Travel_Rarely,22.5,1,Married,8020.0,1,No,36.0,29.8,1.0,3,3.0,3,No
10327,29,R&D,Travel_Frequently,8.9,2,Married,3890.0,4,Yes,9.2,5.2,2.0,1,3.0,3,No
10145,59,Sales,Travel_Rarely,40.9,3,Single,8110.0,2,No,32.6,24.1,2.0,1,4.0,3,No
10552,35,HR,Non-Travel,24.1,3,Single,4020.0,4,Yes,12.4,8.4,1.0,4,3.0,3,Yes
10596,52,R&D,Travel_Rarely,8.4,2,Married,6580.0,1,No,25.3,19.6,1.0,4,4.0,3,No
10656,41,HR,Travel_Rarely,11.1,2,Single,3370.0,4,No,12.8,7.4,3.0,2,1.0,2,Yes
10136,32,Sales,Travel_Rarely,12.9,5,Divorced,3710.0,2,No,8.4,4.4,2.0,3,3.0,1,Yes
10431,23,Sales,Travel_Rarely,1.0,1,Single,3050.0,1,No,3.7,2.8,1.0,4,3.0,4,No
10165,36,Sales,Travel_Rarely,9.7,4,Married,4020.0,4,No,12.1,8.2,4.0,4,4.0,3,No
10029,41,R&D,Travel_Rarely,8.7,2,Single,4900.0,2,No,19.6,12.5,3.0,2,3.0,3,No
10588,23,HR,Travel_Rarely,4.2,3,Single,2870.0,2,No,3.5,4.2,2.0,3,1.0,3,Yes
10194,34,R&D,Travel_Rarely,7.0,5,Married,3830.0,2,Yes,9.6,8.0,1.0,3,2.0,3,No
10791,23,R&D,Travel_Frequently,20.7,4,Married,2290.0,3,No,0.8,1.5,4.0,1,2.0,2,Yes
10653,28,R&D,Travel_Rarely,12.4,4,Married,3120.0,4,Yes,6.5,1.7,1.0,4,4.0,3,No
10170,20,HR,Travel_Frequently,1.9,4,Married,2510.0,3,Yes,1.6,1.0,1.0,3,4.0,4,No
10514,52,Sales,Travel_Rarely,3.1,1,Single,7230.0,3,No,33.9,23.9,4.0,3,1.0,2,No
10141,59,R&D,Non-Travel,4.2,4,Divorced,8250.0,1,Yes,34.9,32.1,,1,1.0,2,No
10174,48,Sales,Travel_Rarely,1.7,3,Married,5730.0,4,No,24.6,12.0,4.0,2,4.0,3,No
10007,23,Sales,Travel_Rarely,8.3,1,Married,2330.0,2,No,0.2,0.2,1.0,1,4.0,3,No
10657,50,R&D,Travel_Rarely,4.5,4,Divorced,5140.0,4,No,18.7,8.0,1.0,1,1.0,3,No
10965,57,HR,Travel_Frequently,5.9,4,Divorced,6780.0,4,No,32.0,13.6,4.0,2,1.0,2,No
10074,25,Sales,Travel_Frequently,4.0,4,Single,2710.0,4,No,2.8,1.0,2.0,3,1.0,3,Yes
10765,34,R&D,Non-Travel,13.7,5,Married,3800.0,4,No,10.0,5.3,4.0,2,4.0,4,No
10654,52,HR,Non-Travel,2.0,3,Single,5240.0,3,No,21.5,15.6,4.0,4,2.0,3,No
10239,32,Sales,Non-Travel,12.3,2,Single,2930.0,4,No,6.5,2.7,3.0,1,2.0,3,Yes
10146,54,R&D,Non-Travel,4.2,1,Married,7420.0,3,No,34.1,17.7,4.0,1,2.0,3,No
10809,35,Sales,Non-Travel,8.7,5,Married,3030.0,5,No,6.5,2.9,3.0,2,2.0,2,No
10235,39,Sales,Travel_Frequently,15.1,3,Married,3160.0,1,Yes,10.0,8.7,1.0,3,3.0,3,No
10221,25,Sales,Travel_Rarely,8.3,4,Single,2000.0,2,No,1.8,2.0,1.0,1,,3,Yes
10501,24,Sales,Travel_Frequently,4.2,5,Married,2470.0,2,No,2.7,2.7,2.0,2,1.0,3,Yes
10674,23,Sales,Travel_Rarely,26.1,3,Single,2020.0,4,No,3.2,2.6,3.0,2,2.0,4,Yes
10133,23,Sales,Non-Travel,5.6,2,Married,2480.0,4,No,1.6,0.3,1.0,3,2.0,2,Yes
10812,55,Sales,Non-Travel,9.6,2,Married,6860.0,5,No,32.3,10.8,4.0,2,1.0,3,No
10434,25,Sales,Travel_Frequently,19.3,3,Married,2090.0,6,No,1.3,0.0,,1,,3,Yes
10671,58,Sales,Travel_Rarely,1.9,5,Single,6670.0,5,No,28.9,4.4,1.0,3,2.0,4,No
10186,37,HR,Travel_Rarely,3.9,4,Married,4540.0,1,No,12.6,10.2,1.0,3,,2,No
10042,50,Sales,Travel_Frequently,3.8,2,Single,5410.0,3,No,23.7,13.0,2.0,2,2.0,3,No
10626,29,Sales,Non-Travel,12.4,5,Married,3510.0,8,No,8.6,3.8,3.0,3,2.0,4,Yes
10109,38,Sales,Travel_Rarely,33.6,1,Single,4040.0,4,No,17.2,8.0,4.0,4,2.0,3,No
10604,25,Sales,Travel_Rarely,14.3,2,Married,2640.0,3,No,5.2,4.5,1.0,3,4.0,3,No
10057,41,R&D,Travel_Rarely,17.5,3,Divorced,4230.0,4,No,14.0,8.4,2.0,3,2.0,3,No
10429,21,Sales,Non-Travel,21.6,1,Married,2400.0,4,No,0.0,0.0,3.0,3,1.0,3,Yes
10469,27,R&D,Travel_Frequently,26.7,3,Single,3790.0,3,Yes,7.1,6.4,4.0,1,,3,Yes
10577,57,Sales,Travel_Frequently,20.4,4,Married,6420.0,2,No,29.6,26.4,3.0,2,,4,No
10878,49,R&D,Travel_Rarely,2.3,5,Single,6400.0,2,No,28.8,22.5,3.0,2,4.0,3,No
10025,51,R&D,Travel_Rarely,7.1,2,Married,5820.0,3,Yes,21.3,8.7,1.0,3,3.0,3,No
10441,58,R&D,Travel_Rarely,30.9,2,Single,6630.0,6,No,26.0,7.6,4.0,2,4.0,3,No
10883,37,Sales,Travel_Rarely,4.4,1,Single,3670.0,1,No,10.8,9.8,1.0,4,4.0,3,No
10544,26,R&D,Travel_Rarely,23.2,2,Divorced,2420.0,1,Yes,5.6,4.4,1.0,2,2.0,3,No
10634,35,R&D,Travel_Frequently,16.3,5,Single,4300.0,6,No,14.6,7.8,2.0,4,1.0,3,Yes
10831,29,R&D,Travel_Rarely,14.9,3,Married,3490.0,2,No,8.9,7.7,4.0,4,3.0,4,No
10945,25,Sales,Travel_Frequently,14.9,4,Married,2140.0,3,No,2.1,2.2,2.0,2,2.0,2,Yes
10339,28,Sales,Travel_Rarely,13.4,3,Married,3370.0,1,No,5.3,4.6,1.0,4,3.0,2,Yes
10052,27,R&D,Travel_Rarely,14.6,5,Divorced,2980.0,4,No,5.4,1.8,2.0,3,4.0,1,Yes
10384,29,R&D,Travel_Rarely,38.3,4,Married,3410.0,2,No,4.8,4.8,1.0,4,4.0,3,No
10528,25,Sales,Non-Travel,17.7,3,Single,3080.0,2,Yes,2.6,1.4,1.0,2,3.0,3,No
10939,38,R&D,Travel_Frequently,25.6,2,Single,4140.0,4,Yes,16.6,10.0,4.0,4,3.0,3,No
10888,27,HR,Travel_Rarely,3.8,5,Married,2830.0,4,No,4.0,1.5,3.0,4,3.0,2,Yes
10265,59,Sales,Travel_Rarely,26.7,4,Single,8490.0,2,No,39.4,33.4,4.0,1,2.0,1,No
10550,47,R&D,Non-Travel,4.8,2,Single,5310.0,3,No,19.8,16.9,4.0,4,,4,No
10914,59,R&D,Travel_Rarely,24.4,5,Single,8620.0,5,Yes,40.5,23.9,4.0,1,3.0,1,No
10698,43,R&D,Travel_Frequently,9.2,4,Married,4790.0,5,No,18.6,7.2,1.0,4,2.0,1,No
10396,54,R&D,Travel_Frequently,6.3,5,Single,7300.0,2,Yes,31.3,19.4,2.0,4,3.0,4,No
10530,56,R&D,Travel_Rarely,28.1,4,Single,6410.0,3,No,25.4,16.2,2.0,1,2.0,4,No
10869,37,Sales,Travel_Frequently,2.4,5,Married,22757.078056763377,3,Yes,11.7,10.9,2.0,1,4.0,2,Yes
10019,53,HR,Travel_Rarely,29.2,4,Divorced,5520.0,2,Yes,19.4,15.4,4.0,1,4.0,2,No
10732,36,R&D,Travel_Rarely,7.6,3,Single,4510.0,1,No,12.0,8.5,1.0,3,2.0,4,Yes
10679,40,Sales,Non-Travel,9.8,5,Single,4640.0,0,No,14.2,13.9,1.0,1,3.0,3,No
10582,53,Sales,Travel_Rarely,9.9,5,Single,8570.0,0,Yes,32.8,31.6,4.0,3,1.0,2,No
10977,23,HR,Travel_Frequently,7.0,3,Married,1920.0,5,No,0.8,0.7,1.0,1,2.0,3,Yes
10368,32,R&D,Travel_Frequently,12.8,5,Single,4640.0,4,Yes,13.4,7.6,3.0,2,1.0,3,Yes
10084,53,R&D,Travel_Frequently,25.2,5,Married,6870.0,3,Yes,24.9,19.7,2.0,2,3.0,4,No
10062,49,Sales,Travel_Rarely,17.7,1,Single,,3,No,16.1,11.4,1.0,2,2.0,3,No
10842,46,HR,Non-Travel,11.1,2,Single,5850.0,6,No,22.7,3.5,3.0,3,4.0,3,No
10273,26,R&D,Travel_Frequently,4.2,5,Married,2690.0,2,No,4.7,3.6,4.0,3,2.0,1,Yes
10286,57,R&D,Travel_Rarely,8.8,4,Divorced,6420.0,2,Yes,26.4,21.9,3.0,1,4.0,3,No
10361,53,Sales,Travel_Frequently,10.4,2,Married,6510.0,4,Yes,26.4,13.0,1.0,4,2.0,3,No
10355,58,Sales,Travel_Rarely,3.3,3,Single,,2,No,26.3,20.5,3.0,1,1.0,4,No
10482,53,R&D,Travel_Rarely,14.0,3,Married,6870.0,4,No,30.7,15.4,3.0,3,4.0,3,No
10279,22,Sales,Travel_Frequently,5.9,4,Married,2010.0,4,Yes,0.6,0.4,3.0,3,2.0,2,Yes
10013,49,R&D,Non-Travel,12.6,4,Divorced,4590.0,0,No,18.0,12.5,2.0,3,1.0,2,No
10183,39,Sales,Travel_Rarely,11.2,5,Married,3190.0,2,No,7.9,6.1,4.0,1,2.0,1,No
10369,20,Sales,Travel_Frequently,8.0,2,Married,1800.0,4,No,0.0,0.2,1.0,1,1.0,2,Yes
10600,45,Sales,Non-Travel,18.0,5,Single,4700.0,1,No,15.0,14.1,4.0,1,1.0,2,No
10631,49,R&D,Travel_Frequently,10.0,2,Married,6680.0,1,Yes,29.3,27.7,2.0,4,1.0,3,No
10224,28,R&D,Non-Travel,9.2,1,Single,3810.0,3,No,9.7,6.2,2.0,1,3.0,3,No
10972,36,R&D,Travel_Rarely,13.4,3,Divorced,3850.0,2,Yes,12.3,8.7,1.0,4,4.0,4,Yes
10715,56,R&D,Travel_Frequently,12.0,5,Single,,6,No,26.0,5.7,3.0,4,4.0,4,No
10778,24,R&D,Travel_Rarely,4.4,4,Married,2820.0,5,No,2.4,0.1,4.0,3,2.0,4,Yes
10558,55,Sales,Travel_Frequently,5.8,3,Married,5870.0,4,No,22.8,10.8,,1,2.0,1,No
10466,58,Sales,Travel_Frequently,21.0,1,Married,6110.0,1,Yes,28.3,18.8,4.0,2,4.0,3,No
10598,51,Sales,Non-Travel,7.5,2,Married,6800.0,2,No,26.0,23.1,1.0,2,2.0,3,No
10708,42,R&D,Non-Travel,5.6,2,Single,4180.0,3,No,14.9,10.1,1.0,2,1.0,3,No
10177,48,Sales,Travel_Frequently,4.4,4,Married,5860.0,1,No,24.4,18.4,3.0,1,2.0,4,No
10681,48,HR,Travel_Frequently,3.7,1,Married,6190.0,3,Yes,25.1,18.4,4.0,2,2.0,3,No
10854,29,R&D,Travel_Rarely,5.3,4,Married,,3,No,6.6,4.4,1.0,4,3.0,3,No
10955,51,Sales,Travel_Frequently,12.6,3,Single,5970.0,3,No,24.6,16.1,4.0,3,4.0,3,No
10457,25,Sales,Travel_Rarely,16.0,4,Single,3030.0,2,No,3.6,2.6,4.0,4,2.0,3,No
10533,26,R&D,Travel_Rarely,13.2,4,Single,3460.0,2,No,5.2,4.6,1.0,3,3.0,3,No
10394,43,Sales,Travel_Rarely,1.0,1,Married,27110.500060391634,5,Yes,15.7,9.4,1.0,1,3.0,3,No
10164,36,Sales,Travel_Rarely,16.3,3,Married,4420.0,4,No,11.9,5.0,1.0,1,4.0,3,Yes
10249,51,Sales,Travel_Frequently,40.0,1,Divorced,6540.0,2,No,29.8,18.7,3.0,2,2.0,4,No
10650,53,R&D,Travel_Rarely,12.1,3,Married,6810.0,1,No,31.9,28.2,1.0,3,2.0,4,No
10903,28,HR,Travel_Rarely,5.2,4,Married,3030.0,3,No,7.4,6.4,3.0,1,1.0,3,Yes
10685,26,Sales,Travel_Frequently,10.0,2,Married,2650.0,3,Yes,2.9,2.0,2.0,4,3.0,4,Yes
10376,23,Sales,Travel_Rarely,7.2,4,Married,2270.0,0,No,3.0,2.1,1.0,2,2.0,3,Yes
10413,31,R&D,Travel_Rarely,1.0,1,Single,3430.0,4,No,9.6,3.7,3.0,1,4.0,3,Yes
10075,47,R&D,Non-Travel,10.5,5,Divorced,6910.0,0,No,28.4,26.7,4.0,4,2.0,4,No
10114,38,R&D,Travel_Rarely,21.2,5,Single,5380.0,3,No,17.9,11.3,4.0,2,4.0,2,No
10584,22,Sales,Travel_Rarely,2.6,5,Single,,7,No,0.7,0.6,4.0,1,2.0,3,Yes
10573,31,Sales,Travel_Rarely,30.6,2,Married,3230.0,5,No,9.5,3.9,4.0,2,1.0,3,No
10391,49,R&D,Travel_Rarely,13.9,3,Married,5170.0,2,No,20.4,17.3,3.0,2,1.0,2,No
10105,51,R&D,Non-Travel,1.8,4,Single,6260.0,1,No,29.1,16.6,1.0,2,4.0,3,No
10115,40,R&D,Travel_Rarely,6.8,1,Married,3320.0,4,Yes,12.1,8.2,1.0,3,1.0,3,Yes
10418,24,R&D,Non-Travel,17.5,2,Single,3520.0,4,No,5.3,3.8,4.0,3,4.0,3,No
10669,56,Sales,Travel_Frequently,9.0,3,Married,,3,Yes,34.0,28.4,4.0,4,4.0,3,No
10458,45,Sales,Travel_Frequently,6.5,2,Single,5460.0,0,Yes,21.7,20.0,3.0,2,4.0,4,No
10410,20,Sales,Travel_Frequently,21.9,3,Single,1900.0,3,Yes,0.4,0.7,1.0,3,,4,No
10093,53,R&D,Travel_Rarely,28.8,1,Married,5840.0,1,Yes,23.0,21.0,1.0,4,2.0,3,No
10820,59,Sales,Travel_Rarely,3.1,2,Married,7350.0,2,Yes,33.7,33.0,1.0,2,2.0,3,No
10090,53,R&D,Travel_Rarely,12.4,1,Married,5250.0,3,No,20.7,15.3,1.0,1,1.0,3,No
10337,58,R&D,Travel_Rarely,13.8,4,Single,7270.0,2,No,33.8,25.3,1.0,3,4.0,4,No
10860,52,R&D,Travel_Rarely,6.5,1,Single,6180.0,3,No,20.9,15.0,1.0,1,3.0,4,No
10940,40,HR,Non-Travel,15.9,3,Single,,3,No,20.7,17.1,2.0,2,2.0,2,Yes
10952,32,Sales,Travel_Rarely,14.1,3,Single,3940.0,3,No,12.5,7.3,2.0,4,2.0,3,No
10884,26,R&D,Non-Travel,5.9,4,Single,2810.0,1,No,5.7,4.2,3.0,2,1.0,3,No
10621,37,Sales,Non-Travel,11.2,5,Single,4220.0,3,Yes,15.3,11.7,3.0,2,4.0,3,No
10790,20,Sales,Travel_Rarely,9.9,1,Married,2010.0,3,Yes,1.7,1.0,3.0,3,1.0,4,Yes
10627,33,Sales,Travel_Frequently,15.1,4,Married,,4,Yes,10.3,7.5,1.0,3,1.0,3,Yes
10095,55,Sales,Travel_Rarely,20.6,4,Married,5580.0,4,No,19.0,9.5,,1,3.0,4,No
10012,59,Sales,Travel_Rarely,14.1,3,Married,8670.0,4,Yes,38.2,22.1,3.0,3,1.0,3,No
10397,21,Sales,Travel_Frequently,1.5,2,Married,2140.0,2,Yes,0.5,1.1,4.0,2,4.0,3,No
10546,22,Sales,Non-Travel,13.2,3,Single,2290.0,2,No,3.1,1.6,4.0,1,2.0,3,Yes
10044,34,R&D,Travel_Rarely,2.5,1,Single,4180.0,1,Yes,14.4,12.7,2.0,4,3.0,3,No
10043,48,R&D,Non-Travel,16.1,3,Divorced,6590.0,4,No,28.2,11.1,2.0,2,2.0,1,No
10168,26,HR,Travel_Rarely,8.5,4,Married,3780.0,5,No,8.4,1.9,4.0,2,1.0,4,No
10417,58,Sales,Travel_Frequently,25.9,4,Married,5750.0,4,No,25.0,14.6,4.0,1,3.0,2,No
10877,41,R&D,Travel_Rarely,7.0,2,Married,5340.0,3,Yes,22.2,12.0,4.0,1,2.0,3,No
10427,54,R&D,Travel_Frequently,11.9,3,Married,,1,Yes,21.0,17.5,2.0,3,1.0,3,No
10900,44,Sales,Travel_Rarely,4.7,1,Divorced,4630.0,3,No,20.6,14.4,2.0,1,1.0,4,No
10981,43,R&D,Travel_Rarely,9.3,1,Single,4480.0,3,No,17.8,17.5,2.0,4,3.0,4,No
10976,29,R&D,Travel_Rarely,4.5,5,Married,2540.0,3,No,5.8,4.7,2.0,4,4.0,1,No
10688,43,R&D,Travel_Frequently,9.5,1,Single,5870.0,3,No,24.3,20.6,2.0,4,2.0,4,No
10258,24,Sales,Travel_Rarely,10.5,4,Single,2540.0,1,No,3.1,1.4,4.0,4,1.0,4,Yes
10336,52,Sales,Travel_Rarely,12.0,5,Divorced,6520.0,3,No,26.0,21.2,1.0,1,1.0,4,No
10016,51,Sales,Travel_Rarely,14.6,4,Single,5500.0,2,No,20.5,16.0,3.0,4,2.0,4,No
10645,50,Sales,Travel_Rarely,9.3,3,Single,5870.0,3,Yes,22.6,15.7,3.0,3,1.0,1,No
10325,59,Sales,Non-Travel,21.9,1,Single,7340.0,2,No,37.5,28.3,4.0,1,2.0,3,No
10775,53,Sales,Travel_Frequently,17.4,5,Single,5270.0,1,Yes,20.1,17.2,3.0,1,,3,Yes
10223,48,HR,Travel_Frequently,25.1,1,Divorced,4840.0,7,No,16.4,1.9,2.0,3,2.0,3,No
10180,40,HR,Travel_Rarely,6.2,4,Single,4200.0,3,No,14.6,13.8,3.0,4,3.0,2,No
10661,27,Sales,Travel_Rarely,5.0,3,Married,2740.0,5,No,5.1,2.5,4.0,2,4.0,3,No
10522,25,R&D,Travel_Rarely,13.2,5,Single,1950.0,2,No,3.7,3.7,4.0,3,1.0,3,Yes
10023,27,Sales,Non-Travel,30.3,1,Single,,5,No,4.8,1.0,1.0,3,1.0,3,No
10357,26,R&D,Travel_Frequently,9.0,2,Single,3030.0,4,Yes,6.4,4.1,3.0,1,3.0,2,Yes
10962,36,Sales,Travel_Frequently,7.7,4,Single,4020.0,3,Yes,12.6,9.1,2.0,3,3.0,1,Yes
10906,48,R&D,Travel_Rarely,9.5,5,Married,5790.0,4,Yes,22.2,8.4,4.0,3,3.0,3,No
10341,45,R&D,Travel_Rarely,5.2,5,Married,4130.0,0,Yes,15.1,13.9,1.0,1,4.0,3,No
10432,49,Sales,Travel_Frequently,14.1,1,Married,36555.80676209633,6,No,20.5,6.3,1.0,4,4.0,3,No
10774,48,R&D,Travel_Frequently,8.9,1,Single,6190.0,24,Yes,25.7,20.1,4.0,3,1.0,3,No
10851,59,R&D,Travel_Rarely,20.5,1,Single,7870.0,2,No,37.0,33.9,3.0,1,3.0,2,No
10204,47,Sales,Travel_Frequently,9.4,5,Single,6520.0,7,Yes,28.3,10.4,3.0,2,3.0,4,Yes
10918,51,Sales,Travel_Rarely,32.4,3,Single,6070.0,2,No,24.3,16.1,2.0,2,2.0,4,No
10094,35,Sales,Non-Travel,8.9,3,Divorced,3770.0,4,Yes,12.0,7.5,4.0,2,4.0,3,No
10571,57,HR,Travel_Rarely,10.0,5,Married,7550.0,3,No,37.1,25.5,2.0,3,,3,No
10069,23,R&D,Travel_Rarely,14.6,4,Married,2240.0,3,No,0.0,0.0,1.0,4,1.0,3,Yes
10755,42,Sales,Travel_Frequently,13.6,3,Married,3940.0,3,Yes,13.0,5.3,2.0,4,3.0,3,No
10285,37,HR,Travel_Rarely,6.2,5,Divorced,4160.0,3,No,17.9,10.0,3.0,2,4.0,4,No
10928,32,R&D,Travel_Rarely,13.1,2,Married,3780.0,4,Yes,8.6,3.2,2.0,1,2.0,3,No
10435,37,HR,Travel_Frequently,14.4,4,Married,,3,No,15.1,8.3,3.0,1,3.0,4,Yes
10154,31,R&D,Non-Travel,1.4,2,Married,3340.0,7,No,7.8,1.4,1.0,2,3.0,4,Yes
10076,39,R&D,Travel_Rarely,14.3,1,Single,3900.0,1,No,13.8,12.6,3.0,1,2.0,4,No
10747,41,Sales,Travel_Frequently,6.8,4,Married,4970.0,2,Yes,17.0,16.6,,3,3.0,4,No
10447,32,Sales,Travel_Rarely,1.9,3,Married,3300.0,1,No,10.7,10.3,3.0,2,,3,No
10189,29,HR,Travel_Rarely,34.8,3,Single,2910.0,3,No,7.8,6.4,2.0,3,1.0,2,No
10272,20,R&D,Travel_Frequently,10.0,5,Divorced,2720.0,4,Yes,0.0,0.5,2.0,4,1.0,3,Yes
10237,46,R&D,Non-Travel,22.7,3,Married,5170.0,0,Yes,17.1,15.7,4.0,3,4.0,2,No
10488,41,Sales,Travel_Frequently,1.2,5,Married,4200.0,4,Yes,11.7,6.6,3.0,1,1.0,3,Yes
10118,25,Sales,Travel_Rarely,13.8,2,Single,2540.0,2,No,5.2,3.4,1.0,3,4.0,3,No
10836,51,Sales,Travel_Rarely,5.1,3,Divorced,6780.0,3,Yes,30.6,14.5,4.0,2,1.0,4,No
10513,53,HR,Non-Travel,12.7,2,Married,5730.0,2,No,26.2,26.0,2.0,3,2.0,3,No
10077,33,Sales,Travel_Rarely,15.2,3,Divorced,4100.0,2,No,13.7,10.6,3.0,4,4.0,4,No
10686,52,R&D,Travel_Rarely,7.3,1,Single,6720.0,3,No,28.7,16.2,3.0,1,4.0,4,No
10127,23,Sales,Travel_Rarely,19.8,2,Single,2230.0,3,No,0.0,0.4,4.0,1,1.0,4,Yes
10117,21,Sales,Travel_Rarely,1.2,5,Married,1980.0,3,No,0.9,0.8,3.0,4,2.0,3,No
10474,38,HR,Travel_Rarely,7.0,4,Married,4590.0,2,No,19.3,18.9,3.0,2,4.0,4,No
10709,39,R&D,Travel_Rarely,19.7,4,Divorced,4810.0,2,No,12.3,11.1,3.0,4,2.0,2,No
10058,26,Sales,Travel_Rarely,4.4,2,Married,3020.0,2,No,6.7,6.1,3.0,1,2.0,4,No
10690,51,Sales,Travel_Rarely,13.7,2,Married,6530.0,0,No,26.9,26.8,1.0,4,1.0,2,No
10930,43,Sales,Travel_Rarely,28.3,2,Married,4830.0,6,No,17.8,3.3,4.0,4,3.0,3,No
10370,50,R&D,Travel_Rarely,14.9,1,Married,4960.0,1,Yes,20.1,16.6,3.0,1,4.0,2,No
10269,44,R&D,Non-Travel,9.0,2,Married,4370.0,4,No,15.6,12.2,2.0,1,1.0,3,Yes
10047,37,R&D,Travel_Rarely,1.0,4,Married,3490.0,2,No,9.7,8.6,1.0,1,1.0,2,Yes
10350,26,R&D,Travel_Rarely,10.8,5,Married,3100.0,0,Yes,7.3,5.0,3.0,4,4.0,3,Yes
10196,23,R&D,Travel_Rarely,16.0,4,Single,2320.0,2,Yes,0.1,1.3,4.0,1,4.0,3,Yes
10320,50,Sales,Non-Travel,5.4,5,Divorced,6010.0,4,Yes,23.5,18.8,4.0,4,4.0,3,No
10852,52,R&D,Travel_Rarely,1.0,2,Single,6870.0,0,No,30.3,22.9,1.0,3,1.0,3,No
10707,20,Sales,Non-Travel,4.5,1,Married,2880.0,5,Yes,4.2,1.3,1.0,4,1.0,3,Yes
10753,23,R&D,Travel_Rarely,5.8,5,Married,2820.0,3,No,3.9,3.0,2.0,2,3.0,2,Yes
10264,57,R&D,Travel_Rarely,1.0,1,Divorced,6160.0,1,No,27.1,21.7,1.0,1,3.0,3,No
10444,39,HR,Non-Travel,5.7,4,Single,3620.0,2,No,14.3,8.0,3.0,4,2.0,3,No
10959,58,Sales,Travel_Frequently,11.9,4,Divorced,7760.0,5,Yes,38.1,11.5,2.0,1,2.0,4,No
10305,41,HR,Travel_Rarely,31.0,4,Married,3800.0,5,No,12.1,7.2,1.0,3,3.0,3,No
10342,31,R&D,Travel_Rarely,2.2,3,Married,3670.0,5,Yes,10.8,4.0,1.0,3,2.0,3,No
10614,35,R&D,Travel_Frequently,36.0,1,Single,4020.0,6,Yes,14.2,7.6,2.0,3,3.0,4,No
10987,44,R&D,Travel_Rarely,25.9,2,Divorced,6310.0,3,Yes,23.3,10.1,1.0,1,1.0,3,No
10150,22,R&D,Travel_Rarely,16.1,4,Married,2170.0,2,No,0.6,0.7,3.0,4,2.0,3,Yes
10125,54,R&D,Travel_Rarely,6.0,1,Single,7010.0,4,Yes,33.5,14.1,2.0,4,1.0,3,No
10803,40,Sales,Travel_Frequently,14.3,4,Married,4460.0,2,Yes,18.3,14.2,2.0,1,2.0,2,No
10870,21,R&D,Travel_Frequently,8.0,4,Married,1840.0,4,No,2.2,1.7,3.0,3,4.0,3,Yes
10051,50,R&D,Travel_Rarely,2.9,2,Divorced,5340.0,3,No,23.7,19.8,3.0,1,3.0,3,No
10354,37,R&D,Non-Travel,10.5,2,Married,4060.0,4,No,16.4,10.3,1.0,2,4.0,3,No
10946,24,Sales,Travel_Frequently,2.8,4,Married,2460.0,2,Yes,0.8,0.3,4.0,1,4.0,4,Yes
10143,31,R&D,Travel_Frequently,9.1,1,Single,3340.0,5,Yes,8.7,6.0,2.0,4,1.0,3,No
10471,49,Sales,Travel_Frequently,13.9,2,Married,4630.0,3,Yes,17.8,11.2,2.0,1,2.0,1,Yes
10400,32,HR,Travel_Rarely,14.7,1,Married,3290.0,3,No,7.6,5.8,4.0,2,3.0,4,No
10717,40,Sales,Non-Travel,29.0,3,Divorced,4770.0,3,No,15.2,12.0,4.0,1,2.0,3,No
10321,32,Sales,Travel_Rarely,6.9,1,Married,4040.0,3,Yes,8.7,4.2,,4,2.0,3,No
10020,38,R&D,Travel_Frequently,19.5,1,Married,5450.0,2,Yes,19.3,15.9,2.0,3,4.0,3,No
10827,47,R&D,Travel_Frequently,10.7,4,Married,4950.0,2,No,21.3,15.9,4.0,2,1.0,1,No
10807,41,Sales,Travel_Rarely,12.3,2,Single,,8,Yes,18.5,4.2,1.0,2,4.0,3,Yes
10826,23,Sales,Travel_Frequently,25.1,2,Divorced,2760.0,3,Yes,3.4,2.7,2.0,4,1.0,4,Yes
10408,25,R&D,Travel_Frequently,22.8,1,Married,3000.0,1,No,4.2,3.6,4.0,4,1.0,4,No
10538,24,Sales,Travel_Frequently,9.3,1,Married,,5,Yes,2.9,0.7,2.0,4,3.0,3,Yes
10636,47,R&D,Travel_Rarely,5.7,4,Single,5640.0,2,No,20.8,16.0,2.0,1,3.0,4,No
10039,31,R&D,Travel_Frequently,12.5,4,Married,3020.0,5,Yes,8.4,2.7,4.0,2,1.0,3,Yes
10176,38,Sales,Non-Travel,3.2,4,Married,5020.0,3,No,15.3,13.0,1.0,4,2.0,3,Yes
10246,23,Sales,Travel_Rarely,1.7,4,Married,2750.0,4,No,5.2,3.7,3.0,1,1.0,3,No
10846,20,Sales,Travel_Rarely,5.0,5,Single,1920.0,3,No,0.0,0.8,,4,2.0,3,No
10683,58,Sales,Travel_Rarely,10.1,5,Single,,4,Yes,28.2,18.9,4.0,4,4.0,3,No
10771,46,Sales,Travel_Frequently,7.2,4,Divorced,6700.0,3,No,26.4,16.6,,4,3.0,3,No
10969,56,Sales,Non-Travel,5.8,4,Married,7510.0,4,Yes,32.0,16.1,3.0,4,1.0,3,No
10155,37,R&D,Travel_Frequently,3.1,5,Divorced,4740.0,4,No,15.0,9.6,4.0,3,,2,No
10288,42,Sales,Travel_Rarely,22.1,4,Married,4350.0,2,Yes,16.5,14.9,2.0,2,4.0,3,No
10618,30,R&D,Non-Travel,17.7,4,Married,4190.0,1,No,9.2,7.3,3.0,4,4.0,2,No
10570,42,Sales,Travel_Rarely,7.1,1,Married,5140.0,3,No,16.0,5.9,2.0,4,2.0,3,No
10760,49,R&D,Travel_Rarely,23.9,3,Married,6020.0,4,Yes,26.7,12.3,3.0,1,2.0,3,No
10018,25,Sales,Non-Travel,7.7,1,Divorced,2930.0,1,Yes,2.3,2.0,4.0,2,1.0,1,Yes
10128,50,Sales,Travel_Rarely,10.9,5,Single,5300.0,3,No,20.4,14.2,1.0,4,1.0,4,No
10323,44,R&D,Non-Travel,2.1,3,Divorced,,3,No,13.6,8.2,2.0,1,4.0,3,No
10256,25,R&D,Non-Travel,28.1,5,Single,3520.0,3,Yes,3.6,3.3,1.0,3,3.0,3,Yes
10689,37,R&D,Travel_Rarely,27.1,5,Married,3900.0,5,No,10.6,4.7,1.0,4,1.0,3,No
10985,43,R&D,Travel_Frequently,9.5,3,Divorced,5390.0,3,No,20.9,16.9,3.0,4,2.0,3,No
10191,47,R&D,Travel_Rarely,6.1,1,Married,4790.0,0,No,18.5,16.6,2.0,1,4.0,4,No
10116,42,HR,Travel_Rarely,16.5,1,Married,4890.0,5,No,17.8,7.2,1.0,1,2.0,3,No
10632,33,Sales,Travel_Frequently,8.2,3,Married,28976.27529078411,4,No,11.4,4.1,1.0,2,2.0,4,No
10607,32,Sales,Travel_Rarely,14.6,1,Married,3710.0,3,No,9.2,4.5,1.0,3,1.0,3,No
10181,57,R&D,Non-Travel,3.1,3,Married,5680.0,0,No,21.0,18.1,1.0,1,4.0,3,No
10302,53,R&D,Travel_Rarely,12.3,5,Single,5840.0,0,No,22.8,22.3,3.0,4,4.0,2,No
10941,47,R&D,Travel_Rarely,4.9,3,Married,5130.0,3,No,18.1,11.8,3.0,1,1.0,3,No
10729,39,R&D,Travel_Frequently,21.0,5,Married,4670.0,3,No,21.5,17.7,4.0,1,2.0,2,No
10740,55,R&D,Travel_Frequently,12.2,2,Married,5570.0,2,Yes,21.7,17.1,3.0,3,1.0,4,No
10974,38,Sales,Travel_Rarely,16.6,3,Single,4380.0,3,No,14.5,9.2,3.0,1,4.0,4,No
10788,47,Sales,Travel_Frequently,1.6,3,Single,5480.0,5,No,18.6,10.2,4.0,3,4.0,3,No
10518,22,Sales,Non-Travel,14.5,3,Single,2590.0,2,No,2.2,0.9,3.0,1,2.0,3,No
10412,29,Sales,Travel_Frequently,1.8,4,Divorced,2840.0,3,Yes,7.7,5.4,1.0,1,1.0,4,Yes
10046,58,R&D,Travel_Frequently,7.2,4,Married,6700.0,1,No,30.4,23.5,2.0,1,2.0,4,No
10927,41,HR,Travel_Frequently,18.8,3,Divorced,3240.0,4,Yes,10.9,4.4,3.0,4,4.0,3,Yes
10158,42,Sales,Travel_Rarely,10.6,1,Married,4400.0,3,No,13.2,9.8,3.0,4,1.0,2,No
10761,27,Sales,Travel_Frequently,5.0,1,Married,2430.0,2,No,4.5,3.2,1.0,3,2.0,2,Yes
10172,23,R&D,Travel_Rarely,32.1,2,Single,2610.0,4,No,1.2,0.8,3.0,1,3.0,3,Yes
10017,40,R&D,Travel_Frequently,12.6,3,Married,4830.0,5,No,17.7,5.8,4.0,4,3.0,4,No
10512,49,Sales,Travel_Rarely,1.6,5,Single,6130.0,4,No,23.9,9.6,3.0,1,4.0,3,No
10049,47,R&D,Travel_Frequently,8.8,2,Single,6750.0,2,No,27.4,25.0,3.0,2,3.0,3,No
10992,41,R&D,Non-Travel,12.8,5,Married,5150.0,3,No,18.9,11.1,1.0,2,1.0,3,No
10858,22,Sales,Travel_Frequently,17.2,1,Married,2340.0,24,Yes,2.2,1.7,1.0,2,2.0,3,Yes
10516,24,Sales,Travel_Rarely,6.8,3,Single,,4,No,3.8,1.5,1.0,2,4.0,3,Yes
10912,27,R&D,Travel_Frequently,4.5,1,Married,3100.0,1,Yes,6.6,4.7,1.0,1,2.0,3,Yes
10481,31,HR,Travel_Frequently,11.4,2,Married,2730.0,2,No,9.0,9.0,4.0,2,3.0,4,No
10284,39,Sales,Travel_Frequently,19.7,5,Single,3460.0,2,No,14.0,8.4,4.0,4,2.0,3,No
10735,28,R&D,Travel_Rarely,1.0,1,Single,3120.0,2,No,5.7,6.0,1.0,2,4.0,3,Yes
10670,25,R&D,Travel_Frequently,23.5,1,Divorced,2830.0,3,Yes,4.8,4.9,2.0,3,4.0,4,Yes
10226,32,R&D,Travel_Rarely,21.1,5,Single,3310.0,3,No,8.4,5.6,1.0,1,1.0,2,No
10027,36,R&D,Travel_Rarely,8.6,2,Married,4840.0,3,No,17.1,6.3,1.0,2,1.0,3,No
10799,32,R&D,Travel_Frequently,12.1,5,Married,4810.0,2,Yes,12.3,10.9,1.0,3,3.0,4,No
10438,57,R&D,Travel_Rarely,2.1,3,Married,6180.0,4,No,24.7,10.1,2.0,4,4.0,3,No
10970,21,R&D,Non-Travel,6.4,2,Single,2420.0,5,No,3.4,0.7,3.0,3,4.0,3,Yes
10365,24,Sales,Non-Travel,10.4,5,Married,1790.0,7,No,1.2,0.4,2.0,1,2.0,2,Yes
10230,27,R&D,Travel_Frequently,10.0,2,Married,3440.0,3,No,7.0,5.5,2.0,2,2.0,4,Yes
10038,53,Sales,Travel_Rarely,1.1,3,Single,4890.0,3,No,20.2,12.5,3.0,2,4.0,3,No
10986,46,Sales,Travel_Rarely,1.7,2,Single,5480.0,2,No,20.0,15.9,4.0,1,2.0,4,No
10375,55,R&D,Travel_Frequently,9.6,2,Single,6350.0,2,Yes,31.9,30.1,3.0,3,2.0,2,No
10470,57,R&D,Non-Travel,14.4,2,Married,6690.0,3,No,26.4,12.1,4.0,4,2.0,4,No
10988,32,R&D,Travel_Rarely,11.4,5,Married,3910.0,2,No,8.8,7.1,2.0,3,3.0,3,Yes
10868,53,Sales,Travel_Frequently,19.0,5,Single,5800.0,5,No,23.8,17.0,3.0,4,3.0,3,No
10909,34,Sales,Non-Travel,10.2,1,Married,4230.0,3,No,11.9,7.5,1.0,4,4.0,1,No
10742,50,R&D,Travel_Frequently,8.9,1,Married,5930.0,2,No,21.6,19.3,4.0,1,4.0,3,No
10195,58,R&D,Travel_Frequently,8.3,5,Single,7640.0,3,No,36.3,19.3,2.0,4,2.0,4,No
10935,37,HR,Travel_Rarely,5.7,3,Married,3400.0,2,No,10.3,8.5,3.0,4,2.0,2,No
10882,54,HR,Travel_Rarely,8.7,4,Single,5560.0,3,Yes,20.6,13.0,4.0,1,3.0,3,No
10504,54,Sales,Non-Travel,1.1,3,Single,5300.0,5,No,22.1,14.8,,2,,3,No
10990,51,HR,Travel_Rarely,5.7,1,Single,6390.0,3,No,25.7,18.2,2.0,1,4.0,3,No
10848,22,R&D,Travel_Rarely,1.1,5,Single,2330.0,3,No,1.5,1.0,1.0,2,3.0,3,Yes
10580,24,Sales,Non-Travel,3.0,5,Married,2630.0,2,No,3.4,3.3,2.0,4,2.0,2,No
10989,29,R&D,Non-Travel,13.8,5,Divorced,4080.0,3,No,9.8,5.2,2.0,4,1.0,3,No
10163,36,R&D,Travel_Rarely,13.0,2,Single,3860.0,2,No,11.9,9.3,,2,1.0,4,Yes
10718,39,R&D,Travel_Rarely,18.4,5,Single,5130.0,3,No,16.4,11.4,4.0,2,1.0,2,No
10153,56,HR,Travel_Rarely,15.9,4,Divorced,7010.0,1,No,31.2,28.6,3.0,3,1.0,3,No
10697,48,Sales,Travel_Frequently,9.2,2,Divorced,,2,Yes,19.8,11.6,2.0,1,1.0,3,No
10716,51,R&D,Travel_Frequently,14.0,1,Married,5940.0,2,No,25.1,15.1,3.0,2,1.0,2,No
10929,36,R&D,Non-Travel,38.4,3,Single,4260.0,4,No,16.3,8.6,1.0,2,2.0,3,No
10112,51,R&D,Travel_Rarely,10.2,5,Married,6250.0,3,No,26.4,14.8,1.0,1,2.0,4,No
10227,52,R&D,Travel_Frequently,8.1,3,Single,5550.0,0,Yes,21.5,19.2,4.0,4,1.0,4,No
10704,26,Sales,Travel_Rarely,3.6,1,Married,3440.0,3,Yes,6.3,4.5,1.0,4,,3,No
10104,20,HR,Travel_Rarely,5.9,2,Single,1950.0,5,Yes,0.0,0.0,3.0,1,4.0,3,No
10422,47,R&D,Travel_Frequently,3.6,1,Married,6310.0,1,Yes,27.5,20.4,2.0,2,2.0,4,Yes
10420,40,R&D,Travel_Frequently,7.3,2,Married,4860.0,5,No,14.0,2.4,2.0,4,1.0,4,No
10849,52,R&D,Travel_Frequently,11.0,4,Married,6730.0,1,No,26.5,23.4,3.0,3,1.0,3,No
10587,47,R&D,Travel_Frequently,7.9,1,Single,5790.0,3,No,25.4,20.1,1.0,1,2.0,3,No
10797,58,Sales,Travel_Rarely,28.1,4,Single,6670.0,1,No,24.7,24.4,1.0,3,1.0,3,No
10673,45,Sales,Travel_Rarely,12.8,2,Married,4310.0,4,No,17.0,11.4,3.0,1,2.0,3,No
10120,24,R&D,Travel_Rarely,34.6,4,Married,3060.0,1,No,3.0,2.4,4.0,3,4.0,3,No
10054,38,Sales,Travel_Rarely,16.8,2,Married,4410.0,1,No,14.3,11.0,1.0,4,3.0,4,No
10152,31,Sales,Travel_Frequently,2.8,4,Married,12268.663864966278,5,Yes,10.2,5.3,1.0,4,2.0,2,Yes
10404,58,R&D,Travel_Frequently,21.8,3,Married,6860.0,2,Yes,31.7,29.3,2.0,3,4.0,3,No
10964,28,Sales,Travel_Rarely,4.4,3,Single,2500.0,3,No,5.2,5.0,3.0,1,1.0,3,Yes
10208,58,R&D,Travel_Rarely,13.0,4,Single,8020.0,2,No,34.7,21.8,1.0,3,2.0,3,No
10659,22,Sales,Travel_Rarely,3.3,1,Single,2120.0,3,Yes,1.9,1.7,2.0,3,4.0,3,Yes
10884,26,R&D,Non-Travel,5.9,4,Single,2810.0,1,No,5.7,4.2,3.0,2,1.0,3,No
10779,30,Sales,Travel_Rarely,7.8,4,Single,3370.0,6,No,8.1,1.3,,3,1.0,3,Yes
10009,28,R&D,Travel_Rarely,12.1,4,Divorced,2880.0,4,No,4.2,1.9,1.0,2,2.0,3,Yes
10825,44,Sales,Travel_Rarely,6.8,4,Single,4610.0,4,No,18.3,9.9,1.0,1,,2,No
10037,54,R&D,Travel_Rarely,4.9,4,Married,6440.0,2,Yes,28.0,23.9,1.0,2,4.0,3,No
10453,39,Sales,Travel_Rarely,7.6,4,Single,4170.0,5,No,14.1,5.2,4.0,2,2.0,3,No
10652,46,R&D,Travel_Rarely,13.0,1,Single,5210.0,3,No,25.5,11.1,,1,3.0,3,No
10254,33,Sales,Travel_Rarely,8.3,3,Married,3680.0,0,No,10.1,8.8,1.0,1,1.0,2,Yes
10304,55,HR,Travel_Rarely,21.5,1,Married,6530.0,3,Yes,27.7,15.9,3.0,3,2.0,4,No
10763,57,Sales,Travel_Rarely,10.2,1,Married,6200.0,2,Yes,27.1,16.9,3.0,1,2.0,3,No
10572,36,Sales,Travel_Frequently,13.8,4,Married,4540.0,2,Yes,12.8,6.3,2.0,4,1.0,2,No
10624,36,Sales,Travel_Rarely,10.5,2,Single,3250.0,4,No,11.0,5.2,4.0,3,4.0,3,No
10859,46,R&D,Non-Travel,11.1,3,Married,7060.0,2,No,26.1,21.0,4.0,4,1.0,3,No
10759,25,R&D,Travel_Rarely,6.1,4,Single,2570.0,5,No,3.1,1.2,2.0,1,4.0,4,Yes
10263,31,R&D,Travel_Rarely,33.9,3,Single,3150.0,4,No,5.8,4.7,1.0,1,2.0,3,Yes
10611,53,R&D,Non-Travel,9.5,3,Married,5410.0,3,No,21.3,15.8,1.0,3,1.0,4,No
10298,37,Sales,Travel_Rarely,12.6,4,Single,4090.0,5,No,14.7,6.7,1.0,2,3.0,4,No
10415,20,R&D,Travel_Rarely,18.7,4,Single,2030.0,2,No,0.0,0.0,4.0,3,4.0,3,Yes
10151,54,Sales,Travel_Frequently,10.3,1,Married,6460.0,5,Yes,26.3,16.1,,3,1.0,3,No
10862,57,R&D,Travel_Rarely,11.9,4,Single,7110.0,2,No,29.7,24.8,2.0,4,2.0,3,No
10641,46,Sales,Travel_Rarely,33.3,2,Divorced,5700.0,2,No,19.7,18.5,3.0,2,3.0,3,No
10907,36,R&D,Travel_Rarely,13.0,3,Single,4650.0,2,No,17.5,13.8,3.0,1,,3,No
10551,52,HR,Travel_Rarely,31.8,3,Divorced,6130.0,3,No,25.9,21.2,2.0,1,2.0,3,No
10808,24,Sales,Travel_Frequently,10.5,5,Married,2800.0,5,Yes,3.1,1.7,4.0,2,4.0,3,Yes
10489,50,R&D,Travel_Rarely,11.0,3,Married,5810.0,2,No,20.8,14.7,3.0,3,3.0,3,No
10711,47,HR,Travel_Rarely,1.8,5,Married,5970.0,3,No,23.1,13.1,1.0,2,2.0,3,No
10148,29,HR,Travel_Rarely,3.3,1,Single,3160.0,1,Yes,7.5,6.7,4.0,4,1.0,3,No
10147,21,Sales,Travel_Rarely,2.4,2,Single,2230.0,3,No,1.4,1.3,3.0,3,4.0,3,No
10737,49,Sales,Non-Travel,7.1,3,Married,5260.0,2,No,19.5,18.8,4.0,3,2.0,3,No
10950,31,Sales,Travel_Frequently,2.5,4,Single,2820.0,3,No,6.7,3.9,4.0,1,2.0,2,Yes
10756,37,R&D,Travel_Rarely,15.1,5,Single,4510.0,2,No,16.0,12.3,3.0,2,4.0,4,No
10660,31,HR,Travel_Rarely,21.1,5,Divorced,3970.0,3,No,11.2,4.2,2.0,3,3.0,3,No
10349,27,R&D,Travel_Rarely,5.2,5,Single,3500.0,2,No,4.7,3.8,4.0,2,3.0,4,No
10464,36,R&D,Travel_Rarely,3.3,2,Married,3710.0,5,No,12.1,8.3,2.0,3,1.0,3,Yes
10326,29,HR,Travel_Rarely,26.9,1,Divorced,3790.0,2,No,7.3,4.5,4.0,4,4.0,4,No
10187,26,Sales,Travel_Rarely,3.8,5,Married,2850.0,2,No,4.4,3.4,2.0,1,1.0,4,Yes
10124,38,R&D,Travel_Frequently,6.0,4,Married,3310.0,5,No,13.1,9.5,2.0,2,2.0,4,Yes
10871,38,Sales,Travel_Rarely,15.6,4,Single,3690.0,7,No,10.1,3.3,,2,,4,Yes
10609,58,Sales,Travel_Rarely,12.2,1,Married,7950.0,4,No,38.8,36.2,4.0,4,4.0,3,No
10144,36,Sales,Travel_Rarely,3.6,1,Married,3170.0,3,No,9.0,6.0,4.0,4,2.0,3,No
10979,34,R&D,Travel_Rarely,16.2,5,Married,4480.0,3,Yes,12.6,9.8,3.0,1,2.0,2,No
10198,24,R&D,Travel_Rarely,6.9,1,Single,2510.0,2,No,0.7,0.5,1.0,3,2.0,4,No
10610,54,R&D,Travel_Rarely,11.6,5,Divorced,5720.0,4,Yes,22.7,8.7,4.0,1,3.0,3,No
10280,23,Sales,Travel_Rarely,16.2,4,Divorced,1890.0,5,No,3.0,1.2,3.0,1,3.0,3,No
10294,33,Sales,Travel_Frequently,15.2,2,Married,3030.0,4,Yes,7.4,2.3,4.0,3,2.0,4,Yes
10401,59,Sales,Travel_Rarely,1.0,1,Single,7630.0,1,No,31.7,28.1,2.0,2,2.0,4,No
10123,46,R&D,Travel_Rarely,6.8,1,Single,6630.0,0,No,26.7,25.8,2.0,2,3.0,3,No
10184,47,R&D,Travel_Frequently,6.3,5,Married,5710.0,3,Yes,22.1,8.2,3.0,2,3.0,3,No
10203,39,R&D,Travel_Rarely,20.4,1,Married,3850.0,3,No,12.4,10.7,2.0,3,1.0,3,No
10439,23,Sales,Travel_Rarely,42.0,1,Single,,3,No,2.2,0.7,2.0,1,4.0,4,No
10247,50,R&D,Travel_Frequently,6.6,2,Divorced,5990.0,22,No,21.3,3.2,4.0,4,2.0,1,No
10416,47,R&D,Travel_Rarely,6.2,4,Divorced,6010.0,6,No,23.7,6.4,3.0,1,3.0,4,No
10793,48,R&D,Travel_Rarely,51.7,5,Married,34847.66090531346,3,No,24.0,17.3,3.0,1,1.0,3,No
10782,45,Sales,Non-Travel,2.4,5,Married,4740.0,1,No,17.9,13.4,2.0,2,2.0,2,No
10924,25,Sales,Travel_Rarely,17.5,2,Married,2610.0,4,No,3.0,2.0,4.0,1,3.0,2,No
10785,39,R&D,Travel_Rarely,8.4,4,Single,5410.0,3,No,19.2,11.3,1.0,4,2.0,2,No
10905,38,Sales,Travel_Rarely,13.0,4,Single,4780.0,5,No,16.0,8.2,2.0,1,4.0,3,No
10130,45,HR,Non-Travel,4.3,4,Single,5370.0,1,Yes,22.3,15.9,2.0,3,3.0,2,No
10638,31,R&D,Non-Travel,2.4,3,Single,3310.0,3,No,7.3,7.5,1.0,1,4.0,3,No
10403,32,Sales,Travel_Rarely,5.0,1,Married,3400.0,3,Yes,9.5,6.8,2.0,2,4.0,2,No
10801,20,R&D,Travel_Rarely,13.1,1,Married,1500.0,4,No,0.0,0.0,3.0,2,3.0,4,No
10787,21,R&D,Non-Travel,9.1,4,Married,2420.0,2,Yes,0.0,0.0,1.0,1,3.0,1,Yes
10736,46,R&D,Non-Travel,12.0,2,Married,4250.0,0,No,13.8,12.8,1.0,2,3.0,4,No
10931,41,R&D,Non-Travel,29.7,3,Married,5640.0,4,Yes,17.5,7.7,4.0,3,1.0,4,No
10220,56,Sales,Travel_Rarely,4.4,2,Married,7640.0,1,No,34.9,27.6,2.0,2,2.0,4,No
10642,56,R&D,Travel_Rarely,12.3,5,Single,6450.0,2,Yes,30.4,29.5,4.0,1,3.0,4,No
10933,30,R&D,Non-Travel,11.1,4,Single,2480.0,1,No,3.7,2.7,2.0,4,4.0,3,No
10853,58,R&D,Travel_Rarely,7.2,3,Single,7000.0,6,No,29.2,15.9,3.0,2,,3,No
10824,46,R&D,Travel_Rarely,10.6,1,Divorced,5960.0,2,No,24.2,22.7,2.0,4,4.0,1,No
10938,25,Sales,Travel_Rarely,22.5,3,Married,2980.0,4,No,3.8,2.1,4.0,1,1.0,3,Yes
10625,44,Sales,Non-Travel,6.1,1,Married,4680.0,5,No,20.0,11.3,3.0,1,3.0,4,No
10856,53,R&D,Travel_Frequently,23.4,1,Single,4820.0,3,No,20.7,12.9,3.0,4,3.0,4,No
10951,23,R&D,Travel_Rarely,18.8,5,Divorced,2330.0,4,No,1.4,0.8,4.0,3,2.0,3,No
10387,22,Sales,Travel_Rarely,4.4,3,Single,,4,No,1.6,1.4,3.0,4,2.0,4,No
10993,27,Sales,Travel_Frequently,8.3,4,Divorced,3060.0,2,No,6.8,3.6,1.0,1,1.0,1,Yes
10510,29,HR,Travel_Rarely,3.2,2,Divorced,3980.0,1,No,8.3,6.9,3.0,1,2.0,2,No
10268,33,R&D,Travel_Rarely,10.2,5,Married,3190.0,3,No,7.2,3.5,2.0,4,2.0,3,Yes
10837,52,HR,Travel_Rarely,7.6,3,Single,6360.0,3,Yes,25.5,21.2,1.0,4,4.0,4,No
10442,32,Sales,Travel_Frequently,16.5,4,Single,3370.0,1,Yes,12.9,9.5,3.0,3,3.0,2,Yes
10497,24,R&D,Travel_Frequently,9.7,4,Single,20019.46443904458,7,No,4.8,1.6,3.0,3,4.0,3,Yes
10113,42,Sales,Travel_Frequently,6.9,4,Single,5990.0,2,No,22.2,21.3,3.0,3,1.0,4,No
10692,51,R&D,Non-Travel,24.4,4,Married,6760.0,1,No,24.6,17.9,4.0,3,4.0,3,No
10233,20,Sales,Travel_Rarely,1.1,1,Married,2620.0,1,No,0.0,0.0,2.0,3,1.0,3,No
10887,22,R&D,Travel_Frequently,9.6,1,Single,2280.0,6,No,1.5,0.0,1.0,1,4.0,4,Yes
10608,40,Sales,Travel_Rarely,5.9,1,Single,4760.0,3,No,15.1,11.4,4.0,3,1.0,4,No
10672,44,R&D,Travel_Rarely,11.9,3,Single,5790.0,5,No,25.0,9.8,1.0,4,3.0,2,No
10374,34,Sales,Travel_Rarely,7.0,1,Married,3990.0,2,No,11.1,9.4,2.0,4,3.0,3,No
10738,33,Sales,Non-Travel,185.6,4,Divorced,4280.0,4,Yes,10.0,3.7,1.0,1,2.0,2,Yes
10860,52,R&D,Travel_Rarely,6.5,1,Single,6180.0,3,No,20.9,15.0,1.0,1,3.0,4,No
10234,50,Sales,Travel_Frequently,13.2,5,Divorced,5260.0,6,Yes,21.8,6.5,3.0,1,3.0,2,No
10802,32,HR,Travel_Frequently,9.6,5,Single,3440.0,1,Yes,8.7,6.8,1.0,2,4.0,3,Yes
10677,43,R&D,Non-Travel,6.7,1,Married,4240.0,3,No,18.4,12.2,4.0,2,1.0,3,No
10318,49,Sales,Travel_Frequently,3.2,4,Married,,5,No,23.9,9.1,3.0,1,2.0,3,No
10649,58,R&D,Non-Travel,21.0,4,Single,7230.0,3,No,29.1,21.1,3.0,1,3.0,1,No
10411,26,HR,Travel_Rarely,13.9,5,Divorced,3260.0,4,No,6.7,1.9,3.0,1,1.0,3,No
10916,38,Sales,Non-Travel,11.7,4,Married,4260.0,4,Yes,12.9,6.0,3.0,2,2.0,3,No
10710,38,Sales,Travel_Rarely,11.0,2,Single,4150.0,0,No,12.9,12.0,3.0,4,2.0,3,No
10359,23,Sales,Non-Travel,2.2,2,Married,2900.0,0,No,3.0,3.0,1.0,1,1.0,2,Yes
10259,27,R&D,Travel_Rarely,8.6,1,Married,3290.0,2,Yes,5.2,3.9,1.0,4,1.0,3,Yes
10745,51,Sales,Travel_Frequently,6.2,3,Single,6110.0,4,No,24.7,13.2,1.0,3,1.0,4,No
10628,34,HR,Travel_Rarely,15.9,4,Divorced,3240.0,3,Yes,11.5,7.6,1.0,3,3.0,3,Yes
10633,37,R&D,Travel_Frequently,28.5,4,Single,3640.0,1,Yes,11.0,10.1,4.0,1,3.0,4,Yes
10283,46,Sales,Travel_Rarely,12.6,5,Single,5480.0,0,No,21.1,19.7,1.0,3,3.0,2,No
10377,49,Sales,Travel_Rarely,7.1,4,Divorced,5710.0,3,Yes,22.3,13.7,2.0,1,1.0,3,No
10385,21,Sales,Travel_Rarely,3.9,3,Single,2630.0,5,No,0.0,0.6,2.0,1,2.0,3,Yes
10225,48,Sales,Travel_Frequently,38.9,1,Single,4610.0,3,Yes,17.0,10.6,,2,3.0,2,Yes
10974,38,Sales,Travel_Rarely,16.6,3,Single,4380.0,3,No,14.5,9.2,3.0,1,4.0,4,No
10966,43,Sales,Travel_Rarely,18.8,4,Divorced,5010.0,3,Yes,21.7,17.0,1.0,2,1.0,3,No
10473,37,R&D,Non-Travel,5.0,1,Single,4080.0,4,No,9.7,5.3,1.0,4,2.0,3,Yes
10348,57,R&D,Travel_Rarely,29.7,3,Married,7540.0,4,No,32.3,19.0,3.0,4,3.0,3,No
10506,38,Sales,Non-Travel,5.0,1,Married,3820.0,2,No,14.4,12.7,3.0,3,3.0,4,No
10640,57,HR,Travel_Rarely,6.4,5,Single,7660.0,3,Yes,34.5,15.2,1.0,1,4.0,3,No
10514,52,Sales,Travel_Rarely,3.1,1,Single,7230.0,3,No,33.9,23.9,4.0,3,1.0,2,No
10798,38,HR,Travel_Rarely,23.1,3,Divorced,3500.0,5,No,12.4,3.9,4.0,4,4.0,3,No
10947,58,Sales,Travel_Frequently,8.6,3,Single,7600.0,1,No,37.1,32.6,2.0,1,3.0,3,No
10923,37,R&D,Travel_Rarely,32.2,1,Married,,6,No,11.0,1.6,1.0,2,1.0,3,Yes
10620,25,R&D,Travel_Frequently,9.6,4,Married,2810.0,3,Yes,3.4,2.0,1.0,1,3.0,1,Yes
10873,24,Sales,Travel_Rarely,3.0,3,Single,2550.0,0,No,3.4,3.1,2.0,3,1.0,3,No
10821,20,R&D,Non-Travel,8.3,5,Divorced,2460.0,2,No,1.9,1.1,2.0,2,1.0,1,Yes
10646,33,R&D,Travel_Rarely,26.9,4,Single,3750.0,7,Yes,8.7,1.9,1.0,4,2.0,4,Yes
10864,50,R&D,Travel_Rarely,1.9,5,Married,5420.0,4,No,18.5,13.0,2.0,3,4.0,3,No
10557,49,R&D,Travel_Rarely,7.8,1,Married,,3,No,27.9,24.0,1.0,4,3.0,3,No
10978,42,Sales,Non-Travel,10.7,3,Married,5000.0,3,No,22.4,14.8,2.0,2,1.0,3,No
10578,40,R&D,Travel_Rarely,4.8,5,Married,4540.0,3,No,17.4,7.8,4.0,4,3.0,3,No
10796,31,Sales,Non-Travel,16.2,1,Divorced,3160.0,4,Yes,6.5,3.8,4.0,2,1.0,4,Yes
10086,48,Sales,Travel_Frequently,1.7,3,Married,6130.0,5,No,23.5,11.5,2.0,1,1.0,3,Yes
10243,23,Sales,Travel_Frequently,11.3,1,Divorced,,3,No,3.0,2.3,4.0,1,,2,Yes
10699,22,R&D,Non-Travel,11.6,5,Single,3130.0,5,No,2.4,1.7,3.0,4,2.0,4,No
10160,51,R&D,Travel_Frequently,2.8,4,Divorced,6030.0,2,Yes,22.4,17.8,4.0,3,3.0,3,No
10525,32,Sales,Travel_Rarely,19.9,2,Single,,3,No,9.2,5.6,2.0,2,3.0,3,Yes
10036,22,Sales,Travel_Rarely,14.3,3,Married,2270.0,2,No,0.0,0.7,1.0,2,1.0,3,Yes
10541,48,R&D,Travel_Rarely,9.9,5,Single,5160.0,4,No,17.1,8.2,2.0,3,4.0,1,No
10171,24,R&D,Travel_Rarely,129.2,3,Married,2390.0,5,No,0.8,0.3,1.0,4,3.0,2,Yes
10655,42,R&D,Travel_Rarely,154.2,3,Married,5040.0,2,Yes,18.6,17.3,3.0,4,,3,No
10908,26,Sales,Travel_Rarely,7.4,1,Single,2730.0,5,Yes,3.2,1.3,2.0,4,1.0,2,Yes
10875,47,HR,Non-Travel,17.6,2,Single,5840.0,5,No,26.0,13.6,4.0,4,4.0,2,No
10865,53,R&D,Travel_Rarely,4.3,3,Single,5450.0,2,No,22.3,13.8,2.0,2,2.0,3,No
10963,53,Sales,Travel_Rarely,16.9,4,Married,5680.0,6,No,24.5,9.6,1.0,2,3.0,2,No
10734,50,Sales,Travel_Frequently,152.7,2,Single,,3,No,26.2,17.4,1.0,1,1.0,3,No
10096,31,R&D,Non-Travel,2.4,2,Married,3590.0,1,No,6.9,5.5,1.0,4,2.0,4,No
10564,27,R&D,Travel_Rarely,15.1,4,Divorced,3280.0,2,No,5.8,5.4,1.0,2,4.0,4,No
10241,25,R&D,Travel_Rarely,15.7,5,Married,2310.0,4,No,1.3,0.7,4.0,1,2.0,2,No
10743,45,R&D,Non-Travel,7.1,1,Single,3770.0,0,No,18.7,17.7,3.0,3,3.0,3,No
10575,20,R&D,Non-Travel,5.0,2,Married,2430.0,1,No,0.2,0.2,3.0,4,3.0,2,No
10691,59,HR,Non-Travel,8.6,1,Divorced,6840.0,3,No,30.3,20.5,1.0,3,2.0,4,No
10461,48,HR,Non-Travel,10.8,3,Divorced,5680.0,3,Yes,21.2,14.7,3.0,4,4.0,2,No
10554,32,HR,Travel_Rarely,14.8,4,Married,3140.0,2,Yes,7.9,5.7,3.0,2,4.0,2,No
10896,44,HR,Non-Travel,6.6,1,Married,3830.0,3,Yes,12.6,8.0,4.0,4,3.0,4,No
10207,50,R&D,Travel_Rarely,12.0,1,Married,7210.0,5,Yes,27.8,12.4,4.0,3,2.0,3,No
10393,34,R&D,Travel_Frequently,4.8,3,Single,15407.80211274258,2,Yes,9.3,7.8,4.0,1,2.0,3,Yes
10795,37,R&D,Travel_Rarely,17.0,4,Divorced,4440.0,1,No,14.1,9.7,2.0,1,1.0,3,Yes
10398,27,R&D,Travel_Rarely,7.9,2,Married,2710.0,2,Yes,6.3,5.3,2.0,1,4.0,3,Yes
10767,44,R&D,Travel_Rarely,8.9,1,Married,5250.0,4,Yes,16.3,8.9,1.0,4,2.0,3,No
10866,47,Sales,Travel_Frequently,12.2,2,Single,5620.0,8,No,22.6,6.7,3.0,4,3.0,4,No
10218,23,R&D,Travel_Frequently,3.4,5,Single,2550.0,2,No,2.5,1.2,1.0,3,3.0,1,Yes
10005,37,HR,Travel_Rarely,19.4,3,Married,4550.0,6,No,15.2,3.3,3.0,4,4.0,4,No
10769,25,Sales,Travel_Rarely,18.9,3,Single,3420.0,3,No,7.3,4.7,1.0,3,1.0,4,Yes
10643,54,R&D,Travel_Frequently,7.2,3,Married,7150.0,0,Yes,30.6,24.5,2.0,4,2.0,3,No
10915,43,R&D,Travel_Rarely,23.5,1,Married,4590.0,1,No,14.4,10.7,4.0,1,3.0,3,No
10613,51,R&D,Travel_Frequently,5.3,4,Married,5780.0,3,Yes,23.3,17.9,4.0,3,3.0,4,No
10739,49,R&D,Travel_Rarely,10.5,2,Married,5240.0,6,No,19.1,6.6,3.0,4,3.0,3,No
10547,37,HR,Travel_Rarely,24.3,5,Divorced,3720.0,3,Yes,11.4,8.3,3.0,3,3.0,4,No
10726,24,R&D,Travel_Rarely,4.8,3,Married,2080.0,7,No,3.9,0.7,1.0,4,1.0,4,Yes
10684,58,R&D,Travel_Rarely,2.2,2,Single,6300.0,2,Yes,26.1,24.7,1.0,2,1.0,4,No
10099,45,Sales,Travel_Rarely,31.0,4,Divorced,5550.0,2,No,26.0,22.1,,3,1.0,2,No
10805,49,Sales,Travel_Frequently,10.9,2,Married,,5,No,27.7,10.0,2.0,3,1.0,1,No
10728,23,Sales,Travel_Rarely,21.2,5,Single,2450.0,1,No,1.7,0.9,2.0,2,2.0,2,Yes
10574,21,Sales,Travel_Rarely,15.8,5,Single,2060.0,6,No,0.4,0.0,3.0,1,4.0,3,Yes
10407,37,Sales,Travel_Rarely,7.7,2,Single,3470.0,3,No,13.3,9.0,2.0,3,3.0,3,No
10503,58,Sales,Travel_Rarely,16.5,2,Married,6100.0,3,No,24.4,14.3,2.0,4,3.0,3,No
10048,55,R&D,Non-Travel,25.7,2,Married,5400.0,2,No,22.1,17.1,3.0,1,3.0,2,No
10033,23,R&D,Travel_Rarely,16.7,1,Single,2910.0,3,No,1.3,1.0,1.0,2,1.0,3,Yes
10780,54,HR,Travel_Rarely,3.1,4,Single,6430.0,1,Yes,28.0,24.8,3.0,3,2.0,3,No
10840,56,R&D,Travel_Rarely,14.7,5,Single,,4,No,26.5,16.9,3.0,2,3.0,2,No
10201,34,Sales,Travel_Frequently,2.4,1,Married,4040.0,2,No,13.3,9.8,1.0,3,1.0,2,No
10135,51,HR,Travel_Rarely,6.5,3,Married,5550.0,4,No,19.8,10.5,3.0,3,,3,No
10028,52,R&D,Travel_Rarely,6.6,2,Single,7060.0,2,Yes,29.9,13.5,4.0,2,2.0,3,No
10948,25,R&D,Travel_Rarely,23.8,1,Married,2180.0,1,Yes,3.5,3.1,3.0,1,4.0,3,No
10231,38,R&D,Travel_Rarely,4.9,5,Married,4380.0,1,No,12.2,11.3,3.0,1,2.0,4,No
10490,44,Sales,Travel_Frequently,14.9,1,Single,5240.0,1,Yes,25.0,18.8,2.0,4,3.0,3,No
10773,20,Sales,Travel_Rarely,3.6,3,Single,2140.0,4,No,0.0,0.9,2.0,1,1.0,3,Yes
10379,35,Sales,Travel_Rarely,4.0,2,Single,4810.0,3,No,14.9,12.2,1.0,4,1.0,2,No
10289,41,Sales,Travel_Rarely,10.2,2,Married,5200.0,3,No,18.6,14.6,4.0,3,3.0,4,No
10419,31,HR,Travel_Rarely,24.3,2,Married,3840.0,5,Yes,10.1,1.1,3.0,2,1.0,4,Yes
10675,44,R&D,Travel_Rarely,4.7,1,Divorced,4990.0,5,No,18.0,6.4,3.0,1,4.0,4,No
10392,27,R&D,Travel_Rarely,14.1,3,Single,3570.0,1,No,7.2,7.6,1.0,2,3.0,3,Yes
10593,29,Sales,Travel_Frequently,9.3,5,Married,3350.0,6,No,8.2,3.9,1.0,2,1.0,3,Yes
10499,57,R&D,Non-Travel,17.4,5,Single,8460.0,4,No,36.5,30.2,2.0,3,1.0,4,No
10139,33,Sales,Travel_Rarely,13.2,5,Married,4670.0,4,No,14.2,6.1,4.0,2,4.0,2,No
10063,34,R&D,Non-Travel,6.3,3,Married,3990.0,2,Yes,12.8,12.5,1.0,3,3.0,4,No
10472,52,HR,Travel_Frequently,4.3,4,Divorced,5670.0,5,No,19.0,6.6,2.0,3,4.0,4,No
10648,41,Sales,Non-Travel,9.4,3,Married,4670.0,3,No,17.8,9.9,3.0,4,4.0,3,No
10129,42,R&D,Non-Travel,32.1,4,Single,18790.671162378156,3,No,16.6,11.6,1.0,2,4.0,4,Yes
10997,41,R&D,Non-Travel,5.6,1,Single,5330.0,1,No,21.3,18.2,2.0,2,4.0,3,No
10521,34,R&D,Non-Travel,18.8,4,Married,3960.0,3,No,13.7,8.0,2.0,1,1.0,3,No
10839,20,R&D,Travel_Rarely,11.8,1,Married,1980.0,2,No,0.0,0.0,2.0,4,3.0,4,Yes
10983,41,R&D,Non-Travel,8.7,2,Married,4250.0,1,Yes,16.1,12.5,1.0,4,4.0,4,No
10065,36,HR,Travel_Rarely,16.1,5,Single,4330.0,5,Yes,13.1,3.6,1.0,4,2.0,3,Yes
10813,47,Sales,Non-Travel,21.5,5,Married,5220.0,4,No,23.4,12.6,2.0,1,4.0,3,No
10015,48,HR,Travel_Rarely,8.1,5,Single,5350.0,4,Yes,20.3,14.3,1.0,3,4.0,3,No
10157,25,Sales,Travel_Frequently,21.0,5,Single,3450.0,2,No,9.1,8.8,1.0,3,3.0,4,Yes
10041,26,Sales,Travel_Rarely,24.5,3,Married,2840.0,2,Yes,5.1,2.4,1.0,2,3.0,2,Yes
10493,50,Sales,Travel_Frequently,4.6,2,Single,6130.0,2,No,24.9,22.4,4.0,4,3.0,3,No
10380,30,R&D,Non-Travel,10.5,5,Married,3600.0,3,No,7.0,5.7,4.0,2,1.0,2,No
10188,35,Sales,Travel_Frequently,7.2,1,Single,4160.0,4,No,16.5,8.3,1.0,2,2.0,2,Yes
10764,57,R&D,Travel_Frequently,11.9,5,Single,7560.0,4,No,35.0,18.8,1.0,1,3.0,4,No
10217,23,Sales,Travel_Frequently,27.9,3,Married,3270.0,2,Yes,4.0,2.4,,4,2.0,4,Yes
10792,38,Sales,Travel_Frequently,18.3,5,Married,4720.0,3,Yes,15.4,8.0,4.0,1,3.0,3,No
10053,34,R&D,Non-Travel,4.1,4,Married,3800.0,3,Yes,10.8,8.8,,2,3.0,4,No
10879,41,HR,Travel_Frequently,10.3,5,Married,4860.0,0,Yes,19.5,17.3,3.0,2,4.0,3,No
10338,32,Sales,Travel_Rarely,5.4,5,Married,3770.0,3,Yes,11.7,5.0,,4,1.0,4,No
10749,32,Sales,Travel_Rarely,17.0,4,Single,3500.0,17,No,12.4,11.0,2.0,3,4.0,3,No
10720,43,R&D,Travel_Rarely,8.5,2,Divorced,3890.0,2,Yes,13.8,10.0,2.0,1,1.0,4,No
10725,51,Sales,Travel_Rarely,21.3,3,Married,4990.0,4,No,18.1,11.5,1.0,1,3.0,2,Yes
10296,40,Sales,Travel_Rarely,3.1,5,Married,,2,Yes,15.7,9.7,4.0,1,3.0,4,No
10702,44,Sales,Travel_Rarely,4.9,2,Married,4720.0,4,No,18.3,5.4,4.0,1,1.0,3,No
10252,39,Sales,Travel_Frequently,9.5,5,Single,4200.0,7,No,10.4,2.6,1.0,4,3.0,3,No
10727,48,R&D,Travel_Rarely,6.6,2,Married,5410.0,4,No,21.9,13.9,3.0,1,3.0,3,No
10462,25,R&D,Travel_Rarely,8.3,3,Single,2810.0,3,Yes,5.4,3.0,1.0,4,2.0,3,Yes
10456,42,HR,Travel_Frequently,20.9,5,Single,4790.0,3,No,16.4,12.6,1.0,4,2.0,3,Yes
10281,31,R&D,Travel_Rarely,4.6,2,Married,3720.0,3,No,7.1,5.7,4.0,1,2.0,3,Yes
10816,53,R&D,Non-Travel,14.0,5,Married,5670.0,3,No,24.2,17.0,4.0,1,2.0,2,No
10863,24,Sales,Travel_Rarely,9.3,4,Married,2290.0,3,No,5.1,2.1,4.0,4,4.0,3,No
10270,43,R&D,Travel_Frequently,4.2,2,Single,4740.0,2,No,19.6,14.6,2.0,4,3.0,4,Yes
10202,56,Sales,Travel_Rarely,11.7,1,Single,6320.0,2,No,24.6,16.3,4.0,1,2.0,4,No
10162,46,R&D,Travel_Rarely,19.0,3,Single,5670.0,17,No,24.9,17.3,3.0,3,1.0,4,No
10556,40,R&D,Travel_Rarely,26.1,2,Single,4820.0,0,No,17.6,16.6,2.0,1,1.0,4,No
10730,46,Sales,Travel_Rarely,41.0,4,Single,4770.0,1,No,17.0,15.7,3.0,2,4.0,4,No
10402,51,Sales,Travel_Frequently,3.2,5,Single,,5,No,20.2,5.2,2.0,1,1.0,4,No
10703,26,Sales,Travel_Rarely,19.3,4,Divorced,3680.0,0,No,7.5,5.9,4.0,2,3.0,3,No
10477,53,R&D,Non-Travel,10.7,3,Married,6830.0,2,No,25.9,24.6,4.0,4,2.0,4,No
10822,46,HR,Travel_Frequently,7.3,1,Single,5180.0,2,No,20.5,20.7,3.0,4,2.0,4,No
10772,59,R&D,Non-Travel,12.6,5,Married,6960.0,5,No,27.7,10.6,1.0,2,4.0,3,No
10106,51,R&D,Travel_Rarely,17.9,3,Married,6580.0,3,No,27.3,21.5,2.0,4,1.0,3,No
10566,29,HR,Travel_Rarely,17.1,4,Single,4010.0,6,No,6.7,2.0,2.0,3,3.0,4,No
10390,26,Sales,Travel_Frequently,37.9,4,Married,,1,No,6.2,5.6,1.0,2,3.0,4,No
10002,50,HR,Travel_Rarely,11.6,2,Married,6110.0,4,No,27.5,19.1,3.0,1,3.0,3,No
10991,33,R&D,Travel_Rarely,11.4,5,Single,3110.0,4,No,7.3,5.1,2.0,1,1.0,3,Yes
10741,52,R&D,Travel_Rarely,8.8,4,Single,6520.0,1,Yes,29.4,24.8,1.0,2,4.0,3,Yes
10562,21,Sales,Travel_Rarely,18.2,1,Single,1950.0,4,No,0.0,0.1,3.0,4,3.0,3,Yes
10932,47,HR,Travel_Frequently,11.5,3,Divorced,5670.0,2,Yes,23.9,22.2,4.0,2,3.0,3,No
10081,57,HR,Travel_Rarely,3.5,1,Married,6490.0,3,No,29.2,23.1,3.0,1,1.0,3,No
10206,30,R&D,Travel_Rarely,10.9,5,Divorced,3270.0,4,No,7.2,4.8,3.0,2,4.0,2,No
10035,55,R&D,Travel_Frequently,17.8,1,Single,5510.0,3,No,20.6,19.0,,1,3.0,3,No
10776,58,Sales,Travel_Frequently,7.1,1,Married,6470.0,1,Yes,26.1,20.0,3.0,1,3.0,3,No
10509,30,Sales,Travel_Rarely,15.2,5,Divorced,3010.0,4,Yes,8.3,6.4,2.0,4,4.0,3,No
10428,52,Sales,Travel_Rarely,5.0,4,Married,7340.0,4,No,30.4,10.1,2.0,4,2.0,2,No
10455,43,Sales,Non-Travel,33.2,4,Single,31611.987565734125,3,Yes,24.2,15.6,2.0,2,1.0,4,Yes
10367,38,R&D,Travel_Frequently,7.7,1,Married,4450.0,4,Yes,18.3,9.5,3.0,1,1.0,3,No
10092,52,Sales,Travel_Rarely,19.1,3,Single,6240.0,5,No,23.9,12.5,4.0,4,2.0,3,No
10340,58,HR,Travel_Rarely,8.2,1,Married,7600.0,5,No,30.0,14.1,3.0,1,3.0,1,No
10898,22,Sales,Travel_Frequently,14.8,1,Divorced,2320.0,1,Yes,2.4,2.7,,3,4.0,2,Yes
10565,55,R&D,Travel_Frequently,10.9,4,Single,5920.0,3,No,23.5,17.4,2.0,2,3.0,3,No
10346,30,R&D,Non-Travel,13.5,2,Married,3830.0,2,No,6.7,4.4,4.0,4,1.0,3,No
10777,36,R&D,Travel_Rarely,9.0,1,Divorced,3110.0,5,No,10.8,3.7,1.0,4,3.0,3,No
10242,43,R&D,Travel_Frequently,7.1,4,Married,4440.0,0,No,14.1,12.4,3.0,3,1.0,4,No
10014,50,Sales,Travel_Rarely,12.4,4,Divorced,5310.0,3,No,18.0,10.0,1.0,1,2.0,3,No
10316,46,R&D,Travel_Frequently,21.0,4,Married,6330.0,2,No,25.4,18.4,1.0,1,4.0,2,No
10601,44,Sales,Travel_Rarely,1.4,4,Married,4300.0,2,No,12.3,11.9,2.0,2,1.0,4,No
10388,53,HR,Travel_Rarely,7.7,1,Married,5270.0,0,No,19.9,17.8,2.0,4,3.0,1,No
10274,58,Sales,Travel_Rarely,30.8,1,Married,7490.0,4,Yes,33.5,20.8,3.0,2,4.0,3,No
10167,32,R&D,Travel_Rarely,2.8,4,Single,3040.0,2,No,7.6,5.4,4.0,4,4.0,3,No
10841,31,R&D,Travel_Rarely,10.7,4,Divorced,3070.0,2,Yes,6.3,4.0,4.0,1,3.0,3,Yes
10637,29,Sales,Travel_Frequently,7.4,3,Divorced,3150.0,1,No,8.4,7.5,2.0,3,1.0,4,No
10647,38,Sales,Travel_Rarely,8.3,5,Divorced,5020.0,3,No,18.3,10.4,1.0,4,2.0,3,Yes
10819,46,HR,Travel_Rarely,5.7,5,Married,6180.0,3,No,22.5,18.8,3.0,2,2.0,3,No
10485,38,R&D,Travel_Rarely,1.8,2,Single,,2,Yes,11.3,8.0,4.0,2,3.0,3,Yes
10522,25,R&D,Travel_Rarely,13.2,5,Single,1950.0,2,No,3.7,3.7,4.0,3,1.0,3,Yes
10505,30,Sales,Non-Travel,36.3,5,Married,3390.0,2,No,7.4,6.2,4.0,3,4.0,3,No
10832,29,Sales,Non-Travel,10.1,1,Married,3860.0,3,No,8.9,5.1,3.0,1,4.0,2,No
10244,45,R&D,Travel_Frequently,16.8,1,Married,3680.0,4,Yes,11.5,4.4,3.0,3,1.0,3,Yes
10567,29,HR,Travel_Rarely,13.9,2,Married,3820.0,3,Yes,7.7,6.1,4.0,4,3.0,4,No
10876,40,R&D,Travel_Rarely,8.4,1,Married,4110.0,4,No,12.8,7.6,2.0,4,3.0,4,No
10563,39,R&D,Non-Travel,3.4,5,Single,4300.0,4,No,13.5,6.3,3.0,2,1.0,3,No
10973,39,HR,Travel_Rarely,5.5,4,Single,4100.0,4,No,10.7,6.8,4.0,3,2.0,3,No
10687,36,HR,Travel_Rarely,51.8,4,Married,3370.0,1,No,10.7,9.7,1.0,4,,4,No
10958,45,Sales,Travel_Rarely,7.6,4,Married,5130.0,3,No,18.4,16.7,3.0,4,3.0,3,No
10190,32,Sales,Travel_Rarely,16.5,4,Married,3520.0,3,Yes,8.8,5.1,2.0,3,1.0,2,Yes
10783,24,R&D,Non-Travel,5.9,1,Single,2800.0,4,No,1.0,1.1,4.0,1,4.0,4,No
10700,23,R&D,Travel_Frequently,7.9,3,Married,2600.0,6,No,1.6,0.9,4.0,1,2.0,4,Yes
10476,51,Sales,Travel_Rarely,4.6,3,Single,6540.0,3,No,28.5,19.7,3.0,4,3.0,3,No
10682,25,Sales,Travel_Rarely,7.9,1,Married,2260.0,1,Yes,2.7,2.7,4.0,2,3.0,3,Yes
10511,59,HR,Travel_Rarely,10.1,4,Married,7490.0,4,Yes,33.3,26.7,4.0,4,3.0,1,No
10059,49,Sales,Travel_Rarely,6.3,5,Married,6650.0,4,No,23.7,10.9,4.0,2,3.0,3,No
10475,45,R&D,Travel_Frequently,2.6,5,Married,3670.0,2,Yes,16.2,12.1,3.0,2,2.0,4,Yes
10561,41,R&D,Non-Travel,6.0,4,Single,5370.0,2,No,20.6,20.8,3.0,2,2.0,3,No
10857,29,R&D,Travel_Frequently,5.3,4,Married,2690.0,2,No,6.8,4.4,2.0,2,4.0,3,No
10748,32,Sales,Travel_Rarely,11.6,5,Single,3900.0,1,Yes,8.8,7.3,2.0,4,4.0,4,No
10253,27,R&D,Travel_Frequently,10.6,1,Married,3530.0,1,No,5.8,4.6,2.0,1,4.0,3,No
10022,34,Sales,Travel_Rarely,5.1,3,Divorced,3720.0,4,Yes,11.3,6.8,1.0,4,3.0,3,Yes
10314,31,Sales,Non-Travel,27.3,2,Divorced,3940.0,4,No,11.7,7.8,3.0,4,1.0,3,No
10460,24,R&D,Travel_Frequently,14.7,5,Married,2590.0,1,Yes,1.0,0.2,3.0,4,2.0,3,Yes
10161,59,Sales,Travel_Rarely,6.7,3,Single,6360.0,2,No,28.6,24.7,2.0,1,2.0,3,No
10277,38,HR,Travel_Frequently,35.5,5,Married,3580.0,1,Yes,13.2,9.1,,1,4.0,3,No
10956,44,R&D,Non-Travel,11.5,1,Single,4590.0,4,No,17.3,8.7,3.0,1,,4,No
10192,45,Sales,Travel_Rarely,6.1,2,Married,5410.0,5,Yes,25.9,5.1,2.0,1,4.0,3,No
10386,24,R&D,Travel_Rarely,30.7,2,Married,2360.0,4,No,0.0,0.9,3.0,3,3.0,3,No
10806,51,HR,Travel_Frequently,28.9,1,Married,7140.0,3,No,31.3,22.3,4.0,2,3.0,3,No
10414,25,Sales,Travel_Frequently,7.1,2,Divorced,2380.0,3,No,3.2,2.7,3.0,1,1.0,2,No
10492,54,R&D,Travel_Rarely,12.2,2,Married,7520.0,4,Yes,31.0,17.6,1.0,3,2.0,3,No
10344,40,HR,Travel_Rarely,29.2,1,Single,4490.0,5,Yes,14.6,5.6,2.0,3,2.0,3,No
10770,35,R&D,Travel_Rarely,3.1,2,Married,4000.0,4,Yes,12.4,6.0,1.0,3,1.0,3,Yes
10309,32,HR,Travel_Frequently,12.5,5,Married,,3,No,8.3,5.4,2.0,3,1.0,3,Yes
10662,49,Sales,Non-Travel,4.1,1,Single,6090.0,4,No,25.0,17.1,1.0,1,3.0,2,No
10131,42,Sales,Travel_Rarely,19.8,4,Married,5010.0,6,No,19.3,4.3,4.0,3,3.0,2,No
10664,28,Sales,Travel_Rarely,15.7,5,Single,3320.0,1,No,5.4,4.5,2.0,3,2.0,3,Yes
10872,28,HR,Travel_Rarely,4.0,1,Married,2690.0,3,Yes,5.5,3.3,2.0,4,3.0,4,Yes
10100,25,Sales,Travel_Frequently,25.3,1,Married,2470.0,3,Yes,4.0,2.0,1.0,1,2.0,3,Yes
10373,36,R&D,Travel_Rarely,3.5,4,Married,3730.0,3,Yes,14.2,11.3,4.0,4,2.0,4,No
10088,32,R&D,Travel_Frequently,16.2,2,Divorced,3630.0,3,No,7.6,5.7,1.0,2,2.0,3,Yes
10459,53,Sales,Travel_Frequently,1.2,2,Married,5750.0,3,No,25.8,15.0,4.0,4,1.0,4,No
10331,41,R&D,Travel_Frequently,23.3,4,Married,4830.0,1,Yes,15.2,13.6,2.0,4,2.0,3,No
10215,49,Sales,Travel_Frequently,18.0,2,Married,6400.0,2,No,26.2,19.5,1.0,2,3.0,4,No
10467,26,R&D,Travel_Frequently,1.0,1,Married,2580.0,3,Yes,5.0,3.7,2.0,2,2.0,3,Yes
10122,46,Sales,Travel_Rarely,16.4,1,Single,5220.0,2,No,20.5,14.5,2.0,4,2.0,4,No
10615,47,R&D,Non-Travel,7.1,1,Single,6210.0,4,No,26.9,9.4,3.0,2,4.0,3,No
10021,40,Sales,Travel_Frequently,12.5,2,Single,4990.0,6,No,19.5,5.5,3.0,3,1.0,3,No
10701,40,Sales,Non-Travel,17.5,2,Single,4170.0,2,No,15.7,14.5,4.0,2,1.0,3,No
10072,27,HR,Travel_Rarely,27.2,1,Single,3930.0,4,No,7.0,2.8,2.0,2,4.0,1,No
10107,51,HR,Travel_Rarely,8.1,2,Single,5900.0,2,No,27.6,22.1,1.0,1,4.0,3,No
10271,31,R&D,Travel_Frequently,32.1,3,Single,3560.0,3,Yes,7.5,7.8,1.0,3,2.0,4,Yes
10861,58,Sales,Non-Travel,5.9,2,Single,7680.0,2,No,33.6,25.0,,3,4.0,3,No
10436,24,Sales,Travel_Rarely,11.4,2,Married,1940.0,4,No,1.9,1.9,1.0,2,4.0,3,Yes
10103,52,R&D,Travel_Rarely,25.0,2,Married,6380.0,3,No,29.5,27.9,3.0,3,2.0,2,No
