transaction_id,date,store_branch,customer_type,payment_method,num_items,total_amount,items
11179,2026-05-07 18:38,분당점,기존,현금,7,38600.0,"소고기,계란,감자칩,콜라,라면,커피,크루아상"
10866,2026-05-04 15:25,강남점,신규,카드,5,9800.0,"감자칩,콜라,마늘,양파,크루아상"
10102,2026-04-07 12:25,분당점,기존,모바일페이,4,12000.0,"요거트,콜라,맥주,감자칩"
10440,2026-03-07 21:05,홍대점,신규,현금,9,64300.0,"소고기,계란,맥주,시리얼,감자칩,콜라,기저귀,라면,커피"
10059,2026-04-28 08:19,강남점,신규,모바일페이,1,19400.0,소고기
11121,2026-04-20 08:37,분당점,신규,모바일페이,9,44300.0,"계란,식빵,화장지,우유,시리얼,상추,삼겹살,마늘,라면"
10324,2026-04-28 08:38,잠실점,기존,모바일페이,3,11900.0,"치즈,상추,맥주"
10975,2026-04-16 11:24,강남점,기존,카드,3,23500.0,"기저귀,상추,맥주"
10412,2026-03-28 11:39,강남점,기존,카드,2,9600.0,"라면,계란"
10856,2026-03-02 14:29,분당점,기존,카드,7,25800.0,"계란,식빵,바나나,우유,요거트,버터,라면"
10821,2026-04-30 20:27,잠실점,기존,모바일페이,2,9600.0,"라면,커피"
10045,2026-05-07 11:47,분당점,기존,현금,1,3900.0,파스타소스
10050,2026-04-23 16:28,분당점,신규,현금,4,17200.0,"파스타,파스타소스,커피,크루아상"
10850,2026-05-04 11:44,홍대점,기존,모바일페이,7,41200.0,"파스타,맥주,시리얼,사과,파스타소스,기저귀,커피"
10241,2026-05-19 21:55,강남점,기존,카드,7,40100.0,"계란,맥주,식빵,우유,버터,기저귀,라면"
10171,2026-04-13 19:16,홍대점,기존,현금,8,44700.0,"맥주,상추,감자칩,콜라,기저귀,라면,커피,크루아상"
10524,2026-04-03 10:05,분당점,신규,카드,1,2900.0,식빵
10766,2026-04-28 12:10,분당점,기존,카드,4,14900.0,"콜라,커피,감자칩,크루아상"
10839,2026-04-12 21:29,분당점,신규,카드,1,4300.0,사과
10424,2026-05-25 14:44,홍대점,신규,모바일페이,5,34200.0,"소고기,감자,우유,시리얼,감자칩"
10381,2026-05-21 16:39,분당점,신규,현금,3,15300.0,"요거트,커피,크루아상"
10610,2026-03-12 10:53,홍대점,기존,모바일페이,3,14800.0,"상추,마늘,삼겹살"
10677,2026-03-09 20:55,홍대점,기존,현금,6,24000.0,"닭가슴살,식빵,상추,감자칩,버터,콜라"
10345,2026-04-19 21:36,강남점,VIP,카드,3,22400.0,"기저귀,맥주,사과"
10110,2026-05-29 08:07,잠실점,신규,모바일페이,7,56600.0,"닭가슴살,파스타,맥주,요거트,삼겹살,세제,기저귀"
10278,2026-04-24 08:53,잠실점,VIP,현금,1,4500.0,커피
10678,2026-03-11 12:37,분당점,기존,현금,7,35600.0,"파스타,우유,시리얼,상추,삼겹살,파스타소스,마늘"
10571,2026-04-20 11:49,강남점,기존,카드,4,12800.0,"감자칩,계란,마늘,식빵"
10359,2026-03-29 15:19,홍대점,VIP,카드,5,25900.0,"시리얼,상추,삼겹살,초콜릿,마늘"
10599,2026-04-25 09:11,홍대점,기존,현금,2,19400.0,"기저귀,맥주"
10391,2026-05-19 13:09,홍대점,기존,모바일페이,4,17300.0,"우유,시리얼,사과,치즈"
10894,2026-04-18 09:35,잠실점,VIP,현금,5,22000.0,"요거트,상추,감자칩,삼겹살,마늘"
10693,2026-03-20 12:43,홍대점,기존,모바일페이,6,42100.0,"맥주,식빵,우유,버터,기저귀,화장지"
10728,2026-03-20 09:57,홍대점,신규,카드,7,54600.0,"치즈,파스타,계란,맥주,삼겹살,파스타소스,기저귀"
10363,2026-05-12 13:45,잠실점,신규,카드,4,12300.0,"감자칩,콜라,라면,계란"
10597,2026-03-25 09:42,강남점,기존,현금,7,28100.0,"파스타,상추,삼겹살,버터,파스타소스,마늘,생수"
10428,2026-05-12 09:03,강남점,기존,모바일페이,2,20500.0,"기저귀,맥주"
10071,2026-03-15 11:14,잠실점,기존,카드,6,33000.0,"맥주,감자칩,콜라,기저귀,커피,크루아상"
10322,2026-05-06 18:48,분당점,신규,카드,1,6400.0,닭가슴살
10653,2026-04-02 17:29,강남점,기존,현금,6,41000.0,"파스타,맥주,시리얼,파스타소스,기저귀,화장지"
11066,2026-05-29 16:20,분당점,VIP,카드,1,2300.0,초콜릿
10108,2026-03-17 20:16,잠실점,VIP,카드,5,27100.0,"맥주,우유,감자칩,파스타소스,기저귀"
11109,2026-04-09 10:51,강남점,기존,모바일페이,4,13500.0,"우유,파스타,파스타소스,콜라"
10356,2026-03-10 21:05,홍대점,VIP,모바일페이,2,9900.0,"화장지,감자칩"
10951,2026-05-14 08:39,강남점,기존,모바일페이,4,33800.0,"세제,기저귀,맥주,초콜릿"
10343,2026-05-21 21:51,홍대점,기존,카드,3,25000.0,"우유,시리얼,소고기"
10355,2026-03-27 11:07,분당점,신규,카드,2,9700.0,"파스타소스,맥주"
10024,2026-03-04 10:36,분당점,신규,모바일페이,2,9200.0,"라면,계란"
10044,2026-04-27 13:01,홍대점,기존,현금,6,41900.0,"소고기,맥주,식빵,상추,초콜릿,기저귀"
10244,2026-05-27 15:16,강남점,VIP,카드,3,11200.0,"파스타,파스타소스,크루아상"
10738,2026-05-17 12:50,홍대점,기존,카드,7,29500.0,"파스타,계란,화장지,상추,감자칩,파스타소스,라면"
11136,2026-03-09 16:51,분당점,신규,모바일페이,1,4200.0,계란
10368,2026-05-17 09:37,강남점,신규,모바일페이,12,53200.0,"삼겹살,라면,상추,식빵,버터,맥주,커피,크루아상,양파,마늘,우유,계란"
10164,2026-04-29 14:15,홍대점,기존,현금,2,8300.0,"마늘,커피"
11116,2026-03-22 21:42,홍대점,기존,카드,2,20300.0,"소고기,바나나"
10333,2026-05-03 21:57,잠실점,VIP,카드,4,25400.0,"우유,시리얼,마늘,삼겹살"
10989,2026-05-26 14:06,분당점,기존,현금,5,20700.0,"파스타,식빵,우유,버터,커피"
11173,2026-04-09 13:25,강남점,기존,카드,3,10800.0,"라면,계란,생수"
11002,2026-04-25 20:08,홍대점,VIP,카드,1,3000.0,라면
10378,2026-04-08 18:52,홍대점,기존,모바일페이,3,10800.0,"커피,감자칩,크루아상"
10310,2026-04-24 12:02,강남점,VIP,카드,5,21200.0,"파스타,닭가슴살,식빵,초콜릿,파스타소스"
10156,2026-03-17 11:59,잠실점,기존,카드,6,35600.0,"파스타,맥주,감자,파스타소스,마늘,기저귀"
10211,2026-04-06 20:43,분당점,신규,카드,7,33600.0,"파스타,우유,시리얼,상추,삼겹살,파스타소스,마늘"
10087,2026-04-10 08:51,홍대점,기존,현금,2,12800.0,"화장지,사과"
10169,2026-03-18 20:52,분당점,기존,카드,3,8200.0,"콜라,감자칩,식빵"
10995,2026-05-08 19:42,분당점,VIP,카드,3,26500.0,"시리얼,기저귀,계란"
10052,2026-05-28 11:47,잠실점,신규,카드,7,35200.0,"식빵,시리얼,상추,삼겹살,버터,마늘,생수"
10439,2026-05-07 21:19,잠실점,기존,현금,6,30100.0,"파스타,맥주,우유,상추,사과,기저귀"
10550,2026-03-29 13:09,홍대점,기존,카드,5,15500.0,"식빵,우유,감자칩,버터,콜라"
10491,2026-03-12 16:43,분당점,기존,모바일페이,2,23700.0,"소고기,라면"
10426,2026-03-21 08:56,홍대점,기존,카드,7,38200.0,"맥주,식빵,우유,시리얼,삼겹살,사과,버터"
10136,2026-05-07 10:33,홍대점,VIP,카드,3,23100.0,"삼겹살,커피,크루아상"
11192,2026-04-23 14:54,분당점,기존,카드,5,15300.0,"파스타,요거트,감자칩,파스타소스,콜라"
10055,2026-03-01 18:29,분당점,VIP,카드,6,31700.0,"바나나,우유,시리얼,상추,삼겹살,마늘"
10079,2026-04-10 11:18,잠실점,기존,현금,1,4500.0,크루아상
10431,2026-05-01 15:56,강남점,기존,모바일페이,7,29600.0,"파스타,식빵,우유,시리얼,요거트,버터,커피"
10185,2026-03-15 21:23,홍대점,신규,카드,2,18300.0,"세제,화장지"
10057,2026-05-22 19:21,강남점,기존,현금,5,24700.0,"계란,상추,삼겹살,마늘,라면"
10943,2026-04-19 11:36,홍대점,기존,모바일페이,4,19900.0,"우유,시리얼,닭가슴살,식빵"
10851,2026-05-06 13:51,분당점,신규,모바일페이,1,2300.0,양파
11164,2026-03-14 21:19,강남점,신규,카드,4,14700.0,"라면,계란,감자,초콜릿"
10219,2026-03-21 17:48,분당점,기존,카드,2,8400.0,"파스타,파스타소스"
10845,2026-03-14 18:09,강남점,신규,카드,7,40800.0,"맥주,우유,시리얼,요거트,감자칩,콜라,기저귀"
10114,2026-03-30 17:27,분당점,기존,카드,3,23400.0,"우유,기저귀,맥주"
10549,2026-03-10 16:21,잠실점,VIP,현금,9,54500.0,"파스타,맥주,우유,시리얼,감자칩,삼겹살,파스타소스,콜라,기저귀"
11019,2026-05-25 12:53,강남점,기존,현금,5,21900.0,"파스타,계란,요거트,파스타소스,라면"
11073,2026-05-05 18:56,분당점,기존,모바일페이,8,33900.0,"치즈,상추,감자칩,사과,삼겹살,파스타소스,마늘,양파"
10175,2026-04-26 14:30,잠실점,신규,카드,7,43100.0,"계란,맥주,식빵,우유,버터,기저귀,라면"
11023,2026-04-12 19:46,잠실점,신규,현금,1,3600.0,사과
10616,2026-03-04 11:48,잠실점,신규,카드,4,12200.0,"우유,시리얼,콜라,감자칩"
10514,2026-03-25 15:58,강남점,VIP,카드,5,24200.0,"파스타,계란,라면,커피,크루아상"
10462,2026-03-28 09:11,분당점,신규,카드,1,2400.0,콜라
10287,2026-05-26 14:37,잠실점,신규,카드,7,47700.0,"파스타,맥주,감자,바나나,삼겹살,파스타소스,기저귀"
10382,2026-05-02 11:00,분당점,기존,현금,4,23700.0,"우유,시리얼,기저귀,상추"
11008,2026-05-11 19:42,분당점,기존,카드,1,5100.0,크루아상
10671,2026-05-13 21:31,강남점,VIP,모바일페이,2,19600.0,"기저귀,계란"
10535,2026-03-22 13:55,잠실점,신규,현금,6,22900.0,"치즈,식빵,우유,상추,버터,파스타소스"
10910,2026-04-14 13:10,잠실점,기존,카드,6,27300.0,"파스타,상추,삼겹살,파스타소스,마늘,라면"
10293,2026-04-26 13:54,홍대점,기존,카드,1,5700.0,버터
10124,2026-05-19 11:40,홍대점,신규,카드,1,3400.0,마늘
10583,2026-03-07 18:05,강남점,기존,카드,5,23100.0,"닭가슴살,식빵,우유,초콜릿,버터"
10141,2026-04-30 08:17,잠실점,기존,카드,3,24000.0,"기저귀,계란,맥주"
10736,2026-04-09 08:30,홍대점,기존,카드,4,13100.0,"우유,버터,식빵,감자"
10082,2026-03-26 14:11,홍대점,기존,카드,5,14500.0,"식빵,감자,우유,버터,생수"
10882,2026-04-20 18:20,분당점,기존,현금,6,28000.0,"상추,감자칩,삼겹살,콜라,마늘,라면"
10740,2026-05-20 18:50,홍대점,기존,카드,10,51400.0,"치즈,맥주,식빵,우유,상추,감자칩,삼겹살,버터,콜라,기저귀"
11102,2026-05-25 16:29,홍대점,기존,카드,7,46000.0,"식빵,우유,삼겹살,버터,기저귀,양파,크루아상"
10909,2026-04-06 10:10,강남점,신규,카드,2,9000.0,"버터,바나나"
11167,2026-04-04 13:03,강남점,신규,카드,1,5500.0,버터
10937,2026-04-25 08:44,분당점,VIP,카드,4,21700.0,"닭가슴살,커피,감자,크루아상"
10372,2026-05-12 15:46,홍대점,기존,현금,6,30000.0,"맥주,감자,바나나,우유,시리얼,기저귀"
10890,2026-03-12 08:53,잠실점,기존,카드,7,34700.0,"닭가슴살,계란,우유,시리얼,요거트,삼겹살,라면"
10157,2026-05-03 11:09,잠실점,기존,카드,5,33600.0,"파스타,맥주,파스타소스,기저귀,양파"
10992,2026-05-26 20:17,분당점,기존,카드,4,26200.0,"상추,커피,크루아상,삼겹살"
10622,2026-04-15 19:16,잠실점,VIP,모바일페이,6,26700.0,"계란,우유,시리얼,라면,커피,크루아상"
11038,2026-04-08 17:27,잠실점,신규,모바일페이,3,11500.0,"파스타,라면,계란"
10245,2026-05-26 17:47,홍대점,VIP,카드,6,40300.0,"파스타,소고기,버터,파스타소스,커피,크루아상"
10159,2026-04-28 20:55,분당점,VIP,카드,11,50200.0,"치즈,계란,식빵,감자,우유,시리얼,버터,라면,커피,양파,크루아상"
10746,2026-03-08 13:28,잠실점,신규,카드,3,13100.0,"라면,마늘,계란"
10193,2026-03-05 12:36,잠실점,기존,카드,6,41700.0,"파스타,소고기,맥주,식빵,시리얼,파스타소스"
10534,2026-05-07 08:25,잠실점,VIP,모바일페이,3,24800.0,"기저귀,계란,맥주"
10904,2026-04-11 16:37,강남점,기존,모바일페이,7,33400.0,"식빵,우유,시리얼,상추,삼겹살,버터,마늘"
11004,2026-04-18 15:59,홍대점,기존,카드,6,38200.0,"계란,맥주,콜라,기저귀,라면,크루아상"
11070,2026-03-06 12:41,홍대점,VIP,모바일페이,4,9700.0,"상추,계란,감자,생수"
10414,2026-03-29 16:53,분당점,VIP,현금,3,8700.0,"파스타,파스타소스,상추"
11187,2026-05-02 09:11,잠실점,VIP,모바일페이,10,43200.0,"파스타,닭가슴살,상추,삼겹살,파스타소스,콜라,마늘,생수,커피,크루아상"
10328,2026-05-29 13:19,잠실점,VIP,카드,2,3800.0,"식빵,생수"
10129,2026-03-14 10:36,분당점,신규,카드,3,14000.0,"라면,계란,크루아상"
10695,2026-03-16 10:00,잠실점,기존,현금,4,31700.0,"치즈,소고기,화장지,감자"
10631,2026-03-28 16:05,분당점,VIP,모바일페이,5,21500.0,"파스타,계란,화장지,생수,라면"
10275,2026-04-03 20:53,강남점,기존,모바일페이,4,21900.0,"닭가슴살,파스타,파스타소스,계란"
11148,2026-04-30 09:19,강남점,VIP,모바일페이,1,2800.0,초콜릿
10309,2026-03-11 13:52,잠실점,기존,모바일페이,4,44500.0,"시리얼,기저귀,맥주,소고기"
10234,2026-03-28 20:15,강남점,기존,모바일페이,3,10700.0,"파스타,파스타소스,요거트"
11048,2026-05-24 13:31,강남점,VIP,카드,4,23400.0,"치즈,세제,라면,시리얼"
10623,2026-05-21 11:56,강남점,신규,현금,5,18800.0,"식빵,우유,버터,커피,크루아상"
10644,2026-05-10 17:58,홍대점,신규,카드,10,45700.0,"파스타,맥주,식빵,우유,시리얼,상추,버터,파스타소스,기저귀,양파"
10479,2026-05-09 14:05,강남점,기존,카드,5,37500.0,"소고기,상추,삼겹살,마늘,크루아상"
10472,2026-03-07 17:16,강남점,기존,카드,5,19500.0,"파스타,맥주,식빵,파스타소스,양파"
10926,2026-04-30 15:53,분당점,기존,카드,5,31300.0,"계란,맥주,요거트,시리얼,기저귀"
11098,2026-04-23 09:42,강남점,신규,모바일페이,2,4300.0,"콜라,감자칩"
10627,2026-03-28 14:05,분당점,신규,모바일페이,4,17100.0,"우유,버터,맥주,식빵"
10395,2026-04-24 19:19,분당점,기존,카드,4,16700.0,"콜라,커피,감자칩,크루아상"
10637,2026-05-06 21:10,분당점,기존,카드,2,2800.0,"상추,생수"
10768,2026-03-10 20:09,잠실점,신규,모바일페이,9,45800.0,"계란,맥주,식빵,감자,우유,감자칩,버터,기저귀,라면"
10533,2026-04-18 08:50,홍대점,기존,카드,4,15900.0,"세제,콜라,감자칩,감자"
10718,2026-05-21 11:37,잠실점,기존,카드,6,45300.0,"소고기,상추,삼겹살,마늘,커피,크루아상"
10667,2026-05-17 14:38,강남점,기존,카드,1,13600.0,기저귀
10598,2026-05-27 13:21,잠실점,VIP,카드,3,11800.0,"우유,버터,식빵"
10482,2026-03-26 13:20,홍대점,기존,카드,4,19500.0,"상추,마늘,삼겹살,생수"
11103,2026-04-25 15:36,분당점,기존,카드,4,23700.0,"요거트,콜라,감자칩,기저귀"
10315,2026-05-17 09:52,강남점,VIP,모바일페이,7,20900.0,"파스타,식빵,우유,감자칩,버터,파스타소스,콜라"
10729,2026-04-03 21:47,강남점,기존,카드,5,25600.0,"상추,삼겹살,초콜릿,마늘,커피"
10210,2026-05-28 10:30,잠실점,VIP,모바일페이,5,15500.0,"계란,시리얼,감자칩,콜라,양파"
10934,2026-03-18 14:53,잠실점,VIP,카드,4,16000.0,"라면,계란,초콜릿,화장지"
10434,2026-03-25 20:35,잠실점,신규,카드,7,35800.0,"계란,맥주,감자,감자칩,콜라,기저귀,라면"
10329,2026-03-07 09:28,강남점,기존,카드,1,1000.0,콜라
10261,2026-04-14 13:11,홍대점,VIP,카드,4,29300.0,"시리얼,소고기,라면,계란"
11117,2026-05-18 08:39,강남점,VIP,카드,5,37700.0,"계란,맥주,시리얼,기저귀,라면"
10307,2026-03-28 16:42,잠실점,VIP,모바일페이,4,25600.0,"파스타,기저귀,맥주,콜라"
11067,2026-04-15 20:17,홍대점,VIP,카드,7,30400.0,"닭가슴살,계란,식빵,감자,우유,버터,라면"
10928,2026-03-23 18:13,홍대점,신규,현금,5,27000.0,"파스타,우유,시리얼,파스타소스,세제"
11025,2026-03-05 17:09,홍대점,신규,카드,3,17800.0,"파스타,양파,삼겹살"
10271,2026-05-03 08:53,강남점,VIP,모바일페이,3,8300.0,"파스타,콜라,감자칩"
10291,2026-03-12 14:59,잠실점,신규,현금,9,28000.0,"식빵,바나나,우유,감자칩,버터,콜라,생수,커피,크루아상"
10813,2026-03-10 21:18,강남점,신규,모바일페이,3,8000.0,"우유,콜라,감자칩"
10097,2026-04-20 08:32,잠실점,기존,카드,5,37100.0,"소고기,상추,사과,삼겹살,마늘"
10888,2026-04-18 15:42,강남점,기존,카드,5,42500.0,"사과,삼겹살,기저귀,커피,크루아상"
10819,2026-05-24 08:12,잠실점,기존,카드,5,22400.0,"치즈,감자칩,마늘,세제,커피"
10032,2026-04-11 16:24,강남점,VIP,모바일페이,6,31100.0,"치즈,파스타,맥주,감자칩,파스타소스,기저귀"
10763,2026-05-15 15:57,홍대점,VIP,모바일페이,1,7700.0,닭가슴살
10954,2026-05-18 17:44,잠실점,기존,현금,2,5400.0,"감자,크루아상"
10320,2026-03-16 10:06,잠실점,VIP,카드,1,12600.0,삼겹살
10299,2026-04-13 11:36,분당점,기존,모바일페이,1,4100.0,식빵
10200,2026-04-08 20:55,분당점,VIP,모바일페이,4,18000.0,"우유,시리얼,버터,식빵"
10561,2026-05-12 08:39,잠실점,기존,카드,8,31700.0,"파스타,닭가슴살,식빵,우유,버터,파스타소스,생수,크루아상"
10179,2026-05-24 16:43,분당점,기존,카드,3,5800.0,"콜라,감자칩,바나나"
11132,2026-05-21 20:38,분당점,신규,카드,6,24000.0,"파스타,상추,삼겹살,파스타소스,마늘,양파"
10089,2026-04-10 21:34,홍대점,기존,모바일페이,1,1300.0,생수
10788,2026-05-05 15:27,잠실점,신규,카드,1,12000.0,삼겹살
10725,2026-05-09 09:56,홍대점,VIP,카드,2,21200.0,"세제,삼겹살"
10827,2026-05-05 20:38,잠실점,기존,카드,1,5600.0,시리얼
10209,2026-05-20 11:39,홍대점,기존,모바일페이,5,32000.0,"맥주,요거트,기저귀,커피,크루아상"
11040,2026-03-05 16:34,잠실점,기존,카드,6,32500.0,"닭가슴살,요거트,감자칩,초콜릿,콜라,기저귀"
10297,2026-03-01 20:01,강남점,기존,현금,4,14000.0,"치즈,버터,콜라,감자칩"
10998,2026-04-12 08:17,분당점,VIP,카드,3,13100.0,"우유,시리얼,파스타"
10498,2026-04-15 21:01,홍대점,기존,카드,7,31500.0,"파스타,감자,우유,시리얼,파스타소스,커피,크루아상"
10835,2026-03-18 17:03,강남점,신규,모바일페이,6,27300.0,"파스타,맥주,감자칩,파스타소스,콜라,화장지"
10430,2026-03-06 10:40,강남점,기존,카드,8,45100.0,"닭가슴살,계란,맥주,요거트,상추,감자칩,기저귀,화장지"
10507,2026-05-26 20:38,강남점,신규,모바일페이,8,57600.0,"파스타,소고기,우유,시리얼,삼겹살,초콜릿,버터,마늘"
10831,2026-03-31 20:02,분당점,신규,카드,2,20700.0,"기저귀,맥주"
10694,2026-03-14 21:27,홍대점,VIP,현금,7,35700.0,"맥주,우유,시리얼,감자칩,콜라,생수,기저귀"
10011,2026-03-27 17:54,강남점,신규,카드,7,41000.0,"계란,맥주,화장지,감자칩,콜라,기저귀,라면"
10848,2026-03-18 16:52,강남점,VIP,카드,5,21900.0,"닭가슴살,식빵,우유,감자칩,버터"
10463,2026-05-05 08:44,분당점,기존,모바일페이,3,12100.0,"버터,감자,바나나"
10199,2026-05-25 09:02,잠실점,기존,모바일페이,8,47600.0,"닭가슴살,파스타,계란,화장지,파스타소스,콜라,기저귀,라면"
10060,2026-05-08 11:51,홍대점,신규,모바일페이,9,39200.0,"계란,식빵,우유,시리얼,감자칩,버터,콜라,커피,크루아상"
10907,2026-05-22 13:11,분당점,기존,카드,2,7500.0,"우유,시리얼"
10997,2026-05-20 13:34,잠실점,신규,모바일페이,3,17000.0,"파스타,파스타소스,화장지"
10276,2026-05-09 12:37,강남점,기존,모바일페이,5,48600.0,"치즈,파스타,소고기,파스타소스,기저귀"
10809,2026-03-17 19:56,잠실점,신규,현금,4,26400.0,"기저귀,맥주,감자칩,초콜릿"
10908,2026-03-23 12:01,강남점,기존,카드,6,30500.0,"상추,삼겹살,사과,마늘,커피,크루아상"
10658,2026-05-06 12:16,홍대점,신규,카드,6,28600.0,"맥주,감자칩,콜라,마늘,생수,기저귀"
10957,2026-05-03 09:57,강남점,VIP,카드,4,12700.0,"우유,버터,파스타,식빵"
10886,2026-04-14 08:41,잠실점,기존,카드,2,21600.0,"기저귀,맥주"
10221,2026-03-20 10:54,잠실점,신규,카드,1,17600.0,소고기
10789,2026-04-17 21:18,강남점,기존,현금,1,1700.0,양파
10712,2026-04-06 10:28,잠실점,신규,카드,2,2700.0,"감자칩,감자"
10714,2026-03-21 12:49,강남점,기존,카드,4,35200.0,"치즈,소고기,계란,화장지"
11113,2026-03-16 14:10,강남점,기존,카드,6,29700.0,"파스타,감자칩,버터,파스타소스,콜라,기저귀"
11191,2026-04-18 16:25,강남점,VIP,카드,3,16200.0,"감자칩,삼겹살,초콜릿"
10790,2026-04-10 20:37,잠실점,VIP,카드,2,5900.0,"우유,감자칩"
10416,2026-05-14 17:48,강남점,기존,카드,5,30200.0,"파스타,우유,시리얼,삼겹살,파스타소스"
10899,2026-03-23 12:06,홍대점,VIP,카드,2,14900.0,"닭가슴살,커피"
10935,2026-04-30 21:43,강남점,신규,모바일페이,4,18300.0,"우유,버터,커피,식빵"
10266,2026-05-11 14:57,홍대점,기존,카드,6,23100.0,"파스타,우유,시리얼,감자칩,파스타소스,마늘"
10632,2026-04-27 11:20,잠실점,기존,카드,2,7000.0,"시리얼,생수"
10248,2026-04-29 09:53,잠실점,VIP,카드,12,47000.0,"식빵,바나나,우유,시리얼,감자칩,버터,콜라,파스타소스,화장지,커피,양파,크루아상"
10683,2026-04-25 08:20,잠실점,기존,모바일페이,2,6100.0,"감자칩,초콜릿"
10559,2026-04-24 09:17,강남점,기존,모바일페이,7,46300.0,"소고기,상추,감자칩,삼겹살,콜라,마늘,커피"
11137,2026-04-12 12:31,분당점,신규,카드,3,11400.0,"파스타,파스타소스,상추"
10968,2026-05-27 13:36,강남점,기존,모바일페이,5,22500.0,"식빵,우유,버터,콜라,세제"
11005,2026-05-24 12:29,강남점,VIP,카드,4,21700.0,"콜라,기저귀,감자칩,초콜릿"
10985,2026-03-12 16:52,분당점,VIP,모바일페이,3,24200.0,"기저귀,맥주,커피"
10295,2026-04-12 14:09,잠실점,기존,모바일페이,2,11300.0,"커피,크루아상"
10520,2026-05-14 20:00,분당점,기존,현금,6,24700.0,"우유,상추,감자칩,삼겹살,초콜릿,마늘"
10771,2026-03-12 16:41,분당점,기존,카드,1,1900.0,상추
10084,2026-03-17 12:02,분당점,신규,현금,4,29700.0,"기저귀,화장지,맥주,사과"
10232,2026-05-09 16:23,분당점,기존,카드,5,19900.0,"식빵,우유,버터,커피,크루아상"
10621,2026-03-09 10:37,홍대점,기존,카드,6,25000.0,"파스타,식빵,우유,시리얼,버터,파스타소스"
10334,2026-04-11 11:11,분당점,기존,현금,8,36100.0,"계란,식빵,우유,상추,감자칩,삼겹살,버터,마늘"
10130,2026-05-09 12:00,홍대점,기존,카드,5,44700.0,"소고기,식빵,우유,삼겹살,버터"
11012,2026-05-11 10:30,잠실점,VIP,현금,6,23300.0,"상추,감자칩,삼겹살,콜라,파스타소스,마늘"
10645,2026-03-02 11:58,잠실점,신규,카드,5,36700.0,"소고기,우유,상추,삼겹살,마늘"
10974,2026-05-16 09:32,잠실점,기존,모바일페이,1,11600.0,삼겹살
10383,2026-05-18 08:50,분당점,신규,카드,6,25200.0,"파스타,요거트,상추,삼겹살,파스타소스,마늘"
10868,2026-04-17 20:09,잠실점,VIP,모바일페이,3,28000.0,"기저귀,화장지,맥주"
10543,2026-05-20 18:46,잠실점,기존,모바일페이,1,1000.0,양파
11194,2026-04-04 17:42,홍대점,신규,모바일페이,1,3300.0,바나나
10875,2026-05-16 15:10,강남점,기존,카드,1,4800.0,치즈
10332,2026-05-10 16:49,홍대점,신규,카드,1,4600.0,버터
10410,2026-04-17 17:52,잠실점,신규,카드,5,20500.0,"파스타,식빵,우유,버터,파스타소스"
10077,2026-05-13 16:22,홍대점,신규,카드,3,10100.0,"우유,버터,식빵"
10869,2026-03-19 10:57,잠실점,기존,카드,5,26000.0,"파스타,상추,삼겹살,파스타소스,마늘"
10139,2026-04-26 14:24,분당점,기존,카드,6,23500.0,"우유,시리얼,요거트,콜라,커피,크루아상"
10544,2026-03-07 16:55,잠실점,기존,모바일페이,4,13100.0,"치즈,버터,상추,마늘"
10674,2026-04-29 15:30,강남점,기존,카드,2,22000.0,"기저귀,맥주"
10921,2026-05-03 21:43,강남점,신규,카드,3,11800.0,"우유,시리얼,라면"
10064,2026-03-05 20:56,분당점,기존,현금,4,13600.0,"파스타,파스타소스,상추,요거트"
10142,2026-04-14 16:46,강남점,기존,카드,5,21400.0,"파스타,계란,감자,우유,시리얼"
10717,2026-04-11 13:36,강남점,기존,카드,2,3800.0,"콜라,감자칩"
10377,2026-04-17 08:04,잠실점,신규,모바일페이,3,11400.0,"라면,계란,양파"
10364,2026-03-17 20:43,잠실점,기존,모바일페이,4,20800.0,"상추,마늘,삼겹살,맥주"
10140,2026-05-10 17:37,분당점,기존,카드,3,17000.0,"라면,커피,계란"
10885,2026-05-28 13:25,분당점,신규,카드,7,36200.0,"맥주,식빵,우유,감자칩,버터,콜라,기저귀"
11042,2026-03-25 18:36,분당점,신규,카드,6,23400.0,"파스타,파스타소스,콜라,마늘,커피,크루아상"
10225,2026-05-10 14:58,홍대점,기존,카드,5,15900.0,"계란,요거트,감자칩,콜라,라면"
10515,2026-03-26 10:58,잠실점,기존,카드,3,5600.0,"콜라,감자칩,생수"
10267,2026-05-21 20:48,강남점,기존,카드,4,22700.0,"우유,버터,세제,식빵"
11170,2026-05-08 21:04,홍대점,VIP,카드,2,10600.0,"버터,사과"
10487,2026-04-08 12:08,강남점,VIP,현금,6,30000.0,"우유,시리얼,감자칩,삼겹살,마늘,크루아상"
10353,2026-05-09 10:15,홍대점,VIP,모바일페이,6,30500.0,"파스타,상추,삼겹살,파스타소스,마늘,화장지"
11006,2026-04-22 15:04,강남점,신규,현금,1,4400.0,식빵
10618,2026-03-04 15:49,강남점,기존,모바일페이,2,21100.0,"기저귀,맥주"
10668,2026-04-01 10:45,홍대점,신규,현금,4,14300.0,"요거트,콜라,감자칩,크루아상"
10775,2026-04-10 09:04,분당점,기존,모바일페이,3,18800.0,"상추,마늘,삼겹살"
10554,2026-04-18 08:12,분당점,신규,카드,3,12700.0,"요거트,버터,시리얼"
10576,2026-05-01 11:40,잠실점,기존,현금,3,7800.0,"파스타,초콜릿,생수"
10915,2026-05-28 15:04,강남점,VIP,모바일페이,1,5800.0,시리얼
10466,2026-03-03 09:16,잠실점,기존,카드,2,7800.0,"파스타,파스타소스"
10591,2026-04-05 20:31,잠실점,기존,카드,5,41100.0,"소고기,맥주,상추,초콜릿,기저귀"
10765,2026-04-18 10:30,분당점,신규,모바일페이,5,30100.0,"바나나,우유,기저귀,커피,크루아상"
10635,2026-04-28 19:31,분당점,기존,모바일페이,4,27700.0,"파스타,기저귀,파스타소스,맥주"
10838,2026-03-01 13:29,홍대점,기존,카드,7,32900.0,"식빵,우유,상추,삼겹살,버터,파스타소스,마늘"
10290,2026-03-03 14:37,홍대점,기존,카드,10,48100.0,"치즈,식빵,바나나,우유,버터,생수,기저귀,화장지,커피,크루아상"
10040,2026-03-22 09:53,강남점,기존,카드,3,9800.0,"콜라,감자칩,크루아상"
10031,2026-03-12 15:09,홍대점,기존,현금,6,35700.0,"파스타,맥주,감자칩,파스타소스,기저귀,크루아상"
10243,2026-03-13 21:47,잠실점,신규,카드,2,6000.0,"감자칩,식빵"
10429,2026-05-16 18:36,강남점,기존,현금,4,12100.0,"요거트,시리얼,마늘,감자칩"
10137,2026-04-04 10:36,강남점,기존,현금,5,23900.0,"식빵,우유,초콜릿,버터,화장지"
11101,2026-05-06 16:39,홍대점,신규,카드,4,17300.0,"우유,시리얼,세제,마늘"
10865,2026-05-01 21:33,분당점,기존,카드,1,4700.0,라면
10004,2026-03-01 20:32,강남점,기존,카드,7,33200.0,"계란,시리얼,상추,감자칩,삼겹살,콜라,마늘"
10833,2026-03-19 14:06,잠실점,기존,카드,7,38500.0,"닭가슴살,맥주,감자,바나나,감자칩,콜라,기저귀"
10603,2026-05-08 11:59,홍대점,기존,카드,2,9100.0,"커피,크루아상"
11034,2026-05-11 09:11,홍대점,VIP,모바일페이,1,3300.0,초콜릿
10655,2026-05-02 16:29,홍대점,신규,현금,3,12800.0,"파스타,파스타소스,계란"
10844,2026-05-09 12:24,잠실점,신규,카드,1,2300.0,바나나
10784,2026-03-25 20:42,분당점,신규,카드,7,27000.0,"닭가슴살,식빵,바나나,우유,버터,파스타소스,마늘"
11074,2026-03-11 14:23,잠실점,VIP,카드,1,8900.0,세제
10443,2026-04-17 15:08,강남점,기존,카드,3,15400.0,"상추,마늘,삼겹살"
11178,2026-05-27 14:54,분당점,신규,카드,2,7400.0,"파스타,파스타소스"
10436,2026-03-13 14:28,홍대점,기존,카드,7,49100.0,"계란,맥주,세제,기저귀,라면,커피,크루아상"
11169,2026-04-14 12:26,강남점,신규,카드,1,2000.0,콜라
10101,2026-03-05 16:12,강남점,기존,카드,3,13100.0,"파스타,파스타소스,커피"
10773,2026-05-06 12:31,분당점,기존,카드,7,26300.0,"계란,식빵,우유,버터,파스타소스,라면,크루아상"
10495,2026-03-16 15:12,잠실점,신규,모바일페이,2,7400.0,"우유,계란"
11028,2026-03-27 17:49,잠실점,신규,카드,2,7400.0,"파스타,파스타소스"
10807,2026-04-12 19:18,분당점,신규,카드,4,20500.0,"우유,시리얼,버터,식빵"
11142,2026-03-05 17:01,잠실점,기존,현금,3,5400.0,"콜라,감자칩,생수"
10846,2026-04-26 21:35,분당점,VIP,카드,3,16900.0,"상추,마늘,삼겹살"
10987,2026-04-19 16:16,잠실점,신규,모바일페이,8,25500.0,"파스타,식빵,우유,감자칩,버터,파스타소스,콜라,크루아상"
10228,2026-04-16 20:27,홍대점,VIP,카드,6,23800.0,"감자칩,사과,콜라,파스타소스,커피,크루아상"
11193,2026-04-01 12:17,홍대점,기존,현금,3,21800.0,"요거트,기저귀,양파"
10672,2026-03-16 16:53,분당점,신규,카드,2,6600.0,"치즈,요거트"
10859,2026-04-27 12:12,강남점,기존,카드,8,53000.0,"파스타,맥주,상추,삼겹살,마늘,기저귀,커피,크루아상"
10925,2026-04-28 10:16,분당점,기존,카드,2,22400.0,"기저귀,맥주"
10067,2026-05-05 08:39,강남점,VIP,카드,1,2400.0,마늘
10068,2026-05-16 10:15,홍대점,VIP,카드,2,3600.0,"콜라,감자칩"
10817,2026-05-08 12:38,강남점,신규,카드,5,29600.0,"계란,우유,파스타소스,세제,라면"
10212,2026-03-11 14:21,홍대점,기존,카드,2,8800.0,"우유,시리얼"
10013,2026-04-20 20:07,분당점,기존,카드,1,8800.0,닭가슴살
10494,2026-03-24 09:59,홍대점,VIP,모바일페이,9,53300.0,"파스타,식빵,우유,버터,콜라,기저귀,화장지,커피,크루아상"
11165,2026-05-14 08:15,분당점,기존,카드,2,8800.0,"파스타소스,식빵"
10300,2026-04-25 15:30,홍대점,기존,카드,4,21100.0,"파스타,파스타소스,화장지,버터"
10411,2026-05-18 14:48,홍대점,기존,모바일페이,4,27600.0,"우유,시리얼,소고기,파스타소스"
10757,2026-03-24 16:09,강남점,기존,모바일페이,3,21700.0,"기저귀,맥주,감자"
11075,2026-04-15 20:05,홍대점,신규,카드,3,11600.0,"상추,맥주,식빵"
10696,2026-03-28 18:14,강남점,VIP,카드,1,2200.0,바나나
11151,2026-03-02 09:34,홍대점,기존,현금,6,30500.0,"닭가슴살,시리얼,상추,삼겹살,마늘,양파"
10724,2026-04-20 15:13,홍대점,VIP,카드,5,43400.0,"맥주,삼겹살,기저귀,커피,크루아상"
11016,2026-04-17 19:48,강남점,기존,모바일페이,1,3000.0,상추
10528,2026-04-15 13:06,잠실점,VIP,카드,8,45600.0,"계란,시리얼,상추,삼겹살,초콜릿,버터,마늘,화장지"
10600,2026-05-22 10:00,잠실점,신규,카드,4,16900.0,"우유,시리얼,콜라,닭가슴살"
11120,2026-04-24 16:09,잠실점,신규,현금,1,7000.0,커피
10567,2026-04-07 15:24,잠실점,VIP,카드,5,18200.0,"치즈,감자,감자칩,콜라,라면"
10731,2026-04-05 20:30,강남점,기존,카드,5,36900.0,"맥주,요거트,사과,세제,기저귀"
10274,2026-03-12 11:46,분당점,신규,모바일페이,1,2000.0,콜라
10967,2026-04-15 12:03,강남점,기존,모바일페이,4,28200.0,"소고기,커피,감자칩,크루아상"
10238,2026-03-25 14:42,강남점,기존,카드,2,7700.0,"맥주,생수"
10406,2026-05-21 08:17,잠실점,VIP,카드,3,36200.0,"시리얼,소고기,삼겹살"
10003,2026-04-19 10:27,분당점,기존,모바일페이,5,25900.0,"계란,상추,삼겹살,마늘,라면"
10007,2026-03-15 11:34,강남점,신규,카드,6,28500.0,"식빵,우유,상추,삼겹살,버터,마늘"
10312,2026-05-05 20:50,잠실점,기존,현금,1,10700.0,삼겹살
11091,2026-04-19 21:37,분당점,기존,카드,5,23200.0,"맥주,감자칩,콜라,생수,기저귀"
10452,2026-05-13 14:56,홍대점,VIP,카드,9,34100.0,"식빵,감자,우유,상추,감자칩,삼겹살,버터,콜라,마늘"
10722,2026-04-07 14:32,분당점,기존,모바일페이,2,15900.0,"기저귀,상추"
10216,2026-05-12 10:21,잠실점,기존,카드,4,28500.0,"기저귀,맥주,식빵,사과"
11086,2026-03-20 16:49,분당점,기존,카드,6,21900.0,"파스타,우유,시리얼,초콜릿,파스타소스,라면"
10028,2026-03-27 20:34,강남점,신규,카드,3,11000.0,"우유,버터,식빵"
11158,2026-05-22 11:21,강남점,기존,모바일페이,4,15700.0,"우유,버터,파스타,식빵"
10362,2026-03-14 13:25,홍대점,기존,카드,3,11000.0,"라면,계란,생수"
10823,2026-03-02 18:26,잠실점,기존,카드,2,7100.0,"우유,요거트"
10781,2026-05-02 10:39,홍대점,신규,현금,4,14800.0,"우유,버터,식빵,양파"
10629,2026-05-26 09:04,분당점,기존,카드,7,48500.0,"계란,맥주,시리얼,파스타소스,기저귀,커피,크루아상"
10454,2026-05-23 20:24,분당점,기존,카드,1,2100.0,초콜릿
10739,2026-03-23 08:04,잠실점,신규,모바일페이,4,15700.0,"우유,시리얼,라면,계란"
10536,2026-04-18 11:35,강남점,기존,카드,6,24600.0,"파스타,식빵,우유,버터,파스타소스,크루아상"
11050,2026-03-25 18:25,강남점,기존,카드,4,27800.0,"기저귀,계란,맥주,커피"
10399,2026-04-30 14:03,홍대점,기존,현금,8,31000.0,"파스타,식빵,우유,감자칩,사과,버터,파스타소스,라면"
10257,2026-03-01 11:13,잠실점,신규,모바일페이,8,44900.0,"계란,맥주,요거트,상추,삼겹살,마늘,기저귀,라면"
10292,2026-04-08 14:34,분당점,기존,카드,9,32000.0,"파스타,계란,식빵,감자칩,사과,버터,파스타소스,콜라,라면"
10026,2026-05-28 19:35,강남점,기존,모바일페이,2,15700.0,"우유,삼겹살"
10337,2026-04-29 12:05,강남점,신규,카드,4,26000.0,"요거트,삼겹살,시리얼,감자"
10585,2026-03-25 20:50,강남점,기존,모바일페이,3,22400.0,"우유,기저귀,맥주"
10048,2026-04-30 14:22,강남점,VIP,모바일페이,3,28500.0,"세제,기저귀,초콜릿"
10319,2026-05-14 10:57,분당점,기존,카드,4,25800.0,"기저귀,맥주,감자칩,콜라"
10107,2026-05-22 11:41,홍대점,신규,카드,6,35400.0,"파스타,계란,맥주,파스타소스,기저귀,라면"
10799,2026-04-01 13:13,홍대점,신규,모바일페이,10,58400.0,"파스타,맥주,우유,시리얼,상추,파스타소스,콜라,세제,기저귀,라면"
10056,2026-03-30 12:40,홍대점,기존,카드,3,6900.0,"요거트,콜라,감자칩"
10523,2026-03-31 09:24,분당점,VIP,카드,2,20100.0,"기저귀,파스타소스"
10214,2026-04-04 11:30,분당점,기존,카드,2,9000.0,"우유,시리얼"
10121,2026-05-25 20:09,홍대점,기존,카드,4,29000.0,"기저귀,맥주,크루아상,초콜릿"
10918,2026-03-31 16:23,잠실점,신규,카드,5,21700.0,"감자칩,버터,콜라,마늘,화장지"
11068,2026-04-10 17:31,잠실점,기존,현금,3,9900.0,"우유,시리얼,초콜릿"
11118,2026-05-16 13:49,잠실점,기존,현금,9,39300.0,"계란,식빵,바나나,우유,상추,삼겹살,버터,마늘,라면"
10073,2026-05-10 12:31,잠실점,신규,카드,5,28900.0,"맥주,상추,삼겹살,마늘,화장지"
10948,2026-03-13 12:44,강남점,신규,현금,5,18100.0,"계란,식빵,우유,버터,콜라"
10747,2026-04-13 20:09,분당점,신규,카드,4,21600.0,"시리얼,상추,마늘,삼겹살"
10716,2026-04-11 12:06,잠실점,기존,카드,5,28100.0,"계란,상추,삼겹살,마늘,라면"
10558,2026-03-30 11:17,홍대점,기존,모바일페이,2,17600.0,"삼겹살,크루아상"
11082,2026-04-24 08:41,홍대점,기존,카드,5,28900.0,"치즈,닭가슴살,식빵,바나나,삼겹살"
11046,2026-04-14 16:37,잠실점,기존,모바일페이,1,2800.0,감자
10553,2026-04-01 17:55,강남점,신규,카드,4,13000.0,"콜라,커피,감자칩,식빵"
10562,2026-03-13 21:20,잠실점,신규,모바일페이,3,15800.0,"콜라,감자칩,삼겹살"
10425,2026-04-28 12:24,분당점,기존,카드,6,40500.0,"닭가슴살,계란,맥주,감자칩,기저귀,라면"
11014,2026-04-28 09:40,분당점,신규,카드,3,11800.0,"우유,파스타,파스타소스"
10326,2026-04-14 19:33,분당점,신규,모바일페이,2,3200.0,"콜라,감자칩"
10924,2026-03-04 14:07,강남점,기존,카드,3,16400.0,"콜라,감자칩,삼겹살"
10317,2026-03-19 19:17,잠실점,기존,현금,5,17700.0,"파스타,감자칩,파스타소스,콜라,크루아상"
10804,2026-03-04 16:38,잠실점,기존,카드,1,1600.0,감자칩
11163,2026-05-08 13:50,분당점,VIP,카드,5,19900.0,"파스타,계란,식빵,우유,버터"
10529,2026-04-29 09:04,잠실점,기존,현금,3,13500.0,"우유,시리얼,크루아상"
10837,2026-03-29 15:12,강남점,신규,카드,1,8800.0,화장지
10715,2026-03-30 18:22,분당점,기존,카드,4,16600.0,"우유,시리얼,라면,치즈"
10901,2026-05-16 10:07,강남점,기존,카드,4,20300.0,"상추,마늘,삼겹살,초콜릿"
10061,2026-04-18 21:32,잠실점,VIP,카드,8,32300.0,"치즈,파스타,감자,감자칩,파스타소스,콜라,커피,크루아상"
10723,2026-03-17 17:27,잠실점,신규,카드,3,8900.0,"버터,콜라,초콜릿"
10093,2026-04-10 11:12,분당점,VIP,현금,5,29800.0,"닭가슴살,식빵,우유,삼겹살,버터"
10858,2026-04-16 21:14,강남점,기존,현금,4,12400.0,"우유,버터,식빵,양파"
10619,2026-04-16 15:09,잠실점,신규,카드,1,4500.0,시리얼
10352,2026-03-31 20:53,분당점,기존,모바일페이,3,12400.0,"우유,파스타,파스타소스"
10933,2026-04-25 21:27,분당점,VIP,카드,2,10100.0,"커피,크루아상"
10281,2026-03-22 10:21,강남점,신규,모바일페이,6,41100.0,"맥주,우유,시리얼,기저귀,커피,크루아상"
10421,2026-03-24 20:07,분당점,기존,모바일페이,1,2300.0,감자칩
11115,2026-05-28 10:50,잠실점,신규,현금,1,5500.0,계란
10360,2026-05-16 11:36,홍대점,신규,현금,7,30200.0,"파스타,상추,파스타소스,생수,기저귀,양파,크루아상"
10423,2026-05-07 20:24,분당점,기존,카드,1,14300.0,삼겹살
10679,2026-04-20 09:03,홍대점,기존,카드,3,24100.0,"시리얼,기저귀,바나나"
10527,2026-03-08 17:28,홍대점,기존,카드,11,57100.0,"계란,맥주,우유,시리얼,감자칩,사과,콜라,기저귀,라면,커피,크루아상"
10478,2026-05-11 18:45,강남점,기존,카드,2,8500.0,"버터,크루아상"
11095,2026-03-05 15:46,분당점,기존,모바일페이,7,27400.0,"파스타,식빵,우유,감자칩,버터,콜라,화장지"
10183,2026-04-11 17:40,분당점,기존,모바일페이,3,12500.0,"파스타,파스타소스,계란"
11092,2026-04-21 13:14,홍대점,기존,모바일페이,3,11400.0,"커피,감자칩,크루아상"
10433,2026-03-14 16:40,분당점,기존,카드,1,5500.0,계란
10111,2026-04-21 18:19,홍대점,기존,모바일페이,4,12500.0,"우유,시리얼,콜라,감자칩"
10371,2026-03-13 15:40,분당점,기존,현금,4,15800.0,"파스타,파스타소스,라면,계란"
10240,2026-05-12 15:55,분당점,기존,카드,1,2200.0,우유
10709,2026-03-07 11:19,잠실점,기존,카드,1,3300.0,파스타소스
10630,2026-05-15 08:47,강남점,기존,현금,7,34300.0,"파스타,식빵,우유,시리얼,삼겹살,버터,파스타소스"
10594,2026-04-23 21:17,강남점,기존,카드,2,4500.0,"상추,양파"
10486,2026-03-28 08:06,홍대점,신규,현금,4,10500.0,"치즈,감자칩,파스타소스,양파"
10701,2026-04-27 21:18,홍대점,신규,현금,5,25000.0,"식빵,우유,삼겹살,버터,양파"
10262,2026-04-03 13:26,강남점,VIP,카드,3,11900.0,"우유,시리얼,사과"
10480,2026-03-10 15:55,분당점,신규,현금,9,43900.0,"맥주,우유,시리얼,감자칩,콜라,생수,기저귀,커피,크루아상"
10650,2026-03-11 19:49,분당점,VIP,카드,4,27500.0,"우유,시리얼,기저귀,치즈"
10340,2026-05-29 17:15,홍대점,신규,카드,1,4900.0,파스타소스
10669,2026-04-15 17:41,분당점,기존,모바일페이,5,30800.0,"계란,맥주,파스타소스,기저귀,양파"
10552,2026-05-06 19:49,분당점,신규,모바일페이,2,23600.0,"기저귀,맥주"
10459,2026-03-26 08:49,강남점,신규,카드,6,41800.0,"계란,상추,삼겹살,마늘,기저귀,커피"
10184,2026-03-14 21:10,분당점,기존,카드,5,30100.0,"소고기,바나나,요거트,마늘,라면"
10138,2026-04-02 17:05,홍대점,신규,모바일페이,4,28800.0,"우유,시리얼,화장지,삼겹살"
11161,2026-03-17 14:05,잠실점,신규,모바일페이,3,30100.0,"소고기,계란,커피"
10707,2026-03-05 10:11,잠실점,기존,카드,7,31700.0,"파스타,식빵,우유,시리얼,버터,파스타소스,커피"
10582,2026-03-23 11:04,분당점,기존,모바일페이,1,3200.0,크루아상
10081,2026-03-12 10:08,잠실점,신규,카드,9,65000.0,"파스타,소고기,맥주,식빵,감자칩,파스타소스,콜라,기저귀,화장지"
10769,2026-03-07 14:36,분당점,VIP,카드,1,2800.0,파스타소스
10870,2026-04-30 15:19,잠실점,신규,카드,3,26700.0,"소고기,라면,계란"
10762,2026-04-18 20:53,홍대점,신규,모바일페이,8,33400.0,"파스타,식빵,우유,감자칩,버터,파스타소스,콜라,커피"
10030,2026-03-28 13:24,강남점,신규,모바일페이,3,24400.0,"닭가슴살,마늘,삼겹살"
10542,2026-05-17 17:15,분당점,기존,현금,4,17600.0,"우유,시리얼,라면,계란"
10166,2026-03-21 16:11,홍대점,기존,모바일페이,1,2800.0,요거트
10249,2026-05-13 10:30,강남점,기존,카드,4,13300.0,"우유,시리얼,콜라,바나나"
10308,2026-03-10 09:08,홍대점,기존,카드,9,49400.0,"맥주,우유,시리얼,감자칩,콜라,파스타소스,기저귀,커피,크루아상"
10448,2026-03-29 13:17,홍대점,기존,모바일페이,1,4700.0,치즈
10347,2026-04-16 15:37,분당점,기존,모바일페이,3,22200.0,"기저귀,맥주,식빵"
10335,2026-05-24 14:41,강남점,VIP,카드,2,12000.0,"시리얼,화장지"
10286,2026-03-21 20:36,분당점,기존,카드,3,12100.0,"파스타소스,감자,초콜릿"
10950,2026-04-06 13:14,잠실점,VIP,모바일페이,7,52800.0,"소고기,계란,맥주,상추,버터,기저귀,라면"
10098,2026-04-19 12:16,잠실점,신규,현금,2,7400.0,"치즈,파스타"
10468,2026-05-11 18:44,분당점,VIP,현금,1,3800.0,초콜릿
11037,2026-03-05 08:55,분당점,기존,현금,6,38300.0,"파스타,맥주,감자,시리얼,파스타소스,기저귀"
10913,2026-05-19 20:56,잠실점,신규,카드,4,13600.0,"우유,버터,식빵,감자"
10756,2026-04-19 12:53,홍대점,신규,카드,8,26700.0,"파스타,맥주,식빵,감자칩,파스타소스,콜라,양파,크루아상"
10945,2026-04-27 09:47,홍대점,VIP,카드,4,16600.0,"우유,파스타소스,커피,크루아상"
10614,2026-04-28 19:33,홍대점,신규,모바일페이,3,26100.0,"기저귀,맥주,감자칩"
10802,2026-04-05 21:09,분당점,신규,현금,2,9900.0,"닭가슴살,식빵"
10758,2026-04-01 20:29,강남점,기존,모바일페이,5,30200.0,"파스타,맥주,상추,파스타소스,기저귀"
10689,2026-04-14 10:56,잠실점,신규,카드,3,15000.0,"시리얼,상추,화장지"
10066,2026-03-10 10:27,잠실점,신규,현금,4,14400.0,"파스타,파스타소스,버터,양파"
10794,2026-05-16 21:05,분당점,VIP,카드,2,8900.0,"우유,시리얼"
10744,2026-05-06 13:39,분당점,기존,카드,1,4600.0,크루아상
10568,2026-04-14 17:09,분당점,기존,카드,1,3300.0,요거트
11084,2026-04-25 11:24,잠실점,VIP,현금,5,20200.0,"계란,식빵,우유,감자칩,버터"
11099,2026-05-15 19:16,홍대점,기존,모바일페이,3,12900.0,"파스타,파스타소스,감자"
10303,2026-05-08 15:03,분당점,VIP,현금,3,16900.0,"상추,마늘,삼겹살"
10255,2026-05-27 18:02,분당점,신규,카드,4,18300.0,"파스타,파스타소스,커피,크루아상"
10959,2026-03-12 13:18,분당점,기존,카드,6,24800.0,"우유,시리얼,감자칩,콜라,화장지,커피"
11024,2026-03-29 15:12,분당점,기존,모바일페이,4,45000.0,"기저귀,맥주,사과,소고기"
10313,2026-04-23 12:21,잠실점,기존,카드,3,22100.0,"콜라,감자칩,소고기"
10530,2026-04-12 19:38,잠실점,신규,카드,2,8300.0,"우유,시리얼"
10222,2026-04-22 16:19,강남점,기존,카드,4,13500.0,"콜라,커피,감자칩,크루아상"
10389,2026-04-14 11:15,강남점,기존,모바일페이,2,6200.0,"콜라,감자칩"
10236,2026-05-27 17:44,강남점,기존,카드,5,44400.0,"닭가슴살,삼겹살,마늘,기저귀,커피"
10810,2026-03-08 18:05,잠실점,신규,현금,4,20500.0,"라면,커피,계란,크루아상"
10483,2026-04-23 09:50,홍대점,신규,카드,5,23500.0,"계란,요거트,시리얼,버터,라면"
10713,2026-05-22 20:03,홍대점,VIP,현금,1,4900.0,파스타소스
10306,2026-05-29 21:37,분당점,기존,모바일페이,3,31400.0,"세제,기저귀,맥주"
11111,2026-05-18 17:34,강남점,신규,모바일페이,2,14300.0,"세제,파스타"
11090,2026-04-25 12:20,분당점,기존,카드,4,17100.0,"우유,시리얼,계란,사과"
10772,2026-05-10 15:46,홍대점,신규,모바일페이,3,12700.0,"우유,버터,식빵"
10917,2026-03-30 20:43,잠실점,신규,모바일페이,2,5600.0,"요거트,감자"
11139,2026-03-15 10:46,강남점,기존,현금,3,22500.0,"기저귀,맥주,마늘"
10250,2026-03-14 21:49,잠실점,기존,현금,8,36900.0,"파스타,계란,파스타소스,생수,세제,라면,커피,크루아상"
10760,2026-04-14 11:00,분당점,신규,카드,1,1500.0,우유
10595,2026-05-13 19:12,분당점,기존,모바일페이,11,55300.0,"파스타,계란,우유,시리얼,상추,감자칩,삼겹살,버터,파스타소스,마늘,화장지"
10072,2026-03-30 16:02,강남점,기존,카드,9,45100.0,"파스타,식빵,감자,우유,상추,삼겹살,버터,파스타소스,마늘"
10095,2026-03-02 09:06,잠실점,신규,모바일페이,1,1900.0,콜라
10546,2026-04-21 08:49,홍대점,VIP,모바일페이,3,17300.0,"상추,마늘,삼겹살"
10034,2026-05-11 19:51,강남점,기존,모바일페이,5,15800.0,"계란,감자,초콜릿,버터,마늘"
10862,2026-03-16 15:43,분당점,신규,모바일페이,5,20800.0,"계란,감자,우유,시리얼,라면"
10579,2026-04-02 18:21,잠실점,기존,카드,6,21900.0,"파스타,바나나,우유,시리얼,상추,사과"
10449,2026-03-18 09:49,분당점,신규,카드,2,3700.0,"콜라,감자칩"
10446,2026-05-10 11:10,홍대점,기존,카드,2,10000.0,"화장지,크루아상"
10260,2026-03-05 10:53,홍대점,신규,카드,1,5400.0,맥주
10205,2026-05-21 21:09,잠실점,신규,모바일페이,5,44800.0,"소고기,식빵,우유,버터,기저귀"
10573,2026-04-13 09:29,분당점,기존,카드,2,7300.0,"우유,사과"
10824,2026-05-05 16:50,강남점,VIP,카드,3,27800.0,"세제,삼겹살,사과"
10586,2026-04-22 08:46,강남점,기존,모바일페이,2,5500.0,"콜라,감자"
10366,2026-03-22 09:31,분당점,기존,모바일페이,3,11700.0,"요거트,버터,감자"
10812,2026-03-26 12:55,홍대점,VIP,현금,1,8400.0,화장지
10078,2026-05-11 10:43,강남점,신규,모바일페이,3,14600.0,"상추,마늘,삼겹살"
10085,2026-03-06 10:06,잠실점,기존,모바일페이,6,35000.0,"맥주,감자칩,버터,콜라,기저귀,크루아상"
10539,2026-04-08 10:09,분당점,기존,현금,4,25700.0,"세제,화장지,커피,크루아상"
10083,2026-04-28 08:13,홍대점,기존,모바일페이,6,34100.0,"맥주,우유,시리얼,감자칩,기저귀,커피"
10458,2026-04-28 15:47,홍대점,VIP,모바일페이,3,13600.0,"커피,감자칩,크루아상"
11138,2026-05-07 20:16,홍대점,기존,카드,5,20500.0,"식빵,우유,버터,화장지,양파"
10615,2026-05-27 17:06,강남점,VIP,카드,5,16900.0,"파스타,우유,시리얼,감자칩,콜라"
11186,2026-04-28 09:51,강남점,신규,카드,5,26100.0,"계란,상추,삼겹살,마늘,라면"
11076,2026-05-15 09:36,분당점,기존,모바일페이,6,32400.0,"닭가슴살,우유,시리얼,상추,삼겹살,마늘"
10737,2026-05-12 10:48,잠실점,신규,모바일페이,5,17600.0,"치즈,파스타,감자칩,파스타소스,콜라"
10437,2026-04-07 21:26,분당점,VIP,모바일페이,9,36200.0,"식빵,우유,요거트,상추,삼겹살,초콜릿,버터,마늘,커피"
10555,2026-04-26 21:37,잠실점,VIP,카드,7,37600.0,"치즈,식빵,우유,시리얼,삼겹살,초콜릿,파스타소스"
11080,2026-04-20 17:09,홍대점,신규,카드,6,16800.0,"식빵,바나나,우유,감자칩,버터,콜라"
11062,2026-05-25 16:05,분당점,기존,모바일페이,3,18000.0,"상추,마늘,삼겹살"
10351,2026-04-10 14:33,잠실점,기존,현금,2,8800.0,"우유,시리얼"
10197,2026-03-15 18:03,강남점,VIP,카드,3,9200.0,"버터,콜라,감자칩"
10465,2026-03-29 10:55,홍대점,기존,카드,6,35900.0,"계란,식빵,우유,버터,기저귀,화장지"
10589,2026-04-15 14:30,강남점,신규,모바일페이,8,38800.0,"닭가슴살,상추,감자칩,삼겹살,파스타소스,마늘,세제,양파"
10006,2026-05-05 09:44,홍대점,VIP,현금,4,26700.0,"치즈,파스타,기저귀,맥주"
10311,2026-03-13 21:39,잠실점,VIP,카드,4,14900.0,"우유,파스타,파스타소스,초콜릿"
10662,2026-03-05 21:12,홍대점,기존,모바일페이,1,3700.0,계란
10405,2026-05-04 11:19,강남점,기존,모바일페이,3,15800.0,"상추,마늘,삼겹살"
11196,2026-04-08 15:39,잠실점,기존,카드,3,28600.0,"기저귀,화장지,맥주"
11044,2026-05-22 14:14,분당점,기존,카드,7,37000.0,"계란,상추,삼겹살,마늘,라면,커피,크루아상"
11058,2026-03-06 17:16,잠실점,기존,모바일페이,1,3700.0,우유
10105,2026-03-09 08:01,강남점,기존,카드,2,5700.0,"파스타,콜라"
10537,2026-03-18 19:06,잠실점,신규,모바일페이,1,6100.0,버터
10606,2026-04-15 13:12,강남점,VIP,모바일페이,1,1900.0,양파
10063,2026-05-12 19:34,강남점,기존,모바일페이,3,6800.0,"콜라,감자칩,초콜릿"
10282,2026-03-21 09:43,홍대점,신규,모바일페이,4,13100.0,"시리얼,마늘,초콜릿,바나나"
11056,2026-03-29 13:35,강남점,기존,모바일페이,3,12000.0,"요거트,계란,양파"
10239,2026-03-15 08:47,강남점,기존,모바일페이,1,1200.0,콜라
10224,2026-05-28 20:02,잠실점,신규,카드,2,9200.0,"파스타,시리얼"
10146,2026-03-07 10:27,강남점,신규,모바일페이,6,24700.0,"우유,시리얼,감자칩,사과,콜라,커피"
11119,2026-05-29 08:15,강남점,VIP,카드,3,11500.0,"커피,식빵,크루아상"
10374,2026-03-19 12:49,강남점,기존,카드,6,23300.0,"파스타,감자칩,파스타소스,마늘,라면,커피"
10119,2026-05-19 13:15,강남점,신규,카드,4,16300.0,"상추,마늘,삼겹살,바나나"
10803,2026-04-20 12:04,강남점,VIP,현금,5,24000.0,"식빵,감자,우유,버터,세제"
10251,2026-04-28 08:16,잠실점,기존,모바일페이,2,3600.0,"감자칩,생수"
11157,2026-05-11 17:36,분당점,기존,현금,6,25700.0,"감자,우유,시리얼,상추,삼겹살,마늘"
10010,2026-03-13 13:39,분당점,기존,모바일페이,2,8800.0,"파스타,파스타소스"
10450,2026-03-20 11:05,홍대점,기존,카드,5,32800.0,"맥주,식빵,우유,버터,기저귀"
10874,2026-03-16 14:54,홍대점,기존,모바일페이,3,20000.0,"우유,시리얼,세제"
10390,2026-04-19 17:08,분당점,신규,카드,6,26000.0,"파스타,식빵,우유,사과,버터,파스타소스"
10966,2026-04-23 21:54,강남점,신규,현금,1,10400.0,세제
10461,2026-05-20 11:31,분당점,기존,현금,9,57400.0,"소고기,맥주,우유,시리얼,상추,삼겹살,마늘,기저귀,양파"
11147,2026-03-13 14:47,홍대점,신규,카드,6,28700.0,"감자,우유,시리얼,감자칩,삼겹살,콜라"
10145,2026-05-21 13:40,잠실점,신규,모바일페이,3,11700.0,"우유,버터,식빵"
10502,2026-05-04 10:08,강남점,기존,모바일페이,2,17300.0,"요거트,기저귀"
11108,2026-03-02 21:28,강남점,신규,모바일페이,1,3900.0,요거트
10540,2026-05-12 21:31,강남점,신규,카드,1,5100.0,파스타소스
10178,2026-03-09 21:58,분당점,기존,카드,7,27100.0,"파스타,계란,식빵,우유,요거트,파스타소스,라면"
11159,2026-05-24 18:50,잠실점,기존,카드,2,9200.0,"커피,크루아상"
11051,2026-04-11 17:49,잠실점,신규,카드,5,25400.0,"파스타,식빵,삼겹살,파스타소스,마늘"
10584,2026-05-05 10:18,잠실점,기존,현금,1,6100.0,커피
11195,2026-05-14 14:39,잠실점,기존,카드,6,32600.0,"식빵,우유,감자칩,삼겹살,버터,화장지"
10008,2026-05-27 20:50,홍대점,기존,현금,7,40400.0,"맥주,식빵,우유,시리얼,버터,마늘,기저귀"
10574,2026-05-26 09:29,홍대점,기존,모바일페이,4,20300.0,"치즈,버터,라면,계란"
10843,2026-05-04 20:16,잠실점,신규,현금,6,33500.0,"닭가슴살,시리얼,콜라,세제,커피,크루아상"
10358,2026-05-11 13:34,분당점,VIP,카드,2,8900.0,"커피,크루아상"
10330,2026-03-23 20:56,홍대점,VIP,카드,9,39200.0,"파스타,계란,맥주,우유,시리얼,파스타소스,라면,커피,크루아상"
10705,2026-05-06 13:26,홍대점,VIP,모바일페이,5,23400.0,"파스타,계란,파스타소스,라면,커피"
10830,2026-03-26 11:41,잠실점,기존,카드,5,21600.0,"파스타,초콜릿,파스타소스,커피,크루아상"
10259,2026-03-01 15:47,분당점,기존,카드,7,28000.0,"파스타,식빵,우유,상추,삼겹살,버터,마늘"
10891,2026-05-12 21:37,강남점,기존,현금,6,47200.0,"맥주,식빵,우유,삼겹살,버터,기저귀"
10834,2026-04-19 09:01,분당점,기존,현금,4,23400.0,"우유,시리얼,기저귀,감자칩"
11188,2026-05-17 08:09,잠실점,기존,카드,8,32700.0,"우유,시리얼,요거트,상추,감자칩,삼겹살,콜라,마늘"
10905,2026-03-25 13:01,분당점,VIP,모바일페이,6,18700.0,"식빵,바나나,우유,감자칩,버터,콜라"
10526,2026-04-13 17:33,잠실점,기존,카드,1,3600.0,파스타
10814,2026-05-03 19:23,잠실점,기존,카드,8,28400.0,"파스타,계란,감자,감자칩,사과,파스타소스,콜라,크루아상"
10732,2026-04-16 10:40,강남점,기존,현금,4,17300.0,"우유,파스타,파스타소스,시리얼"
11032,2026-05-19 20:39,분당점,기존,카드,4,14100.0,"파스타,화장지,양파,생수"
11141,2026-05-11 16:44,강남점,신규,카드,3,6000.0,"콜라,상추,바나나"
10441,2026-04-24 13:12,분당점,신규,모바일페이,2,8600.0,"버터,식빵"
10532,2026-04-18 09:20,분당점,신규,모바일페이,4,33500.0,"소고기,상추,마늘,삼겹살"
10960,2026-03-04 15:26,잠실점,VIP,모바일페이,6,31000.0,"파스타,감자칩,삼겹살,파스타소스,콜라,화장지"
10229,2026-05-04 17:08,홍대점,신규,카드,6,23100.0,"상추,감자칩,삼겹살,콜라,마늘,생수"
11041,2026-05-20 20:43,홍대점,신규,카드,7,46500.0,"닭가슴살,맥주,바나나,우유,시리얼,기저귀,화장지"
10213,2026-04-10 17:51,분당점,기존,카드,2,9900.0,"시리얼,파스타소스"
10080,2026-03-23 12:21,분당점,신규,카드,3,24700.0,"시리얼,소고기,크루아상"
10149,2026-05-06 10:49,잠실점,신규,모바일페이,6,31300.0,"계란,우유,시리얼,감자칩,콜라,기저귀"
10592,2026-04-21 15:17,강남점,신규,모바일페이,3,15000.0,"우유,시리얼,버터"
10708,2026-03-21 20:46,분당점,기존,모바일페이,5,33400.0,"소고기,시리얼,감자칩,콜라,크루아상"
10590,2026-04-03 16:22,잠실점,기존,모바일페이,5,28100.0,"닭가슴살,감자칩,세제,커피,크루아상"
10134,2026-04-04 09:23,잠실점,VIP,카드,1,1400.0,콜라
10782,2026-05-23 09:30,잠실점,기존,카드,1,10400.0,세제
10409,2026-05-12 18:34,홍대점,VIP,카드,7,28600.0,"파스타,계란,식빵,바나나,상추,파스타소스,라면"
10970,2026-05-11 13:32,홍대점,기존,현금,2,4800.0,"콜라,감자칩"
10508,2026-05-01 11:41,분당점,VIP,카드,3,10100.0,"우유,감자칩,치즈"
10877,2026-03-22 19:59,잠실점,기존,카드,4,11000.0,"콜라,계란,마늘,감자칩"
10505,2026-03-21 08:14,분당점,기존,현금,3,23500.0,"기저귀,맥주,감자칩"
10719,2026-03-31 12:45,분당점,기존,카드,4,12900.0,"우유,시리얼,콜라,감자칩"
10348,2026-05-04 15:43,잠실점,VIP,모바일페이,2,9600.0,"커피,크루아상"
10387,2026-04-07 08:16,잠실점,신규,카드,4,26800.0,"우유,시리얼,기저귀,맥주"
10001,2026-05-11 10:27,강남점,기존,카드,4,23200.0,"상추,마늘,삼겹살,커피"
10361,2026-04-22 11:22,분당점,기존,카드,1,2500.0,바나나
11134,2026-05-20 19:22,잠실점,VIP,모바일페이,3,9600.0,"시리얼,콜라,감자칩"
10476,2026-05-21 21:27,강남점,기존,모바일페이,3,10300.0,"우유,시리얼,감자칩"
10778,2026-05-18 18:04,잠실점,신규,모바일페이,2,11000.0,"커피,크루아상"
10754,2026-05-16 09:00,강남점,신규,카드,5,22100.0,"계란,시리얼,라면,양파,크루아상"
10173,2026-03-31 19:22,잠실점,기존,카드,5,21700.0,"계란,식빵,우유,버터,라면"
10451,2026-04-26 12:00,강남점,기존,모바일페이,3,9600.0,"파스타,콜라,감자칩"
10126,2026-05-06 11:42,홍대점,기존,카드,3,11600.0,"버터,상추,시리얼"
10931,2026-05-29 12:03,강남점,VIP,카드,6,16100.0,"우유,시리얼,요거트,마늘,생수,양파"
10531,2026-05-09 17:26,강남점,신규,카드,1,2800.0,감자
10091,2026-03-30 16:43,홍대점,VIP,카드,2,7800.0,"파스타,파스타소스"
11162,2026-05-27 18:31,강남점,기존,카드,4,28100.0,"시리얼,기저귀,맥주,콜라"
10182,2026-05-19 08:32,분당점,기존,카드,4,16100.0,"파스타,파스타소스,커피,크루아상"
11027,2026-03-10 18:33,홍대점,신규,현금,3,22800.0,"기저귀,맥주,커피"
11000,2026-05-19 13:00,분당점,VIP,모바일페이,3,14200.0,"파스타,맥주,초콜릿"
10252,2026-05-09 15:42,홍대점,신규,카드,6,22500.0,"요거트,상추,삼겹살,콜라,마늘,라면"
10070,2026-04-05 19:59,홍대점,기존,모바일페이,1,12400.0,삼겹살
10132,2026-04-09 12:24,분당점,기존,카드,6,35800.0,"감자칩,삼겹살,콜라,화장지,커피,크루아상"
10301,2026-04-01 21:44,분당점,기존,현금,4,28500.0,"버터,기저귀,맥주,감자"
11133,2026-03-14 10:18,강남점,VIP,카드,2,31500.0,"소고기,삼겹살"
10327,2026-03-20 16:04,분당점,기존,카드,2,9000.0,"라면,계란"
11020,2026-03-06 14:40,분당점,신규,카드,6,40700.0,"계란,맥주,감자칩,삼겹살,콜라,기저귀"
10500,2026-03-07 15:40,잠실점,기존,카드,5,36200.0,"맥주,상추,삼겹살,마늘,기저귀"
10666,2026-03-18 19:37,잠실점,기존,모바일페이,6,53300.0,"소고기,맥주,식빵,우유,시리얼,기저귀"
10919,2026-04-15 08:30,잠실점,신규,카드,1,3100.0,초콜릿
10496,2026-03-18 08:24,분당점,기존,모바일페이,3,14600.0,"화장지,사과,바나나"
10339,2026-04-29 19:47,강남점,기존,카드,4,14400.0,"콜라,커피,감자칩,크루아상"
10964,2026-05-17 15:29,강남점,기존,카드,5,30000.0,"맥주,식빵,우유,버터,기저귀"
10165,2026-05-09 08:30,홍대점,신규,카드,7,32000.0,"식빵,화장지,우유,버터,라면,커피,크루아상"
10029,2026-03-29 12:17,홍대점,기존,카드,5,26500.0,"우유,시리얼,상추,삼겹살,마늘"
10517,2026-04-03 17:19,잠실점,기존,모바일페이,1,1700.0,생수
10194,2026-04-04 21:39,잠실점,기존,모바일페이,4,28100.0,"기저귀,맥주,커피,크루아상"
11104,2026-03-10 16:37,강남점,신규,카드,5,20900.0,"파스타,닭가슴살,식빵,파스타소스,마늘"
10170,2026-05-08 19:12,분당점,신규,모바일페이,3,13500.0,"파스타,파스타소스,커피"
11059,2026-05-27 16:05,강남점,신규,모바일페이,10,31800.0,"파스타,계란,식빵,우유,감자칩,버터,파스타소스,콜라,라면,양파"
10174,2026-05-03 19:36,홍대점,기존,카드,7,33700.0,"상추,삼겹살,사과,초콜릿,마늘,커피,크루아상"
10519,2026-04-13 08:59,잠실점,신규,현금,5,34000.0,"맥주,바나나,사과,기저귀,커피"
10969,2026-05-29 14:47,잠실점,기존,카드,3,23400.0,"소고기,상추,콜라"
10702,2026-03-03 20:13,잠실점,VIP,모바일페이,3,10200.0,"감자칩,라면,계란"
10492,2026-03-17 14:54,분당점,VIP,카드,5,26200.0,"상추,삼겹살,마늘,커피,크루아상"
10074,2026-03-01 12:09,분당점,VIP,카드,6,28200.0,"상추,감자칩,삼겹살,콜라,마늘,커피"
10981,2026-04-30 10:27,분당점,신규,모바일페이,4,15100.0,"우유,버터,파스타,식빵"
10588,2026-03-16 09:18,강남점,신규,카드,6,39300.0,"맥주,우유,시리얼,기저귀,커피,크루아상"
10235,2026-04-19 19:33,분당점,기존,현금,6,31100.0,"우유,시리얼,상추,삼겹살,파스타소스,마늘"
10215,2026-03-01 15:37,분당점,신규,현금,4,20500.0,"닭가슴살,파스타,파스타소스,계란"
10947,2026-05-14 19:32,강남점,VIP,카드,1,2500.0,감자
10133,2026-05-04 19:51,홍대점,기존,현금,3,19600.0,"기저귀,맥주,생수"
11156,2026-05-17 18:57,잠실점,VIP,카드,2,19900.0,"기저귀,맥주"
10733,2026-05-14 18:53,분당점,신규,카드,4,27100.0,"시리얼,기저귀,맥주,생수"
10941,2026-04-16 18:51,분당점,신규,카드,6,20400.0,"계란,바나나,감자칩,사과,콜라,라면"
10186,2026-04-09 20:54,분당점,신규,모바일페이,2,6800.0,"계란,바나나"
10042,2026-04-16 14:46,강남점,VIP,모바일페이,1,4200.0,파스타소스
10109,2026-05-26 11:42,강남점,기존,카드,2,4600.0,"마늘,사과"
10849,2026-04-20 15:46,잠실점,기존,모바일페이,2,6400.0,"상추,라면"
10569,2026-05-28 10:58,잠실점,기존,카드,6,32600.0,"요거트,상추,삼겹살,마늘,세제,라면"
10651,2026-04-27 21:01,잠실점,기존,모바일페이,7,32300.0,"파스타,요거트,시리얼,사과,파스타소스,커피,크루아상"
11001,2026-03-12 19:06,분당점,신규,카드,1,3700.0,식빵
11166,2026-04-27 12:54,강남점,기존,카드,4,22400.0,"화장지,커피,식빵,크루아상"
10484,2026-03-13 09:28,강남점,기존,모바일페이,1,3500.0,요거트
10469,2026-04-18 10:13,분당점,기존,카드,3,22200.0,"기저귀,맥주,마늘"
10025,2026-05-22 16:04,홍대점,기존,카드,3,25800.0,"파스타,기저귀,맥주"
10661,2026-04-06 09:33,홍대점,VIP,카드,1,2100.0,요거트
10680,2026-05-05 19:24,홍대점,신규,카드,1,20000.0,소고기
10753,2026-04-08 09:37,분당점,VIP,카드,1,3300.0,식빵
10994,2026-04-27 14:46,강남점,VIP,현금,3,6800.0,"콜라,감자칩,바나나"
10367,2026-05-11 19:15,분당점,기존,모바일페이,3,11600.0,"라면,계란,바나나"
10840,2026-05-21 14:15,홍대점,기존,현금,7,29800.0,"상추,삼겹살,초콜릿,마늘,커피,양파,크루아상"
11053,2026-05-13 14:20,강남점,VIP,모바일페이,3,14000.0,"파스타,파스타소스,버터"
10384,2026-05-20 14:17,분당점,신규,카드,1,2400.0,우유
10455,2026-05-16 15:16,분당점,VIP,카드,6,44000.0,"맥주,상추,삼겹살,마늘,기저귀,화장지"
10265,2026-04-19 11:03,홍대점,기존,카드,5,32700.0,"파스타,맥주,파스타소스,기저귀,양파"
10761,2026-03-18 11:03,강남점,VIP,카드,1,9400.0,세제
10980,2026-04-18 17:39,강남점,VIP,카드,1,1000.0,생수
10445,2026-04-25 17:05,분당점,기존,카드,5,23600.0,"우유,상추,삼겹살,초콜릿,마늘"
10396,2026-03-04 16:45,분당점,신규,현금,2,7700.0,"계란,초콜릿"
10742,2026-03-09 20:27,잠실점,신규,모바일페이,1,14700.0,기저귀
10177,2026-05-07 14:50,분당점,신규,카드,5,39500.0,"소고기,계란,감자칩,삼겹살,콜라"
10019,2026-04-14 13:13,홍대점,신규,카드,5,36800.0,"계란,맥주,기저귀,커피,크루아상"
10949,2026-04-05 21:18,분당점,신규,현금,5,20800.0,"맥주,감자칩,콜라,커피,크루아상"
10815,2026-03-28 15:30,홍대점,기존,카드,9,46400.0,"계란,화장지,우유,시리얼,상추,삼겹살,초콜릿,마늘,라면"
10596,2026-04-17 21:46,잠실점,기존,현금,3,9800.0,"콜라,맥주,감자칩"
10062,2026-04-13 13:51,잠실점,기존,현금,4,16700.0,"우유,시리얼,버터,식빵"
10273,2026-03-06 09:48,강남점,기존,카드,4,14300.0,"우유,버터,라면,식빵"
11126,2026-05-15 13:21,강남점,기존,모바일페이,4,25700.0,"요거트,기저귀,상추,맥주"
10279,2026-04-20 08:21,강남점,기존,카드,1,2500.0,바나나
10842,2026-04-07 08:44,잠실점,기존,모바일페이,8,39400.0,"식빵,우유,감자칩,버터,콜라,생수,기저귀,화장지"
10369,2026-04-15 10:10,잠실점,기존,모바일페이,2,9900.0,"파스타,맥주"
10887,2026-05-06 12:21,잠실점,신규,모바일페이,2,8600.0,"우유,시리얼"
11015,2026-05-03 16:15,분당점,신규,모바일페이,4,18600.0,"우유,버터,파스타소스,식빵"
10860,2026-03-27 16:21,강남점,신규,현금,5,18900.0,"식빵,우유,요거트,버터,콜라"
10721,2026-03-12 10:11,홍대점,기존,카드,2,3800.0,"콜라,감자칩"
10826,2026-04-15 20:14,강남점,VIP,현금,1,4900.0,커피
10548,2026-04-14 21:53,홍대점,VIP,현금,1,15700.0,기저귀
10880,2026-03-23 13:10,강남점,VIP,모바일페이,9,51000.0,"파스타,맥주,우유,시리얼,감자칩,파스타소스,콜라,기저귀,커피"
10900,2026-04-06 11:41,잠실점,기존,카드,3,16600.0,"파스타,파스타소스,화장지"
10457,2026-03-15 16:12,분당점,신규,카드,1,4200.0,크루아상
10394,2026-04-11 17:01,분당점,기존,모바일페이,11,39100.0,"파스타,바나나,요거트,상추,감자칩,삼겹살,초콜릿,파스타소스,콜라,마늘,양파"
10676,2026-05-13 11:26,잠실점,기존,현금,4,11500.0,"파스타,파스타소스,감자칩,콜라"
10912,2026-05-13 15:23,분당점,신규,모바일페이,1,7700.0,닭가슴살
10965,2026-05-20 18:04,분당점,신규,카드,6,22600.0,"계란,감자,시리얼,사과,생수,라면"
10376,2026-04-05 20:12,강남점,신규,카드,6,29700.0,"닭가슴살,계란,식빵,우유,버터,라면"
10413,2026-03-19 15:12,분당점,VIP,카드,6,28600.0,"닭가슴살,상추,삼겹살,마늘,생수,크루아상"
10075,2026-03-22 14:54,분당점,기존,카드,5,21700.0,"식빵,우유,시리얼,버터,크루아상"
11122,2026-03-12 08:05,분당점,신규,모바일페이,1,4600.0,버터
10863,2026-03-30 16:48,홍대점,VIP,카드,2,18600.0,"소고기,양파"
10501,2026-03-12 11:38,홍대점,기존,현금,2,9000.0,"우유,시리얼"
10942,2026-03-25 12:37,홍대점,기존,현금,3,22800.0,"기저귀,맥주,콜라"
10617,2026-04-14 10:27,분당점,신규,카드,9,46800.0,"파스타,맥주,상추,감자칩,삼겹살,파스타소스,콜라,마늘,기저귀"
10115,2026-04-25 17:29,강남점,신규,모바일페이,2,10800.0,"시리얼,파스타소스"
10418,2026-03-15 11:50,홍대점,신규,카드,8,33300.0,"계란,식빵,우유,상추,삼겹살,버터,마늘,라면"
10602,2026-03-22 15:31,잠실점,VIP,카드,7,29200.0,"식빵,감자,상추,사과,삼겹살,마늘,생수"
10605,2026-04-12 19:58,잠실점,VIP,카드,1,4900.0,버터
10090,2026-03-01 14:13,강남점,기존,카드,2,7400.0,"라면,초콜릿"
11149,2026-04-15 17:47,분당점,기존,카드,6,25200.0,"우유,상추,감자칩,삼겹살,초콜릿,마늘"
10499,2026-05-06 12:10,홍대점,기존,현금,1,12200.0,삼겹살
10876,2026-04-28 18:22,홍대점,신규,카드,7,30100.0,"치즈,식빵,우유,시리얼,버터,세제,양파"
10927,2026-05-03 17:24,잠실점,신규,모바일페이,1,15100.0,기저귀
10999,2026-05-18 15:42,분당점,신규,모바일페이,5,28000.0,"맥주,우유,시리얼,기저귀,양파"
10012,2026-03-23 16:52,잠실점,신규,모바일페이,6,29000.0,"치즈,맥주,상추,삼겹살,콜라,마늘"
10397,2026-05-27 15:41,분당점,기존,카드,6,32100.0,"치즈,맥주,식빵,감자칩,콜라,기저귀"
10755,2026-03-20 11:43,홍대점,VIP,모바일페이,3,13400.0,"파스타,파스타소스,계란"
10556,2026-04-30 14:04,홍대점,신규,모바일페이,4,18600.0,"버터,시리얼,커피,크루아상"
10043,2026-03-19 13:21,홍대점,기존,모바일페이,2,10800.0,"우유,시리얼"
10168,2026-04-26 17:30,잠실점,기존,카드,7,36800.0,"계란,식빵,우유,초콜릿,버터,세제,라면"
10417,2026-05-14 15:51,홍대점,VIP,카드,2,9600.0,"커피,크루아상"
10577,2026-05-01 10:04,잠실점,신규,카드,1,1300.0,마늘
10268,2026-03-20 18:25,분당점,VIP,모바일페이,1,7800.0,화장지
10808,2026-05-26 10:20,홍대점,신규,카드,1,2500.0,상추
10427,2026-05-24 14:03,홍대점,신규,카드,5,35400.0,"계란,맥주,기저귀,커피,크루아상"
10691,2026-05-11 20:04,홍대점,기존,현금,4,27300.0,"기저귀,파스타소스,맥주,사과"
10545,2026-04-13 14:54,홍대점,신규,카드,1,4300.0,식빵
11123,2026-05-20 21:15,강남점,신규,카드,4,21400.0,"라면,상추,마늘,삼겹살"
10675,2026-05-10 09:08,잠실점,VIP,현금,7,31600.0,"파스타,맥주,식빵,우유,버터,파스타소스,라면"
10690,2026-05-27 11:30,분당점,기존,카드,1,2700.0,식빵
11055,2026-05-08 17:30,분당점,신규,모바일페이,3,12700.0,"파스타,파스타소스,크루아상"
11177,2026-03-06 13:49,잠실점,신규,카드,2,7200.0,"맥주,양파"
11033,2026-03-23 21:24,잠실점,기존,카드,10,52200.0,"파스타,우유,시리얼,상추,삼겹살,파스타소스,마늘,세제,커피,크루아상"
11035,2026-03-11 09:23,잠실점,신규,모바일페이,5,46400.0,"소고기,계란,맥주,바나나,기저귀"
10258,2026-05-01 08:21,분당점,기존,카드,8,37500.0,"식빵,우유,감자칩,삼겹살,버터,콜라,커피,크루아상"
10336,2026-03-05 14:39,분당점,VIP,모바일페이,2,14500.0,"세제,계란"
10016,2026-03-27 08:30,분당점,기존,모바일페이,4,11400.0,"우유,파스타,파스타소스,바나나"
10902,2026-04-07 12:39,분당점,신규,카드,7,39900.0,"계란,우유,시리얼,삼겹살,파스타소스,라면,크루아상"
10325,2026-05-14 11:11,강남점,기존,모바일페이,4,15800.0,"콜라,화장지,감자칩,식빵"
10608,2026-05-01 10:04,분당점,신규,현금,5,33400.0,"상추,삼겹살,파스타소스,마늘,세제"
11054,2026-05-28 09:46,홍대점,기존,카드,5,24100.0,"파스타,계란,사과,라면,커피"
10791,2026-05-27 09:31,분당점,기존,카드,3,7200.0,"콜라,감자칩,초콜릿"
10223,2026-05-16 13:20,강남점,기존,모바일페이,5,17800.0,"파스타,식빵,우유,버터,파스타소스"
10180,2026-05-18 12:48,홍대점,VIP,카드,3,18800.0,"세제,버터,마늘"
10100,2026-05-13 10:19,잠실점,신규,모바일페이,1,6000.0,맥주
10522,2026-04-18 17:04,분당점,VIP,카드,4,16300.0,"콜라,라면,맥주,계란"
10023,2026-04-22 20:20,홍대점,신규,카드,7,46700.0,"맥주,상추,삼겹살,마늘,기저귀,커피,크루아상"
10357,2026-03-22 21:38,강남점,기존,모바일페이,1,2900.0,바나나
10734,2026-03-15 13:37,홍대점,VIP,모바일페이,3,19000.0,"요거트,삼겹살,사과"
11094,2026-04-09 13:33,홍대점,VIP,모바일페이,3,11900.0,"파스타,파스타소스,버터"
11112,2026-03-24 21:22,잠실점,신규,카드,3,13200.0,"파스타,라면,계란"
10612,2026-03-03 08:14,잠실점,기존,카드,2,7900.0,"우유,라면"
11010,2026-05-11 10:32,홍대점,기존,모바일페이,5,17200.0,"식빵,우유,감자칩,버터,콜라"
10341,2026-04-30 20:49,잠실점,기존,카드,5,14400.0,"식빵,우유,감자칩,버터,콜라"
10432,2026-03-17 08:41,분당점,기존,카드,1,1400.0,생수
10962,2026-03-21 14:08,분당점,VIP,카드,1,1000.0,상추
10218,2026-05-06 13:00,잠실점,신규,카드,4,32400.0,"세제,기저귀,맥주,감자칩"
10204,2026-04-03 14:47,분당점,기존,카드,2,7300.0,"파스타,파스타소스"
10906,2026-04-12 21:43,잠실점,신규,카드,4,20400.0,"라면,상추,마늘,삼겹살"
10923,2026-04-29 21:05,잠실점,기존,카드,4,27300.0,"기저귀,맥주,사과,크루아상"
10094,2026-05-21 13:34,분당점,신규,카드,6,19300.0,"계란,시리얼,파스타소스,생수,라면,양파"
10911,2026-05-02 14:21,강남점,VIP,카드,2,9300.0,"우유,시리얼"
10069,2026-04-16 12:08,강남점,VIP,카드,4,16400.0,"우유,버터,맥주,식빵"
10895,2026-05-13 10:41,분당점,기존,카드,7,30700.0,"식빵,감자,우유,시리얼,버터,커피,크루아상"
10285,2026-04-17 20:26,강남점,VIP,카드,3,13900.0,"라면,계란,감자"
10697,2026-05-29 20:19,분당점,신규,카드,4,14000.0,"요거트,닭가슴살,식빵,바나나"
10086,2026-04-15 17:54,잠실점,VIP,카드,9,45400.0,"계란,식빵,화장지,우유,상추,삼겹살,버터,마늘,라면"
10435,2026-04-24 08:41,잠실점,기존,카드,2,8400.0,"우유,시리얼"
10797,2026-04-06 15:24,강남점,VIP,카드,5,22300.0,"맥주,식빵,라면,커피,크루아상"
10154,2026-03-13 08:32,강남점,신규,현금,3,9400.0,"식빵,사과,바나나"
10076,2026-04-16 16:47,분당점,기존,카드,5,29300.0,"맥주,식빵,우유,버터,기저귀"
11043,2026-04-02 11:00,잠실점,VIP,카드,4,31700.0,"우유,버터,소고기,식빵"
10581,2026-03-11 14:29,잠실점,VIP,모바일페이,3,13000.0,"우유,버터,식빵"
10447,2026-03-13 11:17,분당점,기존,모바일페이,3,14000.0,"닭가슴살,파스타,식빵"
10704,2026-03-16 19:37,잠실점,기존,모바일페이,2,4400.0,"콜라,감자칩"
10189,2026-05-15 08:28,강남점,신규,모바일페이,4,17200.0,"버터,상추,커피,크루아상"
10272,2026-05-27 17:23,강남점,VIP,현금,4,24300.0,"우유,버터,식빵,삼겹살"
10237,2026-03-22 11:58,강남점,기존,모바일페이,2,9700.0,"커피,크루아상"
10488,2026-03-04 09:59,강남점,기존,모바일페이,4,27700.0,"파스타,기저귀,맥주,시리얼"
11160,2026-03-05 14:40,잠실점,신규,모바일페이,2,11000.0,"커피,크루아상"
10560,2026-03-28 12:49,잠실점,VIP,카드,10,65200.0,"소고기,식빵,우유,감자칩,버터,콜라,세제,기저귀,커피,크루아상"
10118,2026-04-09 16:06,홍대점,VIP,카드,3,8600.0,"요거트,마늘,양파"
10638,2026-05-01 20:20,잠실점,기존,모바일페이,6,32200.0,"소고기,식빵,감자,우유,버터,양파"
11128,2026-04-12 11:55,잠실점,기존,모바일페이,7,47700.0,"계란,맥주,상추,삼겹살,마늘,기저귀,라면"
10751,2026-03-08 11:07,홍대점,신규,현금,3,12000.0,"파스타,파스타소스,요거트"
10513,2026-03-06 10:09,분당점,VIP,모바일페이,3,22100.0,"기저귀,맥주,콜라"
10634,2026-04-24 19:56,분당점,VIP,모바일페이,2,4600.0,"콜라,감자칩"
10786,2026-05-26 15:06,홍대점,VIP,카드,8,33500.0,"파스타,닭가슴살,사과,파스타소스,콜라,화장지,커피,크루아상"
11007,2026-03-18 12:48,홍대점,VIP,카드,1,16000.0,소고기
10853,2026-05-28 12:19,강남점,VIP,카드,5,10200.0,"바나나,우유,감자칩,초콜릿,콜라"
10127,2026-04-01 12:36,강남점,VIP,카드,4,22500.0,"우유,세제,파스타,시리얼"
10117,2026-05-07 16:55,분당점,신규,현금,1,6600.0,커피
10474,2026-03-20 20:32,잠실점,기존,카드,6,38000.0,"맥주,우유,시리얼,기저귀,양파,크루아상"
10741,2026-05-15 16:35,홍대점,기존,카드,3,6400.0,"우유,콜라,감자칩"
10993,2026-05-26 08:05,잠실점,기존,카드,7,35200.0,"우유,시리얼,상추,삼겹살,마늘,커피,크루아상"
10058,2026-04-25 08:53,강남점,기존,모바일페이,4,12700.0,"우유,시리얼,파스타소스,양파"
10604,2026-05-27 19:02,홍대점,기존,모바일페이,4,17600.0,"시리얼,콜라,커피,감자칩"
10787,2026-05-02 19:55,홍대점,기존,카드,12,62500.0,"마늘,라면,버터,세제,닭가슴살,크루아상,우유,커피,계란,식빵,감자칩,삼겹살"
10971,2026-03-06 20:56,분당점,신규,카드,6,33800.0,"닭가슴살,맥주,감자칩,콜라,마늘,기저귀"
10657,2026-04-17 15:15,잠실점,신규,카드,2,6500.0,"우유,파스타소스"
10903,2026-03-15 15:48,홍대점,VIP,카드,5,26000.0,"상추,삼겹살,마늘,커피,크루아상"
10922,2026-05-02 09:31,홍대점,기존,모바일페이,10,40800.0,"식빵,우유,시리얼,상추,감자칩,삼겹살,사과,버터,콜라,마늘"
10106,2026-05-02 12:29,홍대점,VIP,카드,6,31900.0,"식빵,우유,삼겹살,버터,커피,크루아상"
10636,2026-04-30 19:51,강남점,신규,카드,8,68500.0,"소고기,맥주,상추,버터,기저귀,화장지,커피,크루아상"
10370,2026-04-02 14:39,분당점,기존,카드,1,2700.0,우유
10269,2026-05-04 17:34,분당점,기존,모바일페이,2,7400.0,"파스타,파스타소스"
10656,2026-03-21 15:35,강남점,VIP,카드,1,2600.0,바나나
10047,2026-03-31 16:43,분당점,VIP,카드,4,17700.0,"우유,사과,커피,크루아상"
10350,2026-05-16 10:51,강남점,VIP,카드,5,20700.0,"계란,식빵,우유,버터,라면"
10774,2026-03-16 18:07,강남점,신규,카드,4,17200.0,"치즈,상추,마늘,화장지"
10196,2026-03-05 20:35,강남점,신규,카드,5,35200.0,"맥주,상추,삼겹살,마늘,기저귀"
10103,2026-04-22 09:47,잠실점,기존,모바일페이,1,6100.0,닭가슴살
10005,2026-03-01 21:56,강남점,신규,모바일페이,5,19200.0,"식빵,우유,요거트,버터,크루아상"
10620,2026-04-16 17:29,잠실점,기존,모바일페이,6,32600.0,"계란,우유,시리얼,삼겹살,초콜릿,라면"
10991,2026-03-09 17:04,강남점,VIP,모바일페이,1,2000.0,바나나
10053,2026-05-21 21:13,잠실점,기존,모바일페이,2,17800.0,"기저귀,상추"
10264,2026-05-10 12:37,분당점,신규,모바일페이,6,25000.0,"치즈,계란,우유,시리얼,라면,크루아상"
11093,2026-05-10 09:58,강남점,신규,모바일페이,3,10400.0,"계란,마늘,초콜릿"
10444,2026-04-09 10:39,분당점,VIP,카드,7,28500.0,"계란,우유,시리얼,감자칩,콜라,라면,커피"
10972,2026-03-03 16:33,강남점,기존,카드,3,22200.0,"우유,시리얼,기저귀"
10783,2026-03-02 13:16,강남점,기존,모바일페이,1,4400.0,라면
10847,2026-05-23 20:01,분당점,기존,모바일페이,4,17100.0,"우유,파스타,파스타소스,커피"
10692,2026-05-17 10:43,강남점,기존,카드,3,12200.0,"우유,시리얼,요거트"
10305,2026-04-17 08:33,분당점,기존,모바일페이,4,29200.0,"기저귀,라면,맥주,계란"
10342,2026-03-28 11:15,분당점,신규,모바일페이,4,28300.0,"우유,시리얼,기저귀,맥주"
10867,2026-03-28 14:21,홍대점,VIP,카드,2,8700.0,"파스타,파스타소스"
10314,2026-03-21 20:17,분당점,기존,카드,8,52600.0,"파스타,맥주,시리얼,상추,삼겹살,마늘,기저귀,라면"
10150,2026-03-03 11:41,잠실점,신규,모바일페이,4,15000.0,"마늘,라면,커피,크루아상"
10125,2026-03-20 16:13,홍대점,신규,모바일페이,1,6500.0,맥주
11063,2026-03-04 10:49,홍대점,기존,카드,7,46700.0,"맥주,식빵,우유,삼겹살,버터,콜라,기저귀"
10575,2026-04-02 08:13,분당점,기존,모바일페이,8,48900.0,"소고기,상추,감자칩,삼겹살,콜라,마늘,세제,양파"
10698,2026-05-05 19:42,분당점,기존,카드,1,4300.0,파스타소스
10665,2026-04-02 15:26,잠실점,신규,카드,5,32500.0,"맥주,식빵,우유,버터,기저귀"
10051,2026-04-07 08:27,강남점,기존,카드,6,24500.0,"식빵,우유,시리얼,초콜릿,버터,화장지"
10727,2026-04-15 14:28,홍대점,VIP,모바일페이,1,1600.0,상추
10800,2026-03-31 12:30,홍대점,신규,카드,2,6000.0,"우유,파스타소스"
10354,2026-05-24 20:22,잠실점,기존,모바일페이,4,12000.0,"버터,콜라,감자칩,초콜릿"
11153,2026-03-02 19:05,홍대점,기존,카드,3,11100.0,"콜라,화장지,감자칩"
10143,2026-03-06 09:07,강남점,기존,카드,7,31800.0,"계란,우유,시리얼,파스타소스,라면,커피,크루아상"
10471,2026-04-22 17:49,강남점,기존,카드,3,9000.0,"우유,시리얼,상추"
10654,2026-05-20 09:37,잠실점,기존,카드,1,17300.0,소고기
10400,2026-03-18 17:18,강남점,VIP,모바일페이,5,18900.0,"우유,시리얼,감자칩,콜라,크루아상"
11154,2026-04-24 19:12,잠실점,VIP,카드,3,8900.0,"파스타,파스타소스,콜라"
10938,2026-04-08 12:56,잠실점,VIP,카드,6,30100.0,"맥주,식빵,감자칩,콜라,생수,기저귀"
10321,2026-03-31 18:53,분당점,기존,카드,3,7600.0,"콜라,감자칩,식빵"
10020,2026-05-20 18:59,분당점,신규,모바일페이,7,31900.0,"파스타,계란,감자,초콜릿,파스타소스,화장지,크루아상"
10685,2026-05-04 16:28,잠실점,기존,카드,2,6800.0,"계란,초콜릿"
10036,2026-04-02 21:37,강남점,기존,카드,6,20400.0,"우유,시리얼,감자칩,버터,콜라,양파"
10825,2026-03-20 12:34,홍대점,기존,현금,4,21600.0,"상추,마늘,삼겹살,맥주"
10506,2026-04-23 12:06,잠실점,신규,카드,5,20900.0,"우유,시리얼,마늘,커피,크루아상"
10828,2026-03-20 16:15,홍대점,기존,카드,6,30400.0,"계란,우유,상추,삼겹살,마늘,라면"
11071,2026-05-24 21:46,분당점,신규,모바일페이,2,11300.0,"닭가슴살,감자칩"
10408,2026-03-28 13:36,잠실점,신규,모바일페이,2,19200.0,"기저귀,맥주"
10818,2026-04-05 21:39,강남점,기존,현금,5,21900.0,"계란,식빵,라면,커피,크루아상"
10538,2026-05-10 21:46,홍대점,기존,카드,6,29400.0,"식빵,우유,감자칩,버터,콜라,기저귀"
10759,2026-04-03 10:06,강남점,VIP,카드,9,45500.0,"파스타,계란,시리얼,파스타소스,콜라,세제,라면,커피,크루아상"
11069,2026-04-02 12:53,홍대점,신규,카드,12,68500.0,"파스타,계란,맥주,식빵,우유,시리얼,감자칩,삼겹살,파스타소스,콜라,기저귀,라면"
10893,2026-04-09 13:46,잠실점,기존,모바일페이,2,9400.0,"우유,시리얼"
10039,2026-05-13 14:49,홍대점,기존,카드,1,4300.0,버터
10176,2026-05-23 15:13,잠실점,신규,현금,1,2400.0,마늘
10246,2026-04-25 18:48,강남점,기존,모바일페이,7,27600.0,"식빵,우유,시리얼,버터,생수,커피,크루아상"
10811,2026-03-22 15:48,강남점,기존,모바일페이,5,26600.0,"우유,시리얼,상추,삼겹살,마늘"
11085,2026-04-10 08:44,분당점,VIP,카드,2,4500.0,"우유,상추"
11078,2026-03-13 11:57,홍대점,기존,카드,3,25400.0,"파스타,기저귀,맥주"
10785,2026-03-23 18:32,강남점,신규,카드,2,7700.0,"우유,시리얼"
11185,2026-04-21 21:17,홍대점,신규,모바일페이,3,18800.0,"치즈,세제,콜라"
10490,2026-05-08 16:48,홍대점,기존,카드,4,17300.0,"우유,버터,식빵,치즈"
10155,2026-04-27 17:11,분당점,기존,카드,5,37500.0,"소고기,감자칩,삼겹살,콜라,생수"
10639,2026-03-08 10:53,강남점,VIP,카드,7,32400.0,"파스타,닭가슴살,감자칩,파스타소스,콜라,세제,양파"
10663,2026-03-03 21:19,홍대점,VIP,모바일페이,1,3000.0,크루아상
10854,2026-05-03 17:08,잠실점,기존,카드,2,5400.0,"감자칩,식빵"
10288,2026-05-13 21:36,분당점,기존,카드,6,39400.0,"계란,맥주,우유,시리얼,기저귀,라면"
10626,2026-03-04 16:13,강남점,신규,카드,5,35400.0,"파스타,맥주,시리얼,파스타소스,기저귀"
11200,2026-03-15 15:21,잠실점,기존,모바일페이,10,39000.0,"우유,시리얼,상추,감자칩,삼겹살,콜라,마늘,커피,양파,크루아상"
10686,2026-05-18 19:27,홍대점,기존,모바일페이,10,45700.0,"계란,식빵,우유,시리얼,상추,삼겹살,콜라,마늘,커피,크루아상"
10873,2026-04-06 19:05,홍대점,기존,현금,9,32800.0,"파스타,계란,식빵,바나나,우유,감자칩,버터,파스타소스,라면"
10570,2026-05-07 09:55,홍대점,기존,모바일페이,8,56100.0,"맥주,식빵,감자,우유,시리얼,삼겹살,기저귀,화장지"
11144,2026-04-26 18:06,홍대점,기존,모바일페이,1,1100.0,생수
10735,2026-04-22 12:19,강남점,VIP,모바일페이,6,39100.0,"맥주,우유,시리얼,기저귀,커피,크루아상"
10793,2026-03-10 14:59,분당점,기존,카드,3,6200.0,"콜라,감자칩,초콜릿"
10018,2026-04-25 17:01,홍대점,신규,카드,3,13700.0,"파스타,파스타소스,계란"
10128,2026-03-18 13:29,홍대점,기존,모바일페이,1,8500.0,닭가슴살
10323,2026-04-26 18:31,강남점,기존,현금,5,34500.0,"우유,시리얼,파스타소스,세제,기저귀"
10256,2026-05-27 21:02,분당점,VIP,카드,2,6400.0,"상추,라면"
10944,2026-03-18 16:03,잠실점,기존,현금,2,3700.0,"콜라,감자칩"
11180,2026-03-03 16:17,강남점,신규,현금,1,2500.0,우유
10191,2026-05-28 20:56,강남점,기존,모바일페이,6,48500.0,"소고기,맥주,우유,시리얼,마늘,기저귀"
10116,2026-04-01 17:40,잠실점,VIP,모바일페이,7,24300.0,"계란,식빵,바나나,우유,감자칩,버터,라면"
11174,2026-04-07 20:23,강남점,VIP,카드,4,15500.0,"상추,마늘,삼겹살,생수"
10889,2026-05-01 15:22,강남점,기존,카드,7,46000.0,"맥주,상추,삼겹살,마늘,생수,세제,기저귀"
10607,2026-03-03 14:38,잠실점,신규,카드,5,36700.0,"닭가슴살,감자칩,삼겹살,콜라,기저귀"
10181,2026-03-02 21:03,홍대점,기존,카드,4,11500.0,"우유,시리얼,콜라,감자칩"
10302,2026-04-29 09:07,강남점,신규,카드,1,5500.0,맥주
10497,2026-03-26 09:42,홍대점,기존,카드,1,1500.0,양파
10349,2026-03-01 17:18,강남점,신규,현금,5,27100.0,"닭가슴살,계란,우유,시리얼,버터"
11036,2026-04-07 18:18,강남점,기존,모바일페이,2,10000.0,"세제,상추"
10983,2026-03-09 18:56,홍대점,기존,현금,1,3700.0,크루아상
10745,2026-05-29 21:52,홍대점,기존,카드,6,53600.0,"소고기,맥주,식빵,우유,시리얼,기저귀"
11152,2026-04-27 19:10,강남점,기존,카드,1,3500.0,커피
10518,2026-03-08 20:12,분당점,기존,모바일페이,1,5600.0,라면
10373,2026-05-17 08:50,잠실점,기존,현금,1,1600.0,마늘
10046,2026-05-29 18:07,강남점,기존,카드,2,7000.0,"파스타,파스타소스"
10477,2026-04-27 17:36,홍대점,신규,모바일페이,4,13700.0,"닭가슴살,콜라,감자칩,감자"
10158,2026-04-18 16:55,분당점,신규,카드,3,8700.0,"콜라,감자칩,크루아상"
11047,2026-05-20 20:46,강남점,신규,현금,3,10600.0,"계란,맥주,감자칩"
10172,2026-05-10 16:17,강남점,신규,카드,1,7800.0,화장지
10017,2026-05-03 16:26,홍대점,신규,모바일페이,8,37100.0,"맥주,식빵,요거트,상추,삼겹살,버터,마늘,라면"
10512,2026-03-10 10:50,강남점,기존,현금,6,37200.0,"계란,맥주,요거트,기저귀,라면,커피"
10049,2026-04-09 10:36,분당점,신규,모바일페이,5,38900.0,"맥주,삼겹살,기저귀,커피,양파"
10192,2026-03-04 15:25,잠실점,VIP,모바일페이,7,26000.0,"치즈,계란,식빵,우유,요거트,버터,라면"
10547,2026-05-24 16:08,잠실점,VIP,모바일페이,1,2600.0,콜라
10516,2026-03-11 09:45,강남점,신규,모바일페이,4,10700.0,"파스타,파스타소스,요거트,생수"
10978,2026-05-15 09:23,잠실점,신규,모바일페이,6,39000.0,"시리얼,상추,감자칩,삼겹살,마늘,기저귀"
10939,2026-04-28 11:54,잠실점,신규,카드,1,4900.0,사과
10829,2026-03-12 17:17,홍대점,기존,모바일페이,1,4500.0,파스타
10984,2026-03-24 19:26,잠실점,기존,모바일페이,3,23400.0,"기저귀,맥주,양파"
10481,2026-04-22 14:34,강남점,기존,현금,3,30700.0,"기저귀,맥주,삼겹살"
11129,2026-05-27 13:22,잠실점,기존,현금,5,16200.0,"식빵,우유,감자칩,버터,콜라"
10284,2026-05-09 15:15,분당점,기존,모바일페이,5,45200.0,"파스타,맥주,삼겹살,파스타소스,기저귀"
11030,2026-05-16 08:51,홍대점,기존,카드,3,11500.0,"파스타,상추,커피"
10798,2026-03-27 21:58,분당점,신규,모바일페이,8,51400.0,"맥주,요거트,감자칩,초콜릿,콜라,세제,기저귀,화장지"
10940,2026-05-25 17:51,강남점,신규,모바일페이,2,7500.0,"우유,시리얼"
10226,2026-03-16 21:40,홍대점,기존,현금,5,31300.0,"식빵,상추,삼겹살,마늘,기저귀"
10027,2026-04-19 17:46,분당점,기존,카드,1,4600.0,크루아상
10283,2026-05-10 11:36,분당점,기존,카드,2,5500.0,"요거트,감자칩"
11150,2026-03-27 21:23,잠실점,기존,카드,4,24500.0,"기저귀,상추,맥주,바나나"
10438,2026-05-17 08:28,홍대점,기존,카드,4,19300.0,"세제,요거트,마늘,크루아상"
11168,2026-04-08 18:54,강남점,신규,카드,5,22300.0,"계란,식빵,우유,버터,라면"
10365,2026-05-21 16:19,홍대점,기존,현금,5,22500.0,"계란,우유,시리얼,버터,라면"
10230,2026-03-31 10:31,홍대점,VIP,카드,5,18300.0,"계란,감자칩,사과,콜라,라면"
10038,2026-05-09 16:18,홍대점,기존,현금,1,6200.0,라면
10670,2026-04-06 08:20,강남점,기존,현금,2,5600.0,"상추,초콜릿"
10750,2026-05-10 09:56,홍대점,기존,카드,9,52000.0,"파스타,맥주,우유,시리얼,상추,삼겹살,파스타소스,마늘,기저귀"
11181,2026-03-20 13:00,분당점,신규,모바일페이,2,7800.0,"파스타,파스타소스"
10375,2026-05-10 11:39,홍대점,신규,현금,5,34300.0,"소고기,상추,감자칩,삼겹살,마늘"
10470,2026-05-29 12:00,홍대점,기존,모바일페이,9,51300.0,"파스타,닭가슴살,계란,맥주,우유,시리얼,파스타소스,기저귀,라면"
10883,2026-03-05 11:08,분당점,기존,현금,2,6800.0,"파스타,파스타소스"
11182,2026-03-21 20:33,분당점,기존,현금,5,28400.0,"소고기,바나나,감자칩,콜라,생수"
10688,2026-05-29 16:11,분당점,신규,모바일페이,3,19400.0,"우유,시리얼,세제"
10033,2026-04-03 12:58,홍대점,기존,카드,2,8600.0,"라면,계란"
11011,2026-03-16 09:37,강남점,기존,카드,5,15500.0,"파스타,감자칩,파스타소스,콜라,라면"
11176,2026-03-01 20:33,잠실점,기존,카드,9,48300.0,"계란,맥주,상추,감자칩,삼겹살,사과,콜라,마늘,기저귀"
10195,2026-05-07 18:27,홍대점,신규,모바일페이,5,32200.0,"맥주,감자칩,파스타소스,콜라,기저귀"
11106,2026-04-05 17:44,분당점,신규,카드,1,3000.0,감자칩
11114,2026-05-14 12:56,홍대점,신규,카드,4,16300.0,"우유,시리얼,콜라,치즈"
11064,2026-03-29 19:15,잠실점,신규,모바일페이,3,9600.0,"버터,콜라,감자칩"
10504,2026-05-27 18:57,분당점,기존,현금,10,56400.0,"파스타,맥주,식빵,우유,상추,버터,파스타소스,마늘,기저귀,커피"
10916,2026-03-17 19:30,잠실점,VIP,카드,1,8600.0,닭가슴살
10977,2026-03-10 08:48,강남점,기존,카드,3,13300.0,"파스타,파스타소스,커피"
11183,2026-05-15 13:16,분당점,신규,카드,3,8300.0,"요거트,콜라,사과"
11088,2026-04-17 12:34,잠실점,기존,카드,6,35500.0,"계란,맥주,콜라,파스타소스,기저귀,라면"
10801,2026-04-11 11:50,잠실점,기존,현금,7,26900.0,"계란,식빵,우유,사과,초콜릿,버터,콜라"
10580,2026-04-19 12:15,강남점,신규,모바일페이,8,63700.0,"소고기,맥주,우유,시리얼,사과,기저귀,라면,커피"
10161,2026-04-27 10:21,홍대점,VIP,카드,1,3900.0,파스타
10681,2026-04-24 13:04,잠실점,VIP,카드,4,30400.0,"라면,계란,삼겹살,화장지"
11198,2026-05-23 17:02,강남점,신규,현금,4,20900.0,"기저귀,맥주,양파,마늘"
10163,2026-03-24 17:59,잠실점,기존,모바일페이,5,25700.0,"계란,상추,삼겹살,마늘,라면"
10822,2026-03-16 10:59,강남점,신규,현금,4,16800.0,"파스타,파스타소스,닭가슴살,초콜릿"
10706,2026-05-18 17:08,분당점,기존,카드,6,28500.0,"우유,시리얼,상추,삼겹살,마늘,크루아상"
11009,2026-05-23 21:12,강남점,VIP,모바일페이,4,24900.0,"치즈,파스타,파스타소스,삼겹살"
10878,2026-03-02 16:19,잠실점,신규,현금,3,22000.0,"치즈,기저귀,상추"
10896,2026-05-17 21:28,홍대점,기존,현금,4,33100.0,"세제,기저귀,맥주,콜라"
10914,2026-03-24 20:05,홍대점,VIP,현금,7,46900.0,"소고기,계란,식빵,우유,버터,생수,커피"
11199,2026-05-12 17:45,잠실점,신규,모바일페이,2,19500.0,"기저귀,맥주"
10153,2026-05-06 13:02,분당점,기존,모바일페이,6,21300.0,"파스타,계란,감자칩,사과,파스타소스,콜라"
10979,2026-03-05 08:06,잠실점,신규,모바일페이,7,47400.0,"계란,맥주,기저귀,라면,커피,양파,크루아상"
11003,2026-05-29 21:25,분당점,신규,카드,1,13000.0,삼겹살
10510,2026-04-07 10:08,강남점,VIP,현금,2,8700.0,"파스타,파스타소스"
10112,2026-03-21 11:13,홍대점,기존,카드,4,22600.0,"세제,라면,마늘,화장지"
10227,2026-05-10 13:02,홍대점,VIP,모바일페이,5,44400.0,"파스타,소고기,감자,파스타소스,기저귀"
10986,2026-03-20 17:46,잠실점,기존,카드,5,23100.0,"파스타,계란,버터,파스타소스,라면"
10852,2026-05-23 11:30,잠실점,VIP,현금,1,3800.0,우유
10104,2026-03-26 12:54,잠실점,기존,모바일페이,3,12800.0,"우유,버터,식빵"
10422,2026-04-17 10:37,강남점,신규,현금,1,9300.0,세제
10420,2026-03-27 16:07,분당점,기존,모바일페이,4,15600.0,"파스타,파스타소스,맥주,바나나"
10625,2026-03-08 15:33,강남점,VIP,카드,6,39300.0,"소고기,바나나,상추,삼겹살,마늘,화장지"
10587,2026-05-17 14:45,홍대점,신규,카드,6,27100.0,"우유,시리얼,상추,감자칩,삼겹살,마늘"
11061,2026-05-03 09:59,강남점,기존,현금,5,18900.0,"식빵,감자,바나나,우유,버터"
10920,2026-05-12 09:13,홍대점,VIP,현금,7,38200.0,"파스타,상추,삼겹살,파스타소스,마늘,커피,크루아상"
10673,2026-05-26 17:53,분당점,기존,카드,2,4000.0,"콜라,감자칩"
10120,2026-03-21 08:31,홍대점,기존,모바일페이,1,6600.0,커피
10054,2026-05-04 19:45,홍대점,VIP,카드,5,20300.0,"치즈,식빵,상추,커피,크루아상"
10152,2026-04-29 14:49,잠실점,VIP,모바일페이,5,30500.0,"시리얼,상추,삼겹살,마늘,세제"
10404,2026-03-22 21:31,분당점,기존,카드,1,5500.0,치즈
11189,2026-04-19 19:02,홍대점,신규,모바일페이,1,3100.0,우유
10208,2026-05-28 20:19,잠실점,기존,카드,2,23000.0,"기저귀,맥주"
11135,2026-04-24 21:37,강남점,기존,모바일페이,5,22300.0,"계란,화장지,우유,시리얼,라면"
10659,2026-05-07 14:38,강남점,VIP,카드,4,20600.0,"우유,버터,시리얼,식빵"
11097,2026-03-04 12:01,잠실점,신규,모바일페이,3,15500.0,"파스타,파스타소스,닭가슴살"
10233,2026-03-24 13:55,강남점,기존,현금,3,15700.0,"세제,크루아상,바나나"
10009,2026-04-10 18:59,분당점,VIP,카드,2,9400.0,"파스타,파스타소스"
10160,2026-04-11 14:50,잠실점,기존,카드,1,3800.0,파스타
10037,2026-03-11 09:28,강남점,기존,모바일페이,2,5000.0,"감자칩,양파"
10453,2026-05-23 15:13,강남점,신규,카드,2,7800.0,"파스타,파스타소스"
10652,2026-03-30 13:26,잠실점,VIP,카드,6,30200.0,"맥주,감자칩,초콜릿,콜라,기저귀,크루아상"
10254,2026-05-11 18:44,홍대점,VIP,카드,4,31400.0,"시리얼,기저귀,계란,커피"
10304,2026-04-06 14:30,홍대점,기존,현금,5,19000.0,"감자,우유,시리얼,감자칩,사과"
10897,2026-03-24 17:23,분당점,신규,모바일페이,5,22900.0,"파스타,계란,시리얼,생수,라면"
11049,2026-05-27 19:16,분당점,기존,카드,6,29000.0,"계란,맥주,감자,라면,커피,크루아상"
10881,2026-04-21 15:06,분당점,기존,카드,1,4900.0,라면
10572,2026-05-16 19:25,잠실점,신규,카드,1,8400.0,닭가슴살
10624,2026-03-19 13:25,분당점,VIP,카드,5,32500.0,"치즈,계란,맥주,기저귀,라면"
11145,2026-04-30 21:02,잠실점,기존,카드,5,14300.0,"식빵,우유,감자칩,버터,콜라"
11031,2026-04-03 13:46,분당점,신규,카드,5,27200.0,"요거트,삼겹살,커피,양파,크루아상"
11146,2026-03-04 12:22,잠실점,VIP,카드,4,23600.0,"상추,마늘,삼겹살,커피"
10263,2026-04-14 09:12,강남점,기존,현금,7,41300.0,"파스타,맥주,우유,초콜릿,버터,파스타소스,기저귀"
10611,2026-04-07 21:42,홍대점,기존,카드,9,41300.0,"파스타,닭가슴살,감자칩,삼겹살,초콜릿,파스타소스,콜라,커피,크루아상"
10298,2026-05-26 17:50,강남점,기존,모바일페이,5,32500.0,"닭가슴살,식빵,상추,기저귀,라면"
10990,2026-04-23 09:07,강남점,VIP,모바일페이,1,2200.0,초콜릿
10415,2026-03-25 10:13,홍대점,신규,현금,1,2600.0,초콜릿
10151,2026-04-23 19:09,강남점,기존,카드,7,33600.0,"치즈,맥주,우유,시리얼,마늘,생수,기저귀"
10946,2026-04-09 15:03,분당점,신규,카드,4,24300.0,"세제,파스타,파스타소스,버터"
10473,2026-04-30 14:00,홍대점,기존,카드,4,18800.0,"사과,상추,마늘,삼겹살"
10953,2026-03-27 11:20,홍대점,기존,카드,6,22500.0,"계란,우유,시리얼,감자칩,콜라,라면"
10988,2026-04-05 14:16,잠실점,기존,모바일페이,1,7300.0,화장지
10779,2026-03-26 13:06,잠실점,신규,카드,4,14400.0,"우유,시리얼,파스타소스,감자"
10641,2026-05-14 13:01,잠실점,기존,모바일페이,1,7200.0,버터
11190,2026-04-22 09:18,잠실점,VIP,카드,3,10400.0,"콜라,커피,감자칩"
11143,2026-04-28 09:05,홍대점,기존,카드,2,6300.0,"파스타,파스타소스"
10551,2026-03-20 14:40,분당점,기존,카드,6,28000.0,"바나나,상추,삼겹살,마늘,라면,크루아상"
10640,2026-05-10 12:06,홍대점,기존,카드,4,18000.0,"콜라,라면,계란,크루아상"
10936,2026-05-27 16:54,분당점,기존,현금,4,14600.0,"라면,마늘,계란,초콜릿"
10929,2026-03-15 16:15,홍대점,기존,모바일페이,2,10900.0,"커피,크루아상"
10489,2026-05-05 14:57,홍대점,기존,카드,4,16800.0,"감자칩,상추,식빵,삼겹살"
10820,2026-03-31 14:06,잠실점,기존,카드,1,2300.0,감자칩
10711,2026-04-29 13:58,강남점,신규,카드,3,13600.0,"우유,맥주,커피"
11081,2026-05-09 16:46,강남점,기존,카드,5,22800.0,"파스타,상추,삼겹살,파스타소스,마늘"
10148,2026-05-16 12:38,잠실점,기존,카드,2,7300.0,"커피,생수"
10147,2026-05-17 15:41,홍대점,기존,카드,4,13900.0,"콜라,커피,감자칩,크루아상"
11175,2026-05-26 16:20,분당점,기존,카드,4,9500.0,"파스타,파스타소스,마늘,양파"
10963,2026-03-29 16:16,홍대점,VIP,카드,3,13100.0,"커피,감자,크루아상"
10346,2026-04-19 16:05,잠실점,신규,모바일페이,2,15600.0,"라면,삼겹살"
10403,2026-03-15 13:33,분당점,신규,현금,5,33400.0,"계란,맥주,상추,기저귀,라면"
10932,2026-05-09 17:04,홍대점,기존,카드,4,21400.0,"세제,요거트,버터,사과"
10955,2026-04-19 14:53,분당점,기존,모바일페이,5,35500.0,"파스타,소고기,계란,파스타소스,라면"
11125,2026-03-16 17:27,분당점,신규,카드,2,19000.0,"기저귀,맥주"
10660,2026-04-23 13:12,강남점,신규,모바일페이,2,10800.0,"닭가슴살,파스타"
10464,2026-03-18 09:04,강남점,기존,현금,7,37800.0,"치즈,계란,감자칩,버터,마늘,기저귀,라면"
10187,2026-05-07 16:54,잠실점,신규,모바일페이,6,40100.0,"소고기,식빵,시리얼,상추,삼겹살,마늘"
10609,2026-05-10 16:18,잠실점,기존,카드,5,16500.0,"계란,바나나,파스타소스,라면,양파"
10144,2026-03-19 09:24,분당점,VIP,카드,2,20300.0,"화장지,삼겹살"
10752,2026-04-22 19:35,홍대점,신규,카드,5,16100.0,"계란,상추,감자칩,콜라,라면"
10982,2026-05-16 21:53,강남점,기존,현금,5,19600.0,"식빵,감자칩,삼겹살,콜라,생수"
10198,2026-03-24 18:20,잠실점,기존,모바일페이,1,4400.0,치즈
10884,2026-03-30 17:44,홍대점,기존,카드,5,27900.0,"맥주,식빵,우유,버터,기저귀"
10280,2026-05-18 17:33,분당점,기존,카드,3,15000.0,"상추,마늘,삼겹살"
10294,2026-04-23 17:01,잠실점,신규,카드,7,33800.0,"파스타,계란,버터,파스타소스,라면,커피,크루아상"
11089,2026-03-12 13:28,강남점,기존,카드,1,4000.0,라면
10401,2026-03-18 14:55,홍대점,VIP,카드,4,21900.0,"마늘,화장지,커피,크루아상"
10123,2026-05-21 09:35,홍대점,신규,카드,4,29400.0,"우유,기저귀,커피,크루아상"
10203,2026-05-12 12:27,강남점,VIP,카드,3,6600.0,"콜라,마늘,감자칩"
10836,2026-04-11 10:43,홍대점,기존,카드,5,26100.0,"상추,삼겹살,마늘,커피,크루아상"
10247,2026-05-11 18:31,홍대점,신규,카드,6,20200.0,"파스타,식빵,우유,버터,파스타소스,양파"
11140,2026-03-18 17:48,홍대점,신규,카드,3,16100.0,"라면,맥주,계란"
10385,2026-03-25 10:49,강남점,기존,모바일페이,1,2600.0,상추
10855,2026-03-20 20:01,강남점,기존,모바일페이,6,22400.0,"상추,감자칩,삼겹살,초콜릿,콜라,마늘"
10220,2026-04-22 08:05,잠실점,신규,모바일페이,8,30100.0,"시리얼,사과,버터,콜라,파스타소스,생수,커피,크루아상"
10642,2026-05-09 08:05,강남점,기존,카드,1,3200.0,라면
10002,2026-04-09 17:07,잠실점,기존,현금,3,13900.0,"파스타소스,맥주,사과"
10113,2026-04-23 17:24,홍대점,VIP,카드,7,41200.0,"파스타,맥주,우유,시리얼,상추,기저귀,크루아상"
10699,2026-03-16 11:28,잠실점,VIP,모바일페이,4,30200.0,"파스타,기저귀,파스타소스,맥주"
10952,2026-05-28 08:10,홍대점,신규,모바일페이,4,18100.0,"치즈,파스타,파스타소스,커피"
11079,2026-05-29 12:38,강남점,기존,모바일페이,4,13900.0,"우유,시리얼,마늘,식빵"
10442,2026-05-06 09:54,분당점,신규,현금,1,2500.0,상추
10664,2026-05-22 09:42,분당점,신규,카드,8,43200.0,"계란,식빵,우유,버터,생수,기저귀,라면,커피"
11197,2026-04-04 11:14,강남점,VIP,카드,7,32400.0,"계란,바나나,시리얼,파스타소스,라면,커피,크루아상"
10318,2026-05-03 13:09,분당점,신규,카드,4,25400.0,"기저귀,맥주,감자칩,콜라"
10649,2026-05-04 21:29,강남점,신규,카드,5,35100.0,"맥주,우유,시리얼,사과,기저귀"
10710,2026-04-20 19:18,잠실점,신규,카드,8,35300.0,"파스타,식빵,우유,상추,삼겹살,버터,파스타소스,마늘"
10973,2026-03-09 08:35,강남점,VIP,현금,3,14000.0,"파스타,계란,맥주"
10628,2026-05-19 10:18,잠실점,VIP,카드,2,9400.0,"라면,계란"
10633,2026-05-14 08:28,잠실점,기존,현금,6,20100.0,"파스타,바나나,우유,요거트,파스타소스,마늘"
11172,2026-03-28 12:51,홍대점,기존,모바일페이,3,15100.0,"세제,버터,감자"
11107,2026-04-10 09:00,잠실점,기존,카드,6,28300.0,"식빵,우유,상추,삼겹살,버터,마늘"
10796,2026-03-22 20:07,분당점,VIP,카드,1,2800.0,바나나
10646,2026-03-25 19:23,잠실점,기존,카드,5,24600.0,"파스타,상추,삼겹살,버터,마늘"
11013,2026-05-20 11:02,잠실점,기존,카드,4,29200.0,"사과,기저귀,커피,크루아상"
10557,2026-03-31 12:27,분당점,신규,카드,2,4600.0,"콜라,감자칩"
10682,2026-05-09 11:32,홍대점,기존,카드,1,2500.0,양파
10578,2026-04-17 16:31,강남점,신규,모바일페이,2,9600.0,"라면,계란"
10525,2026-05-12 12:40,분당점,신규,카드,1,5000.0,시리얼
11060,2026-03-22 11:33,강남점,VIP,현금,4,15000.0,"우유,시리얼,커피,양파"
10541,2026-04-15 18:44,강남점,신규,현금,2,9300.0,"파스타,시리얼"
10749,2026-05-27 20:32,홍대점,신규,카드,5,22900.0,"식빵,우유,버터,커피,크루아상"
11110,2026-05-05 21:13,잠실점,신규,카드,7,25800.0,"계란,우유,시리얼,감자칩,초콜릿,콜라,라면"
10485,2026-05-16 12:49,분당점,VIP,모바일페이,2,4200.0,"콜라,감자칩"
10096,2026-04-02 15:41,분당점,VIP,카드,3,10100.0,"우유,시리얼,마늘"
11021,2026-04-15 09:00,분당점,기존,카드,4,14900.0,"우유,시리얼,파스타소스,초콜릿"
10564,2026-05-01 18:40,분당점,기존,현금,2,8700.0,"라면,계란"
10743,2026-04-27 10:57,분당점,기존,카드,1,2100.0,바나나
10864,2026-04-10 15:28,홍대점,기존,카드,5,43000.0,"소고기,상추,삼겹살,파스타소스,마늘"
10892,2026-04-22 16:57,홍대점,신규,카드,4,18200.0,"상추,마늘,삼겹살,바나나"
11039,2026-05-16 08:11,강남점,VIP,모바일페이,4,23600.0,"우유,기저귀,맥주,양파"
10207,2026-05-05 16:46,강남점,기존,카드,1,3000.0,초콜릿
10393,2026-03-04 08:34,홍대점,신규,카드,2,16500.0,"맥주,삼겹살"
10795,2026-04-13 19:03,홍대점,기존,모바일페이,4,16900.0,"파스타,파스타소스,라면,계란"
10871,2026-05-16 17:52,홍대점,VIP,카드,2,3700.0,"감자칩,초콜릿"
10398,2026-05-15 15:00,분당점,신규,카드,6,38800.0,"파스타,바나나,파스타소스,기저귀,커피,크루아상"
10767,2026-04-12 17:27,분당점,신규,현금,5,21800.0,"계란,콜라,라면,커피,크루아상"
11100,2026-04-27 16:58,잠실점,신규,카드,1,3400.0,요거트
11029,2026-05-07 17:26,강남점,VIP,카드,5,32000.0,"파스타,파스타소스,기저귀,라면,커피"
10643,2026-05-06 09:20,잠실점,기존,카드,6,23000.0,"치즈,계란,감자칩,콜라,커피,크루아상"
10613,2026-03-14 15:31,분당점,VIP,모바일페이,1,1600.0,생수
10961,2026-05-28 19:09,분당점,VIP,카드,3,14700.0,"라면,커피,크루아상"
10726,2026-04-08 15:03,홍대점,기존,카드,3,13700.0,"커피,크루아상,맥주"
10684,2026-05-28 08:17,홍대점,기존,카드,2,4400.0,"상추,바나나"
10099,2026-04-08 10:44,분당점,기존,카드,9,58200.0,"소고기,계란,요거트,상추,삼겹살,마늘,라면,커피,크루아상"
10805,2026-04-27 21:00,잠실점,신규,카드,5,20400.0,"파스타,우유,시리얼,감자칩,파스타소스"
10407,2026-03-23 20:53,강남점,기존,카드,7,45000.0,"파스타,맥주,상추,감자칩,삼겹살,마늘,기저귀"
10503,2026-04-19 21:37,분당점,VIP,카드,7,41300.0,"파스타,소고기,식빵,우유,버터,생수,라면"
11072,2026-04-16 12:00,분당점,신규,모바일페이,12,62100.0,"커피,우유,식빵,파스타,계란,맥주,감자,버터,콜라,파스타소스,상추,기저귀"
11057,2026-04-23 21:37,분당점,기존,모바일페이,4,10600.0,"콜라,상추,맥주,감자칩"
10930,2026-05-16 18:08,강남점,기존,모바일페이,1,4100.0,사과
10780,2026-05-27 15:32,강남점,신규,카드,2,8800.0,"닭가슴살,콜라"
10201,2026-03-04 08:36,분당점,기존,카드,3,25900.0,"버터,기저귀,맥주"
10135,2026-03-04 14:54,홍대점,기존,현금,8,35100.0,"파스타,상추,감자칩,삼겹살,파스타소스,콜라,마늘,라면"
11052,2026-04-22 13:59,홍대점,VIP,모바일페이,5,34600.0,"계란,맥주,화장지,기저귀,라면"
10041,2026-03-29 10:12,분당점,VIP,카드,3,14400.0,"파스타,커피,크루아상"
11018,2026-05-16 19:52,홍대점,신규,현금,5,39100.0,"맥주,상추,삼겹살,마늘,기저귀"
10231,2026-03-06 13:13,강남점,기존,카드,2,4700.0,"파스타,감자칩"
10379,2026-05-26 20:47,홍대점,VIP,카드,2,7300.0,"파스타,파스타소스"
10289,2026-04-07 13:16,홍대점,기존,카드,3,10600.0,"감자칩,라면,계란"
10419,2026-03-08 18:42,홍대점,신규,카드,10,47500.0,"파스타,닭가슴살,상추,감자칩,삼겹살,버터,파스타소스,콜라,마늘,커피"
10392,2026-05-09 16:31,잠실점,기존,모바일페이,1,9100.0,세제
10593,2026-05-15 11:26,잠실점,기존,현금,5,21900.0,"계란,바나나,파스타소스,커피,크루아상"
11087,2026-05-29 11:33,잠실점,기존,카드,5,18800.0,"계란,시리얼,생수,라면,크루아상"
10648,2026-03-27 17:07,잠실점,VIP,카드,4,26400.0,"우유,기저귀,라면,맥주"
10521,2026-05-21 08:37,홍대점,기존,카드,3,11900.0,"우유,시리얼,계란"
10065,2026-03-30 13:28,강남점,신규,현금,6,37900.0,"우유,시리얼,콜라,기저귀,커피,크루아상"
10015,2026-03-28 16:07,분당점,기존,카드,2,2800.0,"양파,생수"
11065,2026-04-07 20:39,강남점,기존,모바일페이,2,10100.0,"라면,맥주"
10493,2026-04-10 09:40,홍대점,VIP,현금,4,22800.0,"감자칩,기저귀,라면,계란"
10380,2026-04-02 19:59,분당점,신규,카드,2,14000.0,"삼겹살,감자"
10188,2026-04-03 13:35,홍대점,기존,카드,4,20800.0,"세제,파스타,파스타소스,크루아상"
10764,2026-03-10 10:17,잠실점,신규,카드,5,21100.0,"계란,우유,시리얼,마늘,라면"
10217,2026-05-14 17:39,홍대점,기존,카드,3,11600.0,"화장지,마늘,감자칩"
10792,2026-05-07 18:42,홍대점,기존,현금,4,14500.0,"콜라,커피,감자칩,크루아상"
11077,2026-04-28 09:49,강남점,기존,카드,5,26500.0,"계란,우유,시리얼,세제,라면"
10879,2026-03-14 09:54,강남점,신규,카드,4,30700.0,"버터,소고기,계란,생수"
10338,2026-03-06 17:01,홍대점,기존,카드,3,8600.0,"콜라,감자,초콜릿"
10720,2026-05-05 18:06,강남점,VIP,모바일페이,4,20600.0,"상추,마늘,계란,삼겹살"
10296,2026-03-08 16:54,강남점,신규,카드,2,21200.0,"기저귀,맥주"
11017,2026-04-29 09:15,분당점,신규,모바일페이,6,38200.0,"치즈,맥주,상추,삼겹살,마늘,기저귀"
10456,2026-05-29 08:52,분당점,기존,모바일페이,2,8400.0,"커피,사과"
10816,2026-03-11 17:30,홍대점,기존,모바일페이,7,37100.0,"파스타,맥주,우유,시리얼,파스타소스,콜라,기저귀"
10270,2026-04-16 19:53,분당점,기존,카드,1,3700.0,크루아상
10996,2026-04-26 12:02,강남점,신규,카드,2,16300.0,"버터,삼겹살"
10202,2026-03-31 20:31,강남점,기존,카드,4,16800.0,"파스타,파스타소스,감자,사과"
10162,2026-03-29 10:07,분당점,기존,카드,2,20600.0,"기저귀,크루아상"
10730,2026-04-06 10:03,잠실점,기존,카드,12,61700.0,"버터,우유,라면,크루아상,식빵,콜라,파스타,맥주,파스타소스,기저귀,커피,시리얼"
10402,2026-03-08 14:22,홍대점,기존,카드,4,13900.0,"우유,커피,양파,초콜릿"
10703,2026-04-22 13:47,홍대점,기존,현금,2,26300.0,"시리얼,소고기"
11130,2026-03-05 11:47,잠실점,신규,모바일페이,8,35600.0,"파스타,계란,우유,시리얼,파스타소스,라면,커피,크루아상"
10566,2026-05-12 11:02,분당점,신규,모바일페이,1,12100.0,삼겹살
11022,2026-03-29 15:56,분당점,기존,카드,4,20600.0,"사과,시리얼,커피,크루아상"
11026,2026-05-08 10:17,홍대점,신규,모바일페이,3,21900.0,"우유,시리얼,기저귀"
11105,2026-04-28 11:59,홍대점,VIP,모바일페이,1,6500.0,커피
10206,2026-03-21 16:18,분당점,VIP,카드,1,7300.0,닭가슴살
10035,2026-03-23 09:34,잠실점,VIP,현금,4,15400.0,"파스타,파스타소스,감자칩,감자"
10776,2026-03-18 10:11,강남점,기존,카드,6,19500.0,"우유,시리얼,감자칩,콜라,커피,크루아상"
10509,2026-05-08 13:03,강남점,기존,카드,8,29000.0,"치즈,파스타,식빵,우유,시리얼,버터,파스타소스,양파"
11184,2026-05-16 16:02,강남점,기존,카드,2,21100.0,"기저귀,라면"
10092,2026-05-22 11:16,잠실점,VIP,현금,5,28100.0,"감자칩,삼겹살,콜라,커피,크루아상"
10898,2026-05-16 13:36,분당점,신규,카드,2,8200.0,"우유,시리얼"
10565,2026-03-31 16:43,분당점,기존,카드,3,15300.0,"라면,커피,크루아상"
10777,2026-05-03 15:05,분당점,기존,모바일페이,3,29800.0,"치즈,소고기,파스타소스"
10242,2026-03-11 20:46,분당점,기존,카드,6,35700.0,"파스타,계란,맥주,우유,파스타소스,기저귀"
10014,2026-04-30 10:45,잠실점,신규,카드,9,40700.0,"식빵,감자,우유,상추,삼겹살,버터,마늘,커피,크루아상"
10316,2026-05-22 18:24,강남점,신규,모바일페이,5,19600.0,"파스타,초콜릿,파스타소스,커피,크루아상"
10601,2026-04-20 11:25,분당점,신규,카드,6,22000.0,"계란,시리얼,감자칩,콜라,마늘,커피"
10388,2026-05-17 18:17,홍대점,VIP,카드,2,8400.0,"파스타소스,계란"
10167,2026-05-05 09:18,홍대점,VIP,카드,4,28600.0,"닭가슴살,화장지,커피,크루아상"
10841,2026-05-11 15:09,잠실점,VIP,카드,2,20900.0,"기저귀,맥주"
10021,2026-05-04 08:26,잠실점,신규,현금,4,12500.0,"상추,맥주,사과,생수"
10647,2026-03-10 13:10,분당점,신규,현금,7,41600.0,"파스타,맥주,파스타소스,콜라,기저귀,커피,크루아상"
11155,2026-03-31 21:21,강남점,VIP,카드,6,44500.0,"감자칩,삼겹살,사과,콜라,기저귀,커피"
10832,2026-04-29 08:12,홍대점,기존,모바일페이,5,24400.0,"파스타,시리얼,파스타소스,생수,세제"
10563,2026-05-14 19:49,강남점,신규,현금,3,14100.0,"우유,커피,크루아상"
11171,2026-05-21 12:23,분당점,신규,카드,3,10600.0,"우유,시리얼,생수"
10687,2026-03-18 15:16,잠실점,기존,카드,1,1300.0,콜라
10958,2026-04-02 16:14,강남점,VIP,카드,7,20800.0,"치즈,식빵,감자,우유,감자칩,버터,콜라"
10190,2026-05-02 18:42,홍대점,신규,카드,6,28000.0,"맥주,식빵,우유,시리얼,요거트,커피"
10976,2026-04-26 09:04,분당점,기존,카드,5,17500.0,"파스타,요거트,사과,파스타소스,크루아상"
10700,2026-04-08 14:39,강남점,신규,모바일페이,6,42000.0,"맥주,상추,삼겹살,버터,마늘,기저귀"
10511,2026-05-22 18:09,잠실점,기존,모바일페이,3,13400.0,"커피,양파,크루아상"
11083,2026-04-04 10:59,홍대점,기존,모바일페이,1,17600.0,기저귀
10475,2026-04-23 17:45,홍대점,신규,현금,7,27300.0,"치즈,파스타,감자칩,초콜릿,파스타소스,콜라,화장지"
10857,2026-04-18 12:43,홍대점,VIP,카드,7,27700.0,"계란,식빵,우유,감자칩,버터,파스타소스,라면"
10748,2026-03-23 08:51,분당점,신규,모바일페이,2,6900.0,"우유,사과"
10253,2026-05-15 21:38,잠실점,신규,모바일페이,4,23000.0,"파스타,파스타소스,화장지,크루아상"
10022,2026-03-08 18:39,잠실점,기존,현금,3,10900.0,"파스타,파스타소스,감자"
10460,2026-04-27 18:08,잠실점,기존,모바일페이,6,25800.0,"계란,요거트,상추,삼겹살,초콜릿,마늘"
10277,2026-03-12 15:56,분당점,기존,현금,1,1300.0,생수
10956,2026-03-25 17:26,분당점,신규,카드,5,22900.0,"계란,우유,라면,커피,크루아상"
10386,2026-03-06 20:40,강남점,신규,카드,6,23300.0,"계란,감자칩,콜라,라면,커피,크루아상"
10806,2026-05-23 21:30,분당점,기존,모바일페이,3,25300.0,"기저귀,맥주,식빵"
10344,2026-03-26 12:36,잠실점,기존,모바일페이,4,27600.0,"우유,시리얼,소고기,감자칩"
10770,2026-04-28 12:04,홍대점,신규,모바일페이,3,24900.0,"우유,기저귀,맥주"
10131,2026-03-30 09:58,잠실점,기존,모바일페이,8,35900.0,"계란,맥주,감자,상추,감자칩,삼겹살,콜라,라면"
10872,2026-04-07 19:17,잠실점,VIP,현금,8,43000.0,"맥주,상추,삼겹살,콜라,마늘,생수,기저귀,크루아상"
11124,2026-05-24 09:40,홍대점,기존,모바일페이,1,3600.0,초콜릿
10088,2026-05-17 09:47,홍대점,기존,카드,6,52800.0,"소고기,계란,화장지,기저귀,라면,양파"
10331,2026-04-23 17:10,잠실점,기존,카드,7,36100.0,"계란,맥주,요거트,감자칩,콜라,기저귀,라면"
10467,2026-04-04 12:21,강남점,기존,카드,3,14600.0,"라면,커피,계란"
10122,2026-03-27 13:50,강남점,기존,모바일페이,4,13100.0,"우유,시리얼,콜라,상추"
11045,2026-05-20 16:45,강남점,기존,카드,5,36500.0,"파스타,맥주,파스타소스,기저귀,커피"
11096,2026-05-05 14:23,홍대점,기존,카드,1,17200.0,소고기
11131,2026-03-15 16:45,분당점,기존,카드,5,17400.0,"식빵,우유,감자칩,버터,콜라"
10861,2026-03-31 08:35,강남점,기존,모바일페이,9,58300.0,"맥주,식빵,우유,시리얼,상추,삼겹살,마늘,기저귀,화장지"
11127,2026-03-24 18:30,홍대점,기존,카드,2,3600.0,"콜라,감자칩"
