mushroom_id,class,cap_shape,cap_surface,cap_color,bruises,odor,gill_attachment,gill_spacing,gill_size,gill_color,stalk_shape,stalk_root,stalk_surface_above_ring,stalk_surface_below_ring,stalk_color_above_ring,stalk_color_below_ring,veil_type,veil_color,ring_number,ring_type,spore_print_color,population,habitat
2460,edible,convex,scaly,red,bruises,none,free,close,broad,white,tapering,bulbous,smooth,smooth,white,pink,partial,white,one,pendant,brown,several,woods
5551,poisonous,convex,smooth,buff,bruises,foul,free,close,broad,chocolate,tapering,bulbous,smooth,fibrous,white,white,partial,white,one,pendant,chocolate,scattered,urban
3768,edible,flat,fibrous,red,bruises,none,free,close,broad,brown,tapering,bulbous,smooth,smooth,pink,pink,partial,white,one,pendant,brown,solitary,woods
2613,edible,flat,fibrous,brown,bruises,none,free,close,broad,purple,tapering,bulbous,smooth,smooth,white,gray,partial,white,one,pendant,brown,solitary,woods
2512,edible,convex,scaly,red,bruises,none,free,close,broad,white,tapering,bulbous,smooth,smooth,pink,pink,partial,white,one,pendant,brown,several,woods
4368,poisonous,flat,scaly,gray,no_bruises,foul,free,close,broad,gray,enlarging,bulbous,silky,silky,buff,buff,partial,white,one,large,chocolate,solitary,woods
865,edible,convex,scaly,yellow,bruises,almond,free,close,broad,white,enlarging,club,smooth,smooth,white,white,partial,white,one,pendant,brown,scattered,meadows
1828,edible,flat,fibrous,white,no_bruises,none,free,crowded,broad,brown,tapering,equal,smooth,smooth,white,white,partial,white,one,evanescent,black,scattered,grasses
923,edible,convex,scaly,yellow,bruises,anise,free,close,broad,brown,enlarging,club,smooth,smooth,white,white,partial,white,one,pendant,black,numerous,grasses
3990,edible,flat,fibrous,gray,bruises,none,free,close,broad,purple,tapering,bulbous,smooth,smooth,pink,gray,partial,white,one,pendant,brown,solitary,woods
1017,edible,flat,scaly,brown,bruises,anise,free,close,broad,brown,enlarging,rooted,smooth,scaly,white,white,partial,white,one,pendant,brown,scattered,grasses
2788,edible,convex,scaly,red,bruises,none,free,close,broad,white,tapering,bulbous,smooth,smooth,gray,gray,partial,white,one,pendant,brown,solitary,woods
2403,edible,convex,fibrous,gray,bruises,none,free,close,broad,pink,tapering,bulbous,smooth,smooth,gray,pink,partial,white,one,pendant,black,several,woods
4615,poisonous,flat,scaly,gray,no_bruises,foul,free,close,broad,pink,enlarging,bulbous,silky,silky,brown,buff,partial,white,one,large,chocolate,solitary,woods
2080,edible,convex,scaly,red,bruises,none,free,close,broad,purple,tapering,bulbous,smooth,smooth,white,pink,partial,white,one,pendant,brown,solitary,woods
3872,poisonous,convex,fibrous,gray,no_bruises,foul,free,close,broad,chocolate,enlarging,bulbous,silky,silky,buff,pink,partial,white,one,large,chocolate,several,woods
4725,poisonous,convex,fibrous,yellow,no_bruises,foul,free,close,broad,pink,enlarging,bulbous,silky,silky,buff,pink,partial,white,one,large,chocolate,solitary,woods
1119,edible,flat,fibrous,brown,no_bruises,none,free,crowded,broad,black,tapering,equal,fibrous,smooth,white,white,partial,white,one,evanescent,black,scattered,grasses
5033,poisonous,convex,scaly,gray,no_bruises,foul,free,close,broad,pink,enlarging,bulbous,silky,silky,pink,buff,partial,white,one,large,chocolate,several,woods
5792,poisonous,convex,smooth,buff,bruises,foul,free,close,broad,pink,tapering,bulbous,fibrous,smooth,white,white,partial,white,one,pendant,chocolate,several,urban
1268,poisonous,flat,scaly,brown,bruises,pungent,free,close,narrow,black,enlarging,equal,smooth,smooth,white,white,partial,white,one,pendant,black,several,urban
5360,poisonous,flat,scaly,yellow,no_bruises,foul,free,close,broad,chocolate,enlarging,bulbous,silky,silky,buff,buff,partial,white,one,large,chocolate,solitary,paths
5081,poisonous,convex,scaly,yellow,no_bruises,foul,free,close,broad,pink,enlarging,bulbous,silky,silky,brown,buff,partial,white,one,large,chocolate,solitary,grasses
713,edible,convex,smooth,white,bruises,anise,free,close,broad,white,enlarging,club,smooth,smooth,white,white,partial,white,one,pendant,brown,scattered,meadows
905,edible,convex,smooth,yellow,bruises,anise,free,close,broad,white,enlarging,club,smooth,smooth,white,white,partial,white,one,pendant,brown,numerous,meadows
4706,poisonous,convex,scaly,yellow,no_bruises,foul,free,close,broad,chocolate,enlarging,bulbous,silky,silky,pink,buff,partial,white,one,large,chocolate,solitary,grasses
4488,poisonous,convex,scaly,gray,no_bruises,foul,free,close,broad,pink,enlarging,bulbous,silky,silky,pink,pink,partial,white,one,large,chocolate,several,woods
1065,poisonous,flat,scaly,white,bruises,pungent,free,close,narrow,black,enlarging,equal,smooth,smooth,white,white,partial,white,one,pendant,black,scattered,urban
4259,poisonous,flat,fibrous,yellow,no_bruises,foul,free,close,broad,gray,enlarging,bulbous,silky,silky,brown,pink,partial,white,one,large,chocolate,solitary,woods
789,poisonous,convex,scaly,brown,bruises,pungent,free,close,narrow,black,enlarging,equal,smooth,smooth,white,white,partial,white,one,pendant,brown,scattered,grasses
1352,edible,flat,smooth,brown,no_bruises,none,free,crowded,broad,black,tapering,equal,fibrous,fibrous,white,white,partial,white,one,evanescent,brown,scattered,grasses
3094,poisonous,convex,fibrous,gray,no_bruises,foul,free,close,broad,pink,enlarging,bulbous,silky,silky,brown,buff,partial,white,one,large,chocolate,several,grasses
3943,edible,convex,scaly,gray,bruises,none,free,close,broad,pink,tapering,bulbous,smooth,smooth,white,pink,partial,white,one,pendant,black,solitary,woods
2925,edible,convex,scaly,gray,bruises,none,free,close,broad,brown,tapering,bulbous,smooth,smooth,pink,white,partial,white,one,pendant,black,solitary,woods
3040,edible,flat,scaly,red,bruises,none,free,close,broad,pink,tapering,bulbous,smooth,smooth,white,gray,partial,white,one,pendant,black,several,woods
1627,edible,convex,fibrous,brown,no_bruises,none,free,crowded,broad,chocolate,tapering,equal,fibrous,smooth,white,white,partial,white,one,evanescent,brown,scattered,grasses
5208,poisonous,flat,scaly,yellow,no_bruises,foul,free,close,broad,chocolate,enlarging,bulbous,silky,silky,pink,brown,partial,white,one,large,chocolate,several,grasses
4386,poisonous,flat,fibrous,yellow,no_bruises,foul,free,close,broad,gray,enlarging,bulbous,silky,silky,buff,brown,partial,white,one,large,chocolate,solitary,grasses
3587,edible,convex,fibrous,red,bruises,none,free,close,broad,pink,tapering,bulbous,smooth,smooth,pink,gray,partial,white,one,pendant,black,solitary,woods
4338,poisonous,convex,fibrous,gray,no_bruises,foul,free,close,broad,gray,enlarging,bulbous,silky,silky,brown,pink,partial,white,one,large,chocolate,several,woods
514,edible,sunken,fibrous,gray,no_bruises,none,free,close,narrow,brown,enlarging,equal,smooth,smooth,white,white,partial,white,one,pendant,brown,several,urban
4782,poisonous,flat,fibrous,gray,no_bruises,foul,free,close,broad,gray,enlarging,bulbous,silky,silky,buff,pink,partial,white,one,large,chocolate,solitary,paths
3062,poisonous,convex,smooth,white,no_bruises,creosote,free,crowded,narrow,gray,enlarging,bulbous,smooth,smooth,white,white,partial,white,one,pendant,black,several,woods
2185,edible,flat,fibrous,brown,bruises,none,free,close,broad,pink,tapering,bulbous,smooth,smooth,gray,gray,partial,white,one,pendant,black,several,woods
2472,edible,convex,fibrous,gray,bruises,none,free,close,broad,pink,tapering,bulbous,smooth,smooth,white,gray,partial,white,one,pendant,brown,several,woods
2674,edible,flat,fibrous,brown,bruises,none,free,close,broad,white,tapering,bulbous,smooth,smooth,white,pink,partial,white,one,pendant,brown,solitary,woods
3545,poisonous,convex,fibrous,gray,no_bruises,foul,free,close,broad,chocolate,enlarging,bulbous,silky,silky,pink,pink,partial,white,one,large,chocolate,several,woods
380,edible,bell,scaly,yellow,bruises,almond,free,close,broad,black,enlarging,club,smooth,smooth,white,white,partial,white,one,pendant,brown,scattered,grasses
4238,poisonous,flat,fibrous,yellow,no_bruises,foul,free,close,broad,chocolate,enlarging,bulbous,silky,silky,buff,brown,partial,white,one,large,chocolate,several,woods
1276,poisonous,flat,smooth,white,bruises,pungent,free,close,narrow,black,enlarging,equal,smooth,smooth,white,white,partial,white,one,pendant,black,scattered,urban
3631,poisonous,convex,fibrous,gray,no_bruises,foul,free,close,broad,gray,enlarging,bulbous,silky,silky,brown,brown,partial,white,one,large,chocolate,solitary,paths
5183,poisonous,flat,scaly,yellow,no_bruises,foul,free,close,broad,gray,enlarging,bulbous,silky,silky,buff,pink,partial,white,one,large,chocolate,solitary,woods
3828,edible,flat,scaly,red,bruises,none,free,close,broad,pink,tapering,bulbous,smooth,smooth,gray,pink,partial,white,one,pendant,black,solitary,woods
2056,edible,flat,fibrous,white,no_bruises,none,free,crowded,broad,black,tapering,equal,fibrous,fibrous,white,white,partial,white,one,evanescent,black,scattered,grasses
2492,edible,convex,fibrous,red,bruises,none,free,close,broad,brown,tapering,bulbous,smooth,smooth,gray,white,partial,white,one,pendant,brown,solitary,woods
2601,edible,flat,fibrous,brown,bruises,none,free,close,broad,purple,tapering,bulbous,smooth,smooth,white,white,partial,white,one,pendant,black,solitary,woods
5348,poisonous,flat,smooth,gray,bruises,foul,free,close,broad,pink,tapering,bulbous,fibrous,smooth,white,white,partial,white,one,pendant,chocolate,several,urban
2855,edible,flat,fibrous,brown,bruises,none,free,close,broad,white,tapering,bulbous,smooth,smooth,gray,gray,partial,white,one,pendant,brown,solitary,woods
4092,poisonous,flat,fibrous,yellow,no_bruises,foul,free,close,broad,chocolate,enlarging,bulbous,silky,silky,buff,buff,partial,white,one,large,chocolate,several,woods
4171,poisonous,convex,smooth,buff,bruises,foul,free,close,broad,white,tapering,bulbous,fibrous,smooth,white,white,partial,white,one,pendant,chocolate,scattered,urban
2242,poisonous,flat,smooth,white,bruises,pungent,free,close,narrow,white,enlarging,equal,smooth,smooth,white,white,partial,white,one,pendant,black,several,grasses
2064,edible,convex,fibrous,brown,bruises,none,free,close,broad,brown,tapering,bulbous,smooth,smooth,pink,white,partial,white,one,pendant,brown,several,woods
4302,poisonous,convex,fibrous,yellow,no_bruises,foul,free,close,broad,gray,enlarging,bulbous,silky,silky,pink,pink,partial,white,one,large,chocolate,several,woods
429,edible,convex,smooth,white,no_bruises,none,free,crowded,broad,pink,tapering,equal,fibrous,fibrous,white,white,partial,white,one,evanescent,black,abundant,grasses
3594,edible,flat,scaly,gray,bruises,none,free,close,broad,white,tapering,bulbous,smooth,smooth,pink,gray,partial,white,one,pendant,black,solitary,woods
3851,edible,convex,fibrous,red,bruises,none,free,close,broad,brown,tapering,bulbous,smooth,smooth,white,white,partial,white,one,pendant,brown,solitary,woods
4651,poisonous,convex,scaly,yellow,no_bruises,foul,free,close,broad,chocolate,enlarging,bulbous,silky,silky,buff,pink,partial,white,one,large,chocolate,solitary,grasses
478,edible,bell,scaly,white,bruises,almond,free,close,broad,white,enlarging,club,smooth,smooth,white,white,partial,white,one,pendant,brown,numerous,grasses
1546,edible,convex,scaly,red,bruises,none,free,close,broad,purple,tapering,bulbous,smooth,smooth,gray,gray,partial,white,one,pendant,black,solitary,woods
548,edible,flat,fibrous,gray,no_bruises,none,free,close,narrow,gray,enlarging,equal,smooth,smooth,white,white,partial,white,one,pendant,brown,several,urban
5793,poisonous,convex,scaly,yellow,no_bruises,foul,free,close,broad,chocolate,enlarging,bulbous,silky,silky,pink,buff,partial,white,one,large,chocolate,solitary,paths
4242,poisonous,flat,fibrous,gray,no_bruises,foul,free,close,broad,gray,enlarging,bulbous,silky,silky,pink,buff,partial,white,one,large,chocolate,several,grasses
246,edible,convex,smooth,white,bruises,anise,free,close,broad,white,enlarging,club,smooth,smooth,white,white,partial,white,one,pendant,brown,scattered,grasses
4804,poisonous,flat,scaly,gray,no_bruises,foul,free,close,broad,gray,enlarging,bulbous,silky,silky,buff,brown,partial,white,one,large,chocolate,solitary,grasses
3914,poisonous,flat,fibrous,yellow,no_bruises,foul,free,close,broad,gray,enlarging,bulbous,silky,silky,pink,buff,partial,white,one,large,chocolate,solitary,grasses
2453,edible,convex,fibrous,gray,no_bruises,none,free,crowded,broad,black,tapering,equal,smooth,fibrous,white,white,partial,white,one,evanescent,brown,abundant,grasses
4836,poisonous,convex,smooth,white,no_bruises,creosote,free,close,narrow,pink,enlarging,bulbous,smooth,smooth,white,white,partial,white,one,pendant,brown,several,woods
1090,edible,convex,scaly,yellow,bruises,anise,free,close,broad,white,enlarging,club,smooth,smooth,white,white,partial,white,one,pendant,black,scattered,grasses
2037,edible,convex,smooth,brown,no_bruises,none,free,crowded,broad,black,tapering,equal,fibrous,smooth,white,white,partial,white,one,evanescent,black,scattered,grasses
357,edible,flat,scaly,brown,bruises,almond,free,close,broad,pink,enlarging,rooted,smooth,scaly,white,white,partial,white,one,pendant,brown,solitary,paths
524,poisonous,convex,smooth,brown,bruises,pungent,free,close,narrow,brown,enlarging,equal,smooth,smooth,white,white,partial,white,one,pendant,brown,scattered,urban
2785,edible,flat,fibrous,gray,bruises,none,free,close,broad,pink,tapering,bulbous,smooth,smooth,gray,gray,partial,white,one,pendant,black,several,woods
5785,poisonous,flat,scaly,yellow,no_bruises,foul,free,close,broad,gray,enlarging,bulbous,silky,silky,pink,pink,partial,white,one,large,chocolate,solitary,paths
2435,edible,convex,fibrous,gray,bruises,none,free,close,broad,pink,tapering,bulbous,smooth,smooth,gray,white,partial,white,one,pendant,black,several,woods
1760,edible,convex,smooth,gray,no_bruises,none,free,crowded,broad,black,tapering,equal,fibrous,fibrous,white,white,partial,white,one,evanescent,black,scattered,grasses
4564,poisonous,convex,fibrous,yellow,no_bruises,foul,free,close,broad,pink,enlarging,bulbous,silky,silky,buff,pink,partial,white,one,large,chocolate,several,woods
3528,edible,flat,scaly,gray,bruises,none,free,close,broad,pink,tapering,bulbous,smooth,smooth,pink,white,partial,white,one,pendant,black,several,woods
3792,edible,flat,scaly,brown,bruises,none,free,close,broad,white,tapering,bulbous,smooth,smooth,gray,white,partial,white,one,pendant,black,several,woods
2637,edible,convex,scaly,gray,bruises,none,free,close,broad,brown,tapering,bulbous,smooth,smooth,pink,gray,partial,white,one,pendant,brown,solitary,woods
4366,poisonous,flat,smooth,buff,bruises,foul,free,close,broad,chocolate,tapering,bulbous,smooth,smooth,white,white,partial,white,one,pendant,chocolate,several,urban
2305,edible,convex,scaly,gray,bruises,none,free,close,broad,white,tapering,bulbous,smooth,smooth,pink,gray,partial,white,one,pendant,black,several,woods
1982,edible,convex,fibrous,white,no_bruises,none,free,crowded,broad,chocolate,tapering,equal,fibrous,fibrous,white,white,partial,white,one,evanescent,black,scattered,grasses
4181,poisonous,flat,scaly,gray,no_bruises,foul,free,close,broad,chocolate,enlarging,bulbous,silky,silky,buff,pink,partial,white,one,large,chocolate,several,paths
730,edible,convex,scaly,white,bruises,anise,free,close,broad,white,enlarging,club,smooth,smooth,white,white,partial,white,one,pendant,black,scattered,meadows
3858,edible,flat,fibrous,red,bruises,none,free,close,broad,brown,tapering,bulbous,smooth,smooth,pink,gray,partial,white,one,pendant,brown,several,woods
1857,edible,convex,fibrous,yellow,bruises,almond,free,crowded,narrow,white,tapering,bulbous,smooth,smooth,white,white,partial,white,one,pendant,brown,several,woods
495,edible,convex,scaly,yellow,bruises,almond,free,close,broad,white,enlarging,rooted,smooth,scaly,white,white,partial,white,one,pendant,black,scattered,grasses
3175,poisonous,convex,fibrous,pink,no_bruises,creosote,free,crowded,narrow,gray,enlarging,bulbous,smooth,smooth,white,white,partial,white,one,pendant,black,several,woods
2506,edible,convex,scaly,red,bruises,none,free,close,broad,purple,tapering,bulbous,smooth,smooth,pink,pink,partial,white,one,pendant,brown,solitary,woods
4722,poisonous,convex,fibrous,yellow,no_bruises,foul,free,close,broad,gray,enlarging,bulbous,silky,silky,pink,pink,partial,white,one,large,chocolate,several,grasses
