mushroom_id,cap_shape,cap_surface,cap_color,bruises,odor,gill_attachment,gill_spacing,gill_size,gill_color,stalk_shape,stalk_root,stalk_surface_above_ring,stalk_surface_below_ring,stalk_color_above_ring,stalk_color_below_ring,veil_type,veil_color,ring_number,ring_type,spore_print_color,population,habitat
2460,convex,scaly,red,bruises,none,free,close,broad,white,tapering,bulbous,smooth,smooth,white,pink,partial,white,one,pendant,brown,several,woods
5551,convex,smooth,buff,bruises,foul,free,close,broad,chocolate,tapering,bulbous,smooth,fibrous,white,white,partial,white,one,pendant,chocolate,scattered,urban
3768,flat,fibrous,red,bruises,none,free,close,broad,brown,tapering,bulbous,smooth,smooth,pink,pink,partial,white,one,pendant,brown,solitary,woods
2613,flat,fibrous,brown,bruises,none,free,close,broad,purple,tapering,bulbous,smooth,smooth,white,gray,partial,white,one,pendant,brown,solitary,woods
2512,convex,scaly,red,bruises,none,free,close,broad,white,tapering,bulbous,smooth,smooth,pink,pink,partial,white,one,pendant,brown,several,woods
4368,flat,scaly,gray,no_bruises,foul,free,close,broad,gray,enlarging,bulbous,silky,silky,buff,buff,partial,white,one,large,chocolate,solitary,woods
865,convex,scaly,yellow,bruises,almond,free,close,broad,white,enlarging,club,smooth,smooth,white,white,partial,white,one,pendant,brown,scattered,meadows
1828,flat,fibrous,white,no_bruises,none,free,crowded,broad,brown,tapering,equal,smooth,smooth,white,white,partial,white,one,evanescent,black,scattered,grasses
923,convex,scaly,yellow,bruises,anise,free,close,broad,brown,enlarging,club,smooth,smooth,white,white,partial,white,one,pendant,black,numerous,grasses
3990,flat,fibrous,gray,bruises,none,free,close,broad,purple,tapering,bulbous,smooth,smooth,pink,gray,partial,white,one,pendant,brown,solitary,woods
1017,flat,scaly,brown,bruises,anise,free,close,broad,brown,enlarging,rooted,smooth,scaly,white,white,partial,white,one,pendant,brown,scattered,grasses
2788,convex,scaly,red,bruises,none,free,close,broad,white,tapering,bulbous,smooth,smooth,gray,gray,partial,white,one,pendant,brown,solitary,woods
2403,convex,fibrous,gray,bruises,none,free,close,broad,pink,tapering,bulbous,smooth,smooth,gray,pink,partial,white,one,pendant,black,several,woods
4615,flat,scaly,gray,no_bruises,foul,free,close,broad,pink,enlarging,bulbous,silky,silky,brown,buff,partial,white,one,large,chocolate,solitary,woods
2080,convex,scaly,red,bruises,none,free,close,broad,purple,tapering,bulbous,smooth,smooth,white,pink,partial,white,one,pendant,brown,solitary,woods
3872,convex,fibrous,gray,no_bruises,foul,free,close,broad,chocolate,enlarging,bulbous,silky,silky,buff,pink,partial,white,one,large,chocolate,several,woods
4725,convex,fibrous,yellow,no_bruises,foul,free,close,broad,pink,enlarging,bulbous,silky,silky,buff,pink,partial,white,one,large,chocolate,solitary,woods
1119,flat,fibrous,brown,no_bruises,none,free,crowded,broad,black,tapering,equal,fibrous,smooth,white,white,partial,white,one,evanescent,black,scattered,grasses
5033,convex,scaly,gray,no_bruises,foul,free,close,broad,pink,enlarging,bulbous,silky,silky,pink,buff,partial,white,one,large,chocolate,several,woods
5792,convex,smooth,buff,bruises,foul,free,close,broad,pink,tapering,bulbous,fibrous,smooth,white,white,partial,white,one,pendant,chocolate,several,urban
1268,flat,scaly,brown,bruises,pungent,free,close,narrow,black,enlarging,equal,smooth,smooth,white,white,partial,white,one,pendant,black,several,urban
5360,flat,scaly,yellow,no_bruises,foul,free,close,broad,chocolate,enlarging,bulbous,silky,silky,buff,buff,partial,white,one,large,chocolate,solitary,paths
5081,convex,scaly,yellow,no_bruises,foul,free,close,broad,pink,enlarging,bulbous,silky,silky,brown,buff,partial,white,one,large,chocolate,solitary,grasses
713,convex,smooth,white,bruises,anise,free,close,broad,white,enlarging,club,smooth,smooth,white,white,partial,white,one,pendant,brown,scattered,meadows
905,convex,smooth,yellow,bruises,anise,free,close,broad,white,enlarging,club,smooth,smooth,white,white,partial,white,one,pendant,brown,numerous,meadows
4706,convex,scaly,yellow,no_bruises,foul,free,close,broad,chocolate,enlarging,bulbous,silky,silky,pink,buff,partial,white,one,large,chocolate,solitary,grasses
4488,convex,scaly,gray,no_bruises,foul,free,close,broad,pink,enlarging,bulbous,silky,silky,pink,pink,partial,white,one,large,chocolate,several,woods
1065,flat,scaly,white,bruises,pungent,free,close,narrow,black,enlarging,equal,smooth,smooth,white,white,partial,white,one,pendant,black,scattered,urban
4259,flat,fibrous,yellow,no_bruises,foul,free,close,broad,gray,enlarging,bulbous,silky,silky,brown,pink,partial,white,one,large,chocolate,solitary,woods
789,convex,scaly,brown,bruises,pungent,free,close,narrow,black,enlarging,equal,smooth,smooth,white,white,partial,white,one,pendant,brown,scattered,grasses
1352,flat,smooth,brown,no_bruises,none,free,crowded,broad,black,tapering,equal,fibrous,fibrous,white,white,partial,white,one,evanescent,brown,scattered,grasses
3094,convex,fibrous,gray,no_bruises,foul,free,close,broad,pink,enlarging,bulbous,silky,silky,brown,buff,partial,white,one,large,chocolate,several,grasses
3943,convex,scaly,gray,bruises,none,free,close,broad,pink,tapering,bulbous,smooth,smooth,white,pink,partial,white,one,pendant,black,solitary,woods
2925,convex,scaly,gray,bruises,none,free,close,broad,brown,tapering,bulbous,smooth,smooth,pink,white,partial,white,one,pendant,black,solitary,woods
3040,flat,scaly,red,bruises,none,free,close,broad,pink,tapering,bulbous,smooth,smooth,white,gray,partial,white,one,pendant,black,several,woods
1627,convex,fibrous,brown,no_bruises,none,free,crowded,broad,chocolate,tapering,equal,fibrous,smooth,white,white,partial,white,one,evanescent,brown,scattered,grasses
5208,flat,scaly,yellow,no_bruises,foul,free,close,broad,chocolate,enlarging,bulbous,silky,silky,pink,brown,partial,white,one,large,chocolate,several,grasses
4386,flat,fibrous,yellow,no_bruises,foul,free,close,broad,gray,enlarging,bulbous,silky,silky,buff,brown,partial,white,one,large,chocolate,solitary,grasses
3587,convex,fibrous,red,bruises,none,free,close,broad,pink,tapering,bulbous,smooth,smooth,pink,gray,partial,white,one,pendant,black,solitary,woods
4338,convex,fibrous,gray,no_bruises,foul,free,close,broad,gray,enlarging,bulbous,silky,silky,brown,pink,partial,white,one,large,chocolate,several,woods
514,sunken,fibrous,gray,no_bruises,none,free,close,narrow,brown,enlarging,equal,smooth,smooth,white,white,partial,white,one,pendant,brown,several,urban
4782,flat,fibrous,gray,no_bruises,foul,free,close,broad,gray,enlarging,bulbous,silky,silky,buff,pink,partial,white,one,large,chocolate,solitary,paths
3062,convex,smooth,white,no_bruises,creosote,free,crowded,narrow,gray,enlarging,bulbous,smooth,smooth,white,white,partial,white,one,pendant,black,several,woods
2185,flat,fibrous,brown,bruises,none,free,close,broad,pink,tapering,bulbous,smooth,smooth,gray,gray,partial,white,one,pendant,black,several,woods
2472,convex,fibrous,gray,bruises,none,free,close,broad,pink,tapering,bulbous,smooth,smooth,white,gray,partial,white,one,pendant,brown,several,woods
2674,flat,fibrous,brown,bruises,none,free,close,broad,white,tapering,bulbous,smooth,smooth,white,pink,partial,white,one,pendant,brown,solitary,woods
3545,convex,fibrous,gray,no_bruises,foul,free,close,broad,chocolate,enlarging,bulbous,silky,silky,pink,pink,partial,white,one,large,chocolate,several,woods
380,bell,scaly,yellow,bruises,almond,free,close,broad,black,enlarging,club,smooth,smooth,white,white,partial,white,one,pendant,brown,scattered,grasses
4238,flat,fibrous,yellow,no_bruises,foul,free,close,broad,chocolate,enlarging,bulbous,silky,silky,buff,brown,partial,white,one,large,chocolate,several,woods
1276,flat,smooth,white,bruises,pungent,free,close,narrow,black,enlarging,equal,smooth,smooth,white,white,partial,white,one,pendant,black,scattered,urban
3631,convex,fibrous,gray,no_bruises,foul,free,close,broad,gray,enlarging,bulbous,silky,silky,brown,brown,partial,white,one,large,chocolate,solitary,paths
5183,flat,scaly,yellow,no_bruises,foul,free,close,broad,gray,enlarging,bulbous,silky,silky,buff,pink,partial,white,one,large,chocolate,solitary,woods
3828,flat,scaly,red,bruises,none,free,close,broad,pink,tapering,bulbous,smooth,smooth,gray,pink,partial,white,one,pendant,black,solitary,woods
2056,flat,fibrous,white,no_bruises,none,free,crowded,broad,black,tapering,equal,fibrous,fibrous,white,white,partial,white,one,evanescent,black,scattered,grasses
2492,convex,fibrous,red,bruises,none,free,close,broad,brown,tapering,bulbous,smooth,smooth,gray,white,partial,white,one,pendant,brown,solitary,woods
2601,flat,fibrous,brown,bruises,none,free,close,broad,purple,tapering,bulbous,smooth,smooth,white,white,partial,white,one,pendant,black,solitary,woods
5348,flat,smooth,gray,bruises,foul,free,close,broad,pink,tapering,bulbous,fibrous,smooth,white,white,partial,white,one,pendant,chocolate,several,urban
2855,flat,fibrous,brown,bruises,none,free,close,broad,white,tapering,bulbous,smooth,smooth,gray,gray,partial,white,one,pendant,brown,solitary,woods
4092,flat,fibrous,yellow,no_bruises,foul,free,close,broad,chocolate,enlarging,bulbous,silky,silky,buff,buff,partial,white,one,large,chocolate,several,woods
4171,convex,smooth,buff,bruises,foul,free,close,broad,white,tapering,bulbous,fibrous,smooth,white,white,partial,white,one,pendant,chocolate,scattered,urban
2242,flat,smooth,white,bruises,pungent,free,close,narrow,white,enlarging,equal,smooth,smooth,white,white,partial,white,one,pendant,black,several,grasses
2064,convex,fibrous,brown,bruises,none,free,close,broad,brown,tapering,bulbous,smooth,smooth,pink,white,partial,white,one,pendant,brown,several,woods
4302,convex,fibrous,yellow,no_bruises,foul,free,close,broad,gray,enlarging,bulbous,silky,silky,pink,pink,partial,white,one,large,chocolate,several,woods
429,convex,smooth,white,no_bruises,none,free,crowded,broad,pink,tapering,equal,fibrous,fibrous,white,white,partial,white,one,evanescent,black,abundant,grasses
3594,flat,scaly,gray,bruises,none,free,close,broad,white,tapering,bulbous,smooth,smooth,pink,gray,partial,white,one,pendant,black,solitary,woods
3851,convex,fibrous,red,bruises,none,free,close,broad,brown,tapering,bulbous,smooth,smooth,white,white,partial,white,one,pendant,brown,solitary,woods
4651,convex,scaly,yellow,no_bruises,foul,free,close,broad,chocolate,enlarging,bulbous,silky,silky,buff,pink,partial,white,one,large,chocolate,solitary,grasses
478,bell,scaly,white,bruises,almond,free,close,broad,white,enlarging,club,smooth,smooth,white,white,partial,white,one,pendant,brown,numerous,grasses
1546,convex,scaly,red,bruises,none,free,close,broad,purple,tapering,bulbous,smooth,smooth,gray,gray,partial,white,one,pendant,black,solitary,woods
548,flat,fibrous,gray,no_bruises,none,free,close,narrow,gray,enlarging,equal,smooth,smooth,white,white,partial,white,one,pendant,brown,several,urban
5793,convex,scaly,yellow,no_bruises,foul,free,close,broad,chocolate,enlarging,bulbous,silky,silky,pink,buff,partial,white,one,large,chocolate,solitary,paths
4242,flat,fibrous,gray,no_bruises,foul,free,close,broad,gray,enlarging,bulbous,silky,silky,pink,buff,partial,white,one,large,chocolate,several,grasses
246,convex,smooth,white,bruises,anise,free,close,broad,white,enlarging,club,smooth,smooth,white,white,partial,white,one,pendant,brown,scattered,grasses
4804,flat,scaly,gray,no_bruises,foul,free,close,broad,gray,enlarging,bulbous,silky,silky,buff,brown,partial,white,one,large,chocolate,solitary,grasses
3914,flat,fibrous,yellow,no_bruises,foul,free,close,broad,gray,enlarging,bulbous,silky,silky,pink,buff,partial,white,one,large,chocolate,solitary,grasses
2453,convex,fibrous,gray,no_bruises,none,free,crowded,broad,black,tapering,equal,smooth,fibrous,white,white,partial,white,one,evanescent,brown,abundant,grasses
4836,convex,smooth,white,no_bruises,creosote,free,close,narrow,pink,enlarging,bulbous,smooth,smooth,white,white,partial,white,one,pendant,brown,several,woods
1090,convex,scaly,yellow,bruises,anise,free,close,broad,white,enlarging,club,smooth,smooth,white,white,partial,white,one,pendant,black,scattered,grasses
2037,convex,smooth,brown,no_bruises,none,free,crowded,broad,black,tapering,equal,fibrous,smooth,white,white,partial,white,one,evanescent,black,scattered,grasses
357,flat,scaly,brown,bruises,almond,free,close,broad,pink,enlarging,rooted,smooth,scaly,white,white,partial,white,one,pendant,brown,solitary,paths
524,convex,smooth,brown,bruises,pungent,free,close,narrow,brown,enlarging,equal,smooth,smooth,white,white,partial,white,one,pendant,brown,scattered,urban
2785,flat,fibrous,gray,bruises,none,free,close,broad,pink,tapering,bulbous,smooth,smooth,gray,gray,partial,white,one,pendant,black,several,woods
5785,flat,scaly,yellow,no_bruises,foul,free,close,broad,gray,enlarging,bulbous,silky,silky,pink,pink,partial,white,one,large,chocolate,solitary,paths
2435,convex,fibrous,gray,bruises,none,free,close,broad,pink,tapering,bulbous,smooth,smooth,gray,white,partial,white,one,pendant,black,several,woods
1760,convex,smooth,gray,no_bruises,none,free,crowded,broad,black,tapering,equal,fibrous,fibrous,white,white,partial,white,one,evanescent,black,scattered,grasses
4564,convex,fibrous,yellow,no_bruises,foul,free,close,broad,pink,enlarging,bulbous,silky,silky,buff,pink,partial,white,one,large,chocolate,several,woods
3528,flat,scaly,gray,bruises,none,free,close,broad,pink,tapering,bulbous,smooth,smooth,pink,white,partial,white,one,pendant,black,several,woods
3792,flat,scaly,brown,bruises,none,free,close,broad,white,tapering,bulbous,smooth,smooth,gray,white,partial,white,one,pendant,black,several,woods
2637,convex,scaly,gray,bruises,none,free,close,broad,brown,tapering,bulbous,smooth,smooth,pink,gray,partial,white,one,pendant,brown,solitary,woods
4366,flat,smooth,buff,bruises,foul,free,close,broad,chocolate,tapering,bulbous,smooth,smooth,white,white,partial,white,one,pendant,chocolate,several,urban
2305,convex,scaly,gray,bruises,none,free,close,broad,white,tapering,bulbous,smooth,smooth,pink,gray,partial,white,one,pendant,black,several,woods
1982,convex,fibrous,white,no_bruises,none,free,crowded,broad,chocolate,tapering,equal,fibrous,fibrous,white,white,partial,white,one,evanescent,black,scattered,grasses
4181,flat,scaly,gray,no_bruises,foul,free,close,broad,chocolate,enlarging,bulbous,silky,silky,buff,pink,partial,white,one,large,chocolate,several,paths
730,convex,scaly,white,bruises,anise,free,close,broad,white,enlarging,club,smooth,smooth,white,white,partial,white,one,pendant,black,scattered,meadows
3858,flat,fibrous,red,bruises,none,free,close,broad,brown,tapering,bulbous,smooth,smooth,pink,gray,partial,white,one,pendant,brown,several,woods
1857,convex,fibrous,yellow,bruises,almond,free,crowded,narrow,white,tapering,bulbous,smooth,smooth,white,white,partial,white,one,pendant,brown,several,woods
495,convex,scaly,yellow,bruises,almond,free,close,broad,white,enlarging,rooted,smooth,scaly,white,white,partial,white,one,pendant,black,scattered,grasses
3175,convex,fibrous,pink,no_bruises,creosote,free,crowded,narrow,gray,enlarging,bulbous,smooth,smooth,white,white,partial,white,one,pendant,black,several,woods
2506,convex,scaly,red,bruises,none,free,close,broad,purple,tapering,bulbous,smooth,smooth,pink,pink,partial,white,one,pendant,brown,solitary,woods
4722,convex,fibrous,yellow,no_bruises,foul,free,close,broad,gray,enlarging,bulbous,silky,silky,pink,pink,partial,white,one,large,chocolate,several,grasses
