R&D Spend,Administration,Marketing Spend,State,Profit
24967.87,141561.98,13309.33,California,56387.42
80957.01,171801.3,0.0,California,85070.65
59229.85,,35914.66,Florida,57781.05
96902.98,120396.7,113669.24,Florida,102467.54
,125940.06,149606.63,Florida,73350.78
24102.82,97655.65,65117.88,New York,32709.07
33932.43,91198.2,177455.03,California,52664.25
31134.69,109601.02,65372.89,California,44937.78
49450.43,114116.76,211958.3,California,48208.24
77345.13,108983.93,121888.83,New York,87553.56
84973.04,138005.22,68477.52,Florida,78125.38
16174.0,132322.82,88379.01,Florida,12289.28
105314.61,97161.9,146464.02,New York,106286.24
62510.9,117471.46,69722.44,California,63354.05
56392.0,114341.21,121396.29,New York,74948.13
123331.04,,125324.34,New York,139204.12
72265.61,145662.64,74917.27,Florida,76312.19
26955.19,91588.42,43188.79,Florida,51666.23
20319.02,105233.63,10526.33,Florida,38295.26
67124.69,139373.14,0.0,California,65058.07
85560.17,138770.43,113369.07,New York,107272.01
83290.85,73685.69,159637.58,New York,99715.55
46833.38,89271.03,115318.59,New York,70662.96
111148.5,139591.98,245614.14,California,104283.89
120403.29,121286.73,250624.61,California,118224.49
102521.96,120161.39,132087.89,California,108897.65
61185.2,132929.42,140970.38,California,83891.32
117608.33,113025.92,64068.79,California,118577.69
82141.94,169604.81,98975.09,Florida,89297.05
147642.3,,241722.85,New York,157127.18
24671.97,105244.15,192330.65,New York,36311.15
36231.39,112947.59,0.0,California,44670.68
83848.95,86903.45,53616.8,New York,95039.74
73034.67,120913.27,,New York,96456.8
25702.3,99222.45,74925.7,New York,27022.85
,73837.0,153726.12,New York,66197.21
98328.76,105535.39,32208.12,California,106593.13
,135652.5,114512.1,California,85524.86
132514.57,126617.37,120052.18,New York,135738.1
101120.62,112710.07,52440.89,California,94860.75
81738.86,115207.13,98887.04,California,85361.6
102612.01,134829.23,0.0,California,89986.7
69329.86,112815.66,218696.62,California,80376.46
44298.65,117144.29,152124.17,Florida,55371.82
37273.11,133640.59,139269.97,New York,61591.19
84994.32,111440.53,180211.78,Florida,89090.5
10438.62,117357.13,110454.4,California,23880.08
123137.55,117995.13,160613.4,Florida,132448.15
124036.91,,6797.5,California,120862.95
59140.25,80725.19,196098.47,New York,66827.21
70649.11,123201.29,166597.79,California,90761.13
172000.0,102746.59,120192.14,New York,157238.68
43123.67,133316.6,91245.41,Florida,43834.39
42961.07,138441.78,51162.56,California,53185.88
172000.0,134617.89,215557.59,California,169187.2
47706.54,113860.9,242645.63,Florida,59066.82
104322.19,146042.18,15005.19,California,108648.69
37136.87,89532.69,37293.02,New York,49760.99
102895.48,156540.45,,California,102050.05
23891.87,172050.33,72983.01,Florida,26251.38
64406.72,104139.62,224311.59,California,85599.73
93852.66,128674.06,33775.86,New York,103814.59
107401.07,114769.5,246614.45,California,127689.48
73359.03,129915.32,146463.28,Florida,64276.32
28999.4,115149.59,106585.57,Florida,24559.92
,136213.34,207813.3,Florida,137944.18
,154474.59,,California,111484.52
86520.97,130535.12,155960.91,Florida,87989.22
39511.5,127401.52,84826.51,Florida,42551.36
110494.31,110344.47,88408.09,California,114502.92
65057.95,,197075.98,California,86043.54
39845.59,106137.43,96293.81,New York,51085.47
33984.72,169446.85,113220.34,California,32547.73
172000.0,83050.97,79170.71,New York,155634.6
137260.08,80869.23,140221.93,New York,115576.94
64981.66,136779.55,168420.21,Florida,61653.45
34330.94,159912.44,21005.38,New York,36990.11
34693.35,97477.84,104197.07,California,56533.08
88049.06,125242.13,0.0,New York,84232.73
90522.25,125556.13,230706.52,New York,97448.29
35175.09,142197.0,-3986.9834519760234,California,56511.18
121379.34,102481.16,31541.6,California,116996.85
75227.3,63889.08,84845.91,Florida,65593.29
65960.91,172462.54,166885.29,Florida,72869.08
77784.96,98865.45,133263.81,New York,83606.1
80384.9,152401.02,259202.38,Florida,81336.42
66872.52,137881.87,84911.34,California,67698.8
90884.05,153900.46,0.0,Florida,84279.2
35443.03,140307.85,89168.03,New York,56047.85
105981.46,133599.67,172880.68,California,116604.91
44385.08,,144416.52,California,52397.31
103663.02,121018.37,203245.92,California,96740.01
58497.41,,203488.89,California,55292.09
110396.1,160006.78,205958.62,New York,132294.84
34043.11,130892.09,44198.18,California,61148.1
94423.68,98156.73,153142.25,California,84047.54
158758.43,158061.81,331748.99,New York,150853.99
24032.82,155352.61,144583.81,Florida,49995.01
166476.41,118565.37,157712.76,California,177676.02
47903.14,138837.96,16485.07,New York,84825.74
76455.39,144613.79,121437.57,Florida,73075.57
62069.95,136600.07,3003.05,California,64836.85
87845.82,72975.1,1014.66,California,77706.75
85876.03,92751.84,108445.24,California,97485.7
10508.87,170805.55,119130.32,Florida,18993.34
52517.31,86089.74,145226.16,California,57897.79
90522.25,125556.13,230706.52,New York,97448.29
108131.46,111672.95,72063.11,New York,110823.02
93604.3,98221.02,22016.18,California,88975.1
38851.99,148441.4,114801.35,Florida,40563.9
90345.88,108310.83,0.0,Florida,74095.23
128873.03,95345.34,117231.58,California,140870.78
-61979.13688160116,146371.8,282186.1,California,70520.74
,183000.0,23168.25,Florida,104850.7
124818.99,,276132.38,California,132533.35
112024.81,84228.3,0.0,Florida,121552.71
,153938.25,,Florida,59699.58
88444.6,,58280.82,California,89529.03
76389.75,133568.49,224699.69,Florida,74494.86
172000.0,119667.0,246177.26,New York,184672.11
161719.51,156061.03,159131.77,Florida,159037.37
20286.09,108035.48,25379.93,California,43759.75
31097.54,99567.2,16118.52,California,47857.84
34441.6,140696.42,161972.85,Florida,34477.32
,161032.13,22257.96,Florida,97766.1
147219.81,98499.14,114643.6,Florida,145618.56
84182.36,143725.99,93678.8,New York,78981.5
20198.51,100632.28,14689.63,New York,33700.5
125428.59,113226.83,147285.15,Florida,121884.39
5137.34,102217.52,0.0,California,32765.96
61396.22,104588.28,110178.1,Florida,72217.41
139809.44,103099.95,177030.57,New York,161069.03
,113789.47,105595.7,Florida,55466.02
54180.33,109085.16,97408.33,New York,26216.99
88287.74,130593.51,204373.18,Florida,87803.75
10499.76,107743.02,104339.58,Florida,20667.98
63104.29,180086.42,0.0,Florida,68286.25
74369.18,120464.9,235054.19,California,79523.91
21284.97,106182.45,33065.0,New York,22566.28
310159.6249357408,147393.3,118178.55,California,81318.55
113619.1,149968.8,240257.36,Florida,124459.25
67026.68,90478.42,130481.55,Florida,91070.83
172000.0,103195.87,148286.53,New York,164153.75
10991.19,78800.87,110234.39,New York,35700.56
96974.13,164751.84,114272.08,California,102579.62
51034.56,122478.25,50130.17,New York,64280.34
120729.59,142408.81,78584.85,New York,118785.88
86746.26,147204.65,195848.48,Florida,96546.81
119950.32,149904.7,184389.47,Florida,98718.41
99802.29,,,Florida,107262.03
108281.5,98139.57,74106.42,California,111043.49
79157.4,113435.82,142339.67,New York,87459.51
172000.0,109673.91,123136.16,California,158213.32
112798.5,104664.48,318924.62,Florida,111903.5
24968.26,183000.0,62783.04,New York,52978.18
96535.3,86613.56,72117.92,California,116907.88
91860.85,142818.7,0.0,California,90756.44
51875.86,146375.6,94322.0,Florida,49716.47
125814.8,161256.64,130133.03,California,124773.26
82753.84,131291.49,54107.47,New York,75732.52
61910.71,93248.29,44858.04,California,63720.07
114796.24,138531.93,92784.01,Florida,111835.01
116148.48,150381.17,195450.17,New York,125724.19
118149.9,138454.58,160669.89,Florida,95638.52
51640.01,173277.09,126830.81,Florida,48358.34
82763.61,125616.91,98849.98,California,85732.75
54324.84,91047.42,0.0,California,72856.91
92920.71,127473.9,78727.49,California,93325.9
130316.86,147555.82,74141.85,California,113510.25
104813.36,103460.78,155526.51,Florida,99299.38
86726.57,104417.59,13874.68,California,94689.93
21982.3,113448.08,226835.13,New York,54844.01
75148.7,90139.81,77381.08,Florida,69017.27
33092.01,133957.41,212915.33,California,53085.43
33299.24,139880.0,0.0,Florida,30916.08
26300.9,157143.72,4767.18,Florida,34290.36
26284.58,99622.24,,California,49431.71
172000.0,164015.54,245681.08,California,154109.86
60903.48,152639.72,120828.76,New York,86817.32
134378.01,138205.57,148668.43,California,137976.42
172000.0,110883.58,269424.79,California,171866.55
61012.6,96560.54,134448.76,Florida,82003.06
75750.21,134613.19,183208.73,Florida,88955.65
106251.53,,134585.4,California,112166.75
79072.73,164312.43,149692.63,California,92741.72
52362.98,115964.73,4968.46,New York,57266.87
20302.51,,45027.75,California,34839.27
34686.44,154752.35,92734.82,California,53530.35
24214.96,94772.57,9981.7,California,43351.6
158318.02,109974.44,187892.48,New York,158837.74
88444.6,,58280.82,California,89529.03
81029.17,104531.96,48695.31,Florida,88892.07
13464.83,,90347.91,New York,32447.62
57217.06,124993.42,60633.84,New York,75286.09
85526.48,121098.34,162363.4,New York,82367.62
73653.91,131901.56,0.0,New York,84193.77
84730.04,150117.71,135964.06,California,88271.54
72505.82,-149983.6111978333,69449.24,California,94128.18
172000.0,94695.52,152805.27,New York,166314.62
26746.03,133079.22,7649.5,California,30577.12
54879.97,183000.0,58253.05,New York,71510.35
111378.12,108365.21,96436.84,Florida,106099.08
53188.41,151661.13,179799.32,Florida,57394.3
61430.33,,36849.35,California,80923.2
172000.0,167334.17,91452.22,Florida,158010.29
53690.86,108718.3,80448.44,New York,72978.68
67269.3,105841.99,117349.44,New York,80363.28
147927.5,127222.11,147981.6,California,129574.06
116081.72,164850.92,97242.28,New York,112787.43
,114083.58,88692.37,Florida,155935.45
52425.25,100515.08,0.0,California,65919.06
172000.0,123209.34,105476.31,California,162149.72
52101.57,88671.87,183629.29,California,71157.44
,132880.98,83727.41,California,44013.63
129968.52,102600.97,143426.44,Florida,125422.11
147642.3,,241722.85,New York,157127.18
115092.64,132518.18,173210.77,Florida,98948.87
21469.0,140777.24,123034.89,Florida,34578.42
115878.38,104502.75,83364.22,New York,124278.9
63156.04,134755.78,,New York,71055.7
,73829.08,75342.32,California,106755.26
9622.61,103120.25,107502.91,California,28632.25
172000.0,141997.84,27105.48,California,159582.39
33388.57,56581.52,95993.52,New York,43563.94
86754.69,134471.95,130954.77,Florida,96919.17
36801.29,116354.27,183803.06,New York,68324.77
94075.75,147449.87,59090.4,California,84701.9
75881.85,87963.53,234248.44,New York,76984.58
147904.02,131152.08,292453.34,Florida,152347.75
26767.18,80885.92,113437.33,California,39617.99
71774.41,95528.94,178063.4,New York,80397.9
76111.05,95583.57,97415.47,California,94206.52
67080.88,174840.76,181414.23,California,90534.62
83735.36,120987.84,134403.21,California,96431.29
112444.29,88153.73,11092.67,California,106699.69
43680.54,150273.82,261257.62,Florida,62927.72
72265.61,145662.64,74917.27,Florida,76312.19
39141.51,136198.32,9343.69,Florida,28923.81
47316.03,103228.14,69515.42,New York,65994.64
54717.74,123679.33,67884.68,California,64078.06
82292.48,115958.45,24072.12,Florida,93682.97
78123.54,140677.05,43262.3,New York,87389.28
49280.84,102532.51,187268.8,California,62980.42
73242.6,91051.07,165409.88,New York,87877.96
62978.61,87586.7,27173.97,New York,81984.56
94230.27,107777.88,70863.46,New York,96386.22
70441.28,141866.97,148160.59,New York,76049.09
,85872.39,189113.74,California,86253.39
71431.02,81548.18,9722.29,Florida,60252.78
114350.09,152250.89,116976.16,Florida,108762.6
,,125426.54,Florida,150590.4
,137178.45,151649.87,California,61356.47
-54859.201710515,145113.56,0.0,New York,58976.01
56580.45,151707.32,154683.65,New York,68008.49
141187.7,85760.29,140877.31,Florida,138346.31
88344.41,105167.33,82989.25,Florida,86058.95
121445.91,137348.33,,California,100479.71
103926.11,122344.15,27130.26,Florida,111940.32
172000.0,101811.67,133995.66,California,163333.63
83040.79,144184.05,164148.83,Florida,85583.47
130745.51,76905.97,204665.86,New York,133181.5
59808.28,129032.62,55127.09,New York,65245.19
172000.0,107513.57,172852.81,California,171820.48
115859.8,112288.64,178651.1,Florida,114360.85
65943.96,94386.8,84594.88,New York,83008.11
38387.49,128144.43,187632.15,California,61148.29
54458.2,150716.87,0.0,California,64346.38
42340.73,69416.38,0.0,Florida,58352.5
62061.47,,203738.38,Florida,77756.39
42355.06,97709.78,0.0,Florida,37930.01
,81719.31,165676.59,New York,81978.03
31460.72,79157.79,96074.79,Florida,51780.73
113098.08,137461.95,157189.11,California,119443.76
63452.47,51000.0,74718.88,California,69726.29
44888.45,116632.41,32565.01,Florida,63450.53
201588.36397250285,96909.67,79487.17,New York,50909.21
35176.24,154958.21,77385.69,Florida,57652.48
60733.42,122207.84,61131.54,California,74330.42
,159012.55,248646.29,New York,152398.3
62053.82,70684.25,59629.42,New York,76400.45
26844.41,147174.39,3425.679200904637,New York,44288.77
58127.65,103486.59,1886.69,New York,66645.81
172000.0,109397.0,186699.14,New York,172836.87
51094.32,133837.76,145901.83,New York,64766.97
32244.4,123667.56,28802.89,California,45015.2
65692.83,108839.6,206030.95,New York,77661.57
41881.68,158298.38,250522.29,New York,54878.63
110615.11,95047.8,225147.01,New York,109778.44
86151.68,144732.9,95135.66,Florida,70213.17
103926.11,122344.15,27130.26,Florida,111940.32
55332.83,123022.14,34850.01,New York,77054.88
58639.12,,150153.61,New York,56864.38
,134600.73,103016.71,Florida,50169.28
68462.31,91304.55,163635.82,Florida,79074.26
117661.74,132306.62,175983.9,California,123278.48
44498.94,87620.55,0.0,New York,59956.88
85900.72,138426.92,,California,88436.18
115024.36,105595.0,190781.95,New York,116731.22
84577.36,98068.15,101392.26,New York,94858.43
94642.53,183000.0,0.0,California,96428.67
71915.39,93947.11,178170.09,Florida,82467.94
172000.0,,142499.02,Florida,174255.55
55228.03,120545.42,27303.04,Florida,55869.11
61717.91,,145523.41,Florida,63733.98
22736.88,139077.28,105360.53,Florida,23204.77
67578.95,142077.5,75669.53,Florida,75493.14
36356.83,150756.16,156342.45,Florida,55260.19
36761.94,145399.99,62192.58,Florida,50459.33
41354.88,148542.95,158666.23,New York,47469.07
49168.6,106842.16,143864.23,Florida,42239.24
44898.77,134777.77,93356.13,New York,64770.79
24967.87,141561.98,13309.33,California,56387.42
76475.71,141469.16,189366.44,New York,88571.03
86651.5,100135.32,0.0,Florida,67312.03
65369.53,120687.67,639768.9924708533,New York,61372.39
82141.94,169604.81,98975.09,Florida,89297.05
138339.59,90469.31,313164.2613925872,Florida,125328.03
168943.65,76206.48,169319.9,New York,152887.99
90905.93,146988.43,0.0,Florida,88857.38
17728.77,162266.86,146475.32,New York,38980.65
70980.46,156375.53,91462.92,New York,73002.93
53486.06,129879.26,59981.75,New York,63712.03
116840.72,100743.48,35039.11,California,119589.46
172000.0,145638.15,222570.44,New York,163595.45
90235.53,111665.43,73438.55,New York,92459.88
35915.06,141129.07,77340.04,New York,52472.51
,183000.0,23168.25,Florida,104850.7
72137.15,125551.66,146011.76,New York,85880.28
41775.63,86889.04,,California,60190.55
58826.89,132273.71,117998.1,New York,73910.04
172000.0,,0.0,California,161079.72
75149.68,123845.86,128266.12,New York,81610.95
,129197.31,82343.8,New York,27370.05
108314.86,98366.06,107193.03,Florida,97453.94
66894.79,127906.23,124232.9,New York,75288.06
145208.3,158947.97,178731.37,Florida,139883.73
43347.48,127872.36,0.0,New York,69212.66
47162.37,94083.74,90847.23,New York,64479.84
129829.43,104931.36,196966.04,Florida,129957.54
75127.02,125593.81,,New York,85759.39
49110.13,115234.06,54944.84,New York,53502.13
77385.74,80237.32,25515.87,New York,86115.59
,125097.22,0.0,California,64253.54
10438.62,117357.13,110454.4,California,23880.08
65229.7,144611.57,56644.87,New York,81871.2
32348.59,88440.59,87673.55,New York,36826.12
73789.57,120710.65,141789.07,New York,73298.54
106914.73,80268.54,245959.99,Florida,118747.49
12306.45,82056.92,,New York,37779.78
139784.41,-88770.78185535404,222937.72,Florida,127302.6
69455.19,129210.95,84895.33,Florida,75483.25
94362.56,146098.25,194426.23,New York,94668.51
38698.81,148879.05,75135.85,Florida,54543.48
169406.33,79670.9,150023.82,New York,168780.8
85855.01,149568.51,,New York,78467.26
38784.72,137628.39,263585.44,California,40689.12
35723.89,94042.5,156993.98,Florida,49107.82
84589.52,119507.03,73765.9,California,90382.65
148442.96,168194.72,126583.19,New York,135953.88
,136472.03,93306.81,New York,72053.65
38316.34,,95876.2,California,47532.52
,148643.68,119693.58,California,113125.14
59159.78,126605.12,133087.62,New York,79713.96
102789.81,115095.95,70632.35,New York,83547.96
56822.82,136190.64,116663.2,New York,64599.3
156360.41,101312.35,77984.91,Florida,136517.56
87566.64,142449.44,95565.85,New York,98579.28
22776.28,129469.56,114876.49,California,45060.69
77268.29,100386.57,163133.32,California,95819.51
69417.68,126305.92,60679.68,Florida,58948.83
53725.07,157552.44,117074.87,Florida,67574.99
141814.32,165449.15,95675.97,California,155863.02
38826.61,140868.41,33435.71,Florida,53711.07
158758.43,,161646.61,New York,148102.93
12758.93,130267.97,0.0,California,35783.82
,153938.25,,Florida,59699.58
62808.4,150062.21,235989.4,Florida,88396.73
22808.54,147343.55,89672.43,Florida,35460.22
74324.95,114637.75,56632.71,California,80742.11
104252.67,66667.59,19003.56,New York,101145.71
30433.83,106185.77,152398.54,New York,46743.2
131183.84,135694.15,222446.19,New York,121127.68
150428.44,128113.12,106227.93,New York,129200.15
,115365.73,0.0,California,102098.25
67470.75,174574.83,122693.03,California,83052.44
65400.31,158657.56,94004.35,California,86284.29
58237.39,111050.02,111130.94,California,74772.81
172000.0,87644.53,,Florida,147584.05
91643.32,102733.52,0.0,Florida,100229.68
67746.08,119001.29,66934.06,California,99088.16
110355.77,114458.29,154952.55,Florida,111924.58
157708.27,145715.96,202497.63,California,126410.58
47420.63,136424.71,176499.4,New York,71105.6
67795.17,109379.7,746.9,New York,66077.3
19609.14,123461.35,,California,25923.28
50608.33,142605.19,68229.78,New York,54184.53
90905.93,146988.43,0.0,Florida,88857.38
150397.2,151517.14,80894.49,California,145876.37
46462.76,108032.96,14348.82,California,42744.08
172000.0,141983.7,45924.48,California,173984.83
64919.63,113858.0,79015.25,California,80470.46
55453.13,135414.92,0.0,Florida,72482.02
50932.15,77140.79,,Florida,66142.82
14158.1,126793.53,151001.84,New York,22294.82
85160.88,183000.0,278915.54,California,111119.62
242668.98237853908,152955.62,70721.24,New York,52314.62
66325.87,109247.98,131207.68,New York,80343.63
43324.42,90538.63,130059.41,New York,77390.82
89165.35,109873.17,115901.08,Florida,90515.77
109922.32,113881.03,223596.19,New York,117474.57
79384.31,156745.87,,New York,89207.95
71975.18,,3263.31,Florida,88152.33
74695.42,151883.8,66766.93,New York,78088.83
10991.19,78800.87,110234.39,New York,35700.56
65823.91,162155.69,92252.27,New York,78552.16
25164.87,131680.46,0.0,Florida,30566.02
82893.91,168311.9,189335.42,Florida,90659.61
164387.35,116206.62,124413.8,New York,156469.64
28630.58,183000.0,139533.48,California,42766.47
128520.4,97423.33,198621.08,California,126153.34
172000.0,162773.37,181289.0,California,175855.66
167353.83,93385.3,163378.96,California,151094.08
42404.94,137879.3,432556.62686445547,New York,69480.55
125415.11,140651.06,128448.6,Florida,123735.96
35325.94,153414.83,,California,68343.45
51694.03,104384.7,160315.12,California,66206.8
13012.24,126199.64,94389.37,California,32901.95
115454.09,95486.24,93367.67,New York,100523.64
41162.28,183000.0,0.0,Florida,66548.74
72485.45,150352.27,100509.12,California,67962.99
65689.26,100293.87,52074.98,New York,67040.22
26012.27,132653.53,60551.86,New York,61822.76
65312.17,164709.17,123272.45,New York,74580.07
33660.33,162176.04,43970.41,New York,30742.0
76381.01,124327.23,,New York,80513.43
360173.1706216183,129302.21,154409.64,Florida,80824.04
38552.47,92058.57,0.0,Florida,44617.46
138083.85,106818.94,105445.01,New York,136043.8
78347.26,117542.3,0.0,California,79460.55
98988.61,111657.77,126554.23,Florida,91133.84
172000.0,85465.73,0.0,New York,155363.89
128520.4,97423.33,198621.08,California,126153.34
77898.01,102364.3,47825.54,New York,101672.79
159062.02,118905.26,191542.39,New York,144415.7
155886.17,87223.86,142767.02,California,144282.65
48852.13,121970.89,67906.12,Florida,57242.28
156672.56,128277.76,201293.7,California,171736.28
12437.2,115982.38,0.0,New York,35410.58
72485.45,150352.27,100509.12,California,67962.99
109265.72,132450.14,,New York,100117.62
27554.69,,61954.05,California,37595.83
62469.86,146116.19,147059.47,California,71046.12
21570.92,159000.47,106533.11,New York,45794.94
57198.15,128308.75,114911.95,California,66706.09
24831.31,121200.66,82752.31,Florida,36971.84
30578.44,86685.15,80580.82,Florida,38519.19
41970.46,105889.28,76218.6,New York,45044.29
57738.66,,184727.23,New York,84879.85
32843.84,,180959.72,Florida,35755.55
,92403.51,67203.54,New York,87782.24
75521.38,122387.03,97992.79,Florida,78944.47
22209.15,123048.75,117010.56,New York,32385.08
81356.72,135581.37,180276.87,New York,93573.7
65760.55,118691.41,47860.21,New York,65174.92
66373.56,99713.41,358087.1221144206,New York,79401.71
,175994.49,112325.63,Florida,75905.01
98972.28,106934.56,90117.95,New York,109543.94
66259.35,163236.1,166201.48,California,76128.16
69766.19,120836.94,36069.95,New York,75859.6
83616.51,115668.27,0.0,New York,86439.84
82586.33,110516.01,203484.21,California,106821.97
92902.81,171086.02,66262.24,Florida,94787.85
97428.62,120951.1,0.0,New York,101723.04
87549.24,75851.48,128536.45,New York,91777.32
63663.35,94775.62,146793.32,California,75547.74
112798.24,133153.1,194404.07,Florida,116179.35
60673.64,112690.37,10148.89,California,73360.3
145059.18,131756.69,142336.2,New York,140778.81
42404.94,137879.3,432556.62686445547,New York,69480.55
172000.0,162773.37,181289.0,California,175855.66
172000.0,96491.42,151863.08,California,166100.61
110125.29,131444.84,228183.94,Florida,121675.83
64009.29,152981.43,67236.69,Florida,59702.65
74072.33,117610.09,90841.59,New York,73670.17
73967.01,112370.36,126536.92,Florida,83328.97
92807.26,109147.16,168381.28,New York,109354.55
11054.3,134231.71,17467.3,New York,41259.17
61451.75,115100.64,119450.04,California,82041.25
68227.81,154910.15,,California,70377.54
93877.93,116262.94,207425.72,New York,98290.6
44708.32,153602.54,18512.83,California,73580.01
38718.26,123071.36,0.0,California,52400.3
52620.39,116078.1,152309.37,Florida,65660.84
115768.29,109390.27,135175.0,California,111022.17
33748.43,126831.7,57133.3,California,36167.31
16383.21,112290.48,15671.36,New York,42041.48
111656.14,105027.3,191105.32,New York,116201.07
130640.33,98460.5,191093.46,California,124461.97
69082.77,89561.68,104267.02,California,75586.06
59870.94,81756.35,292949.71,Florida,68571.63
111520.51,152413.4,83868.39,Florida,118366.49
27642.93,101673.45,37263.34,Florida,33606.66
116640.51,108004.22,85787.17,New York,122879.39
13653.85,136192.85,167960.05,Florida,41382.6
29074.77,114371.52,143553.06,New York,25127.84
121174.85,121767.72,281102.94,California,126780.1
82888.03,118515.29,147923.83,Florida,63214.82
22245.38,128170.79,162313.92,New York,44684.73
133587.61,126837.37,236107.38,California,137298.77
105502.41,85430.98,135202.29,New York,115101.7
91833.92,136868.34,137602.77,California,100350.03
51399.55,84118.38,131028.89,New York,75211.46
43859.55,105166.05,219599.44,California,64506.95
112296.35,68837.07,108042.69,Florida,97370.47
70441.28,141866.97,148160.59,New York,76049.09
49829.23,,41131.24,California,64914.32
112798.24,133153.1,194404.07,Florida,116179.35
43624.58,149707.81,224351.79478367048,Florida,54178.61
46597.65,117287.99,0.0,Florida,50693.71
25746.05,131046.3,61825.41,California,44429.83
64152.97,135263.61,52160.7,Florida,75856.3
50761.83,132735.18,123460.0,California,56655.97
84973.04,138005.22,68477.52,Florida,78125.38
89800.63,132928.39,178003.71,Florida,96655.25
119429.56,116084.24,55746.11,Florida,117416.0
33281.46,175606.78,121816.9,New York,39659.11
62431.17,119774.21,139667.33,Florida,57891.7
,81950.79,199547.63,California,99045.89
56369.01,98419.64,112161.03,California,63015.03
87933.1,135811.8,101769.59,New York,104672.12
32974.97,136311.27,0.0,New York,39180.55
26136.61,143467.44,94057.26,California,52610.64
,95258.89,167411.33,Florida,78500.92
98685.28,143819.24,169310.85,New York,98708.31
69088.14,102182.91,79689.14,California,78138.22
125038.49,131844.62,165919.74,California,131833.97
44641.68,183000.0,31112.17,California,57110.91
101469.13,114667.62,93370.2,California,108324.44
67091.91,72728.81,175929.93,California,82722.52
,148729.39,155627.61,New York,149541.87
89513.02,93762.09,192553.56,California,91955.46
97673.03,98508.1,63752.8,Florida,84162.84
70314.15,141055.62,38098.78,Florida,69244.91
86270.8,119404.3,135957.41,California,94589.73
63961.55,145691.93,83715.37,California,77089.75
51124.01,124095.8,150357.12,California,67291.65
29450.91,165284.18,3955.74,New York,36401.66
95878.36,,93573.82,New York,91181.31
115116.63,127180.19,,California,123340.27
124971.48,71592.43,70527.72,California,118018.75
120323.89,146312.83,109075.12,Florida,120175.32
61298.95,165876.38,0.0,New York,72813.86
126697.65,114667.24,111510.73,California,132857.75
117085.91,100831.58,168090.15,New York,130989.03
71261.76,83815.37,44563.63,New York,98801.74
172000.0,109397.0,186699.14,New York,172836.87
76075.48,95385.16,78796.86,Florida,85275.17
62667.34,134124.55,149722.69,New York,67162.05
15327.03,110452.84,24026.7,California,8236.52
107878.57,105786.33,49166.91,New York,94134.46
83996.2,136198.91,21035.65,California,98720.21
18089.72,145123.0,107903.01,California,29835.31
75102.6,91794.93,118731.8,California,90611.71
96303.4,120988.34,144453.94,California,98004.05
68382.99,72653.68,86751.33,New York,77307.05
33752.36,146424.93,75956.35,California,67745.23
21591.49,110329.18,158342.64,Florida,46364.87
172000.0,100001.34,218959.66,California,159942.26
99959.94,150483.58,100012.19,Florida,98286.66
86830.99,106815.24,102871.13,New York,100493.17
63974.23,149248.77,169978.17,California,69111.16
99379.13,144441.92,218265.46,Florida,101921.54
45185.18,109662.66,11541.75,California,66839.57
96080.76,,182560.12,California,99430.33
122079.71,111780.62,137337.96,California,114986.45
172000.0,111125.02,236197.05,California,167147.05
134335.4,122248.36,141929.85,New York,137578.02
57058.37,140898.69,177682.56,New York,60033.55
42073.88,97921.97,118746.8,California,51039.75
71652.05,105572.79,167294.94,New York,66877.05
72532.74,144681.07,64374.97,Florida,77150.3
88931.54,127283.38,93935.63,New York,101937.89
52115.21,121784.72,95728.94,New York,92959.44
44945.52,115582.58,0.0,Florida,48076.47
29129.03,132962.04,82658.85,California,60263.07
123634.82,103088.44,287108.58,Florida,109803.48
118091.78,,0.0,California,125194.07
29955.07,104608.36,83648.35,New York,34235.24
65760.55,118691.41,47860.21,New York,65174.92
55568.78,144440.28,101127.33,Florida,62704.36
16650.62,120416.0,20733.96,New York,52713.89
37550.27,170837.86,9370.56,California,57157.76
71652.05,105572.79,167294.94,New York,66877.05
53605.0,113086.04,6711.21,New York,63277.35
172000.0,,107988.56,California,158266.96
76977.95,132373.53,64881.77,New York,77579.15
45237.05,83590.0,151684.76,California,74517.57
147836.7,128668.79,145699.07,Florida,146172.7
101322.42,90032.81,34970.09,California,123269.22
52697.84,134687.78,135782.69,New York,53170.57
29888.37,135973.28,217203.43,California,57178.95
95758.2,102856.9,111953.28,New York,93706.23
65010.38,114765.4,156794.0,New York,80590.58
17676.67,88368.87,117146.11,California,43328.67
49961.54,109185.41,92756.82,Florida,60626.05
172000.0,100060.94,334676.22,Florida,159039.84
120428.69,144440.4,147894.68,California,129320.92
40584.25,165591.46,34792.79,New York,51283.62
29247.47,139942.38,11442.53,New York,39949.32
98112.49,136878.3,,Florida,94208.66
61436.01,122112.0,85855.03,Florida,72940.96
112308.71,146346.41,1966.67,New York,111957.23
143133.13,157913.25,8746.49,Florida,126441.93
48843.61,144335.2,125724.18,New York,59227.24
26635.32,142038.17,79386.41,California,60537.62
86741.8,129334.29,140292.77,New York,108524.87
97660.23,81822.2,98646.01,California,104307.31
58551.6,111607.28,162180.56,California,71729.26
151718.0,183000.0,79911.67,New York,137438.32
43644.65,102075.8,95867.73,Florida,68086.86
172000.0,145362.44,,New York,172512.84
107525.27,64925.22,30979.98,Florida,95611.02
53744.82,122635.67,105775.88,California,68366.32
77994.33,102097.12,53891.0,Florida,93185.34
62236.92,142249.57,205734.15,Florida,79593.79
57195.8,86669.19,285178.2,New York,68168.42
73371.79,72162.79,0.0,New York,93549.78
133867.63,,66648.63,New York,134208.24
74423.18,120029.94,154963.95,New York,93868.59
412182.9537476024,,88822.74,New York,76114.01
74278.52,183000.0,-39197.26673714727,New York,94432.25
80069.24,174816.4,144767.61,New York,88975.23
26275.05,143448.39,46229.89,New York,46201.05
28266.62,127939.98,114460.48,California,48663.96
34723.88,109311.48,79854.28,California,52734.94
67269.3,105841.99,117349.44,New York,80363.28
80698.9,119038.17,105369.44,New York,95488.58
29028.95,130760.87,140907.89,New York,44189.06
71399.98,87759.95,141861.61,New York,68477.55
144980.9,163909.67,143655.25,California,139138.5
67842.1,124219.66,20981.85,Florida,70844.19
50800.57,130447.0,159870.99,New York,77681.11
56352.35,158490.23,29307.1,New York,75576.13
33469.39,123823.52,76958.72,New York,40007.74
76063.92,121155.67,135197.36,California,76915.6
40853.47,172724.53,126266.7,New York,37118.7
52797.77,113517.66,177083.3,Florida,72760.64
78753.91,111045.23,449958.41521583474,Florida,64682.23
14865.07,135593.94,11858.93,California,40842.63
76290.49,78664.29,141182.81,New York,85815.53
21881.19,115073.68,,Florida,38227.58
37710.56,136140.8,39717.19,New York,61238.25
40174.29,129890.14,194391.9,California,65727.0
103791.98,88903.24,124413.89,Florida,114030.86
67567.74,128962.13,68967.45,New York,80045.71
103434.85,183000.0,151965.15,New York,105734.97
89340.47,140308.95,126561.21,Florida,83633.9
35347.07,130851.45,80413.76,Florida,38832.94
88095.26,128714.4,78590.04,New York,97977.29
133064.04,120400.59,78250.68,New York,127710.16
44543.87,101208.91,130999.59,New York,63898.88
115024.36,105595.0,190781.95,New York,116731.22
116015.18,109201.58,181121.82,New York,119686.63
69525.29,108421.8,149443.38,California,56519.52
62731.68,87002.41,0.0,Florida,66746.19
58573.26,141702.2,23481.6,Florida,74121.36
137389.28,147668.43,113932.54,Florida,132168.83
56953.49,128741.48,63540.45,Florida,73955.61
100695.55,131880.61,134792.82,Florida,102200.35
47480.8,115146.66,0.0,New York,58947.08
76138.8,100021.67,155954.13,California,82205.63
,89003.67,0.0,Florida,38019.35
,134252.51,140996.78,Florida,76895.57
113685.35,114740.26,82147.55,New York,106117.69
157637.81,112466.35,193993.26,Florida,148583.39
172000.0,141222.48,129993.27,New York,143636.38
,141511.01,,California,68345.74
90261.58,120128.04,142391.25,California,102303.71
172000.0,115429.22,91775.49,Florida,159268.51
161692.86,175418.17,79894.26,Florida,139427.48
94213.38,110269.44,92239.98,New York,109147.51
80171.87,183000.0,0.0,New York,79717.67
58873.15,142121.17,147603.78,Florida,71379.66
95245.16,,197033.36,California,97760.05
66417.86,53746.19,206806.19,New York,83093.08
22146.5,155783.02,27131.29,Florida,34790.87
51893.67,124071.49,31.39,New York,59470.43
120929.28,,148127.05,California,116348.58
57406.66,122520.97,7384.9,New York,65926.51
,117385.59,157393.43,New York,33913.76
99745.28,131150.2,138646.51,California,115707.74
38493.31,74052.87,144758.85,Florida,48732.15
34323.91,77108.23,118860.34,Florida,51601.35
33116.22,104708.4,54962.13,California,44330.64
36304.85,128672.49,49033.97,New York,57370.53
154664.52,83594.28,,New York,151388.59
57141.81,114613.43,187869.53,Florida,58055.33
18460.7,99209.31,160525.42,California,31314.97
85008.52,138129.68,38868.66,New York,79028.21
76943.47,,85335.58,California,89666.15
153133.98,144122.38,260240.02,Florida,135225.73
32521.44,106608.55,0.0,California,67474.93
18999.45,114969.69,28259.34,California,31374.44
84412.57,78850.48,66686.36,New York,84281.94
31985.79,100374.21,73320.97,New York,49059.64
20370.81,135299.36,68873.31,California,29320.21
115744.96,120339.36,106886.53,California,112292.33
60175.85,92521.95,44498.25,New York,59419.19
70649.11,123201.29,166597.79,California,90761.13
76566.16,117547.95,,Florida,76655.9
4494.44,,157187.09,New York,37987.8
24165.95,96336.57,,New York,51430.34
47692.51,150115.74,159425.69,California,62401.92
127250.08,90392.93,,California,125027.7
51002.99,98820.23,60497.02,New York,67824.84
72506.08,150530.52,148702.52,California,80620.01
75539.13,123703.85,47360.51,New York,74722.33
71795.92,,207980.1,Florida,89436.81
79416.95,125683.07,22343.92,Florida,75445.37
34248.54,80774.31,91640.73,Florida,51524.92
91773.91,74067.77,,California,95750.1
122662.92,130331.69,144732.43,New York,116711.34
17728.77,162266.86,146475.32,New York,38980.65
47822.67,160170.13,19764.93,New York,48694.55
38182.48,90822.95,60954.73,Florida,45018.56
30125.98,,154267.16,California,40660.14
78464.0,104757.48,0.0,New York,86281.21
11385.65,157423.91,67030.91,California,33286.44
52153.09,51000.0,68392.91,New York,58673.83
91773.91,74067.77,,California,95750.1
67294.12,155981.99,90924.57,New York,77713.77
168231.65,172559.54,186483.98,California,162290.31
127643.42,,,California,142251.73
22195.66,154192.17,65560.04,Florida,36514.23
64745.7,131053.28,94217.02,California,73073.24
77727.24,118176.09,65403.61,California,80426.76
55690.42,100719.06,71701.95,California,41936.43
95173.65,114684.38,69359.57,New York,89459.46
29712.67,147892.33,94308.08,New York,46670.91
142348.81,99829.98,218195.5,California,150096.25
40798.64,93603.26,101986.16,Florida,39102.43
,147443.41,0.0,New York,95725.15
54902.62,148551.78,0.0,New York,60858.66
60237.22,83825.14,31008.0,Florida,58460.76
105076.54,132002.81,60684.23,Florida,86514.11
85514.62,145238.77,78781.59,Florida,73783.81
127552.08,119651.71,125721.26,Florida,119152.37
,104479.86,130042.66,New York,124523.22
50038.8,142267.76,131860.85,California,67965.38
36615.36,146554.81,172713.75,California,70199.44
63383.65,71752.69,107436.28,Florida,85439.04
61101.28,120308.81,94110.2,Florida,71448.74
25855.52,136021.92,29125.96,Florida,44807.53
113044.08,82592.01,93436.87,New York,115383.28
40602.95,149368.75,7041.56,California,47269.27
18981.2,,36973.84,Florida,28562.27
76987.97,135681.25,94340.83,California,82535.67
172000.0,117583.26,127144.18,California,158364.45
80101.8,,190707.85,California,87838.62
10338.61,126433.21,,New York,22995.16
169655.73,148090.38,131478.26,California,162225.64
158650.55,131285.35,158349.17,New York,163923.32
44552.47,,116283.55,New York,37884.68
12637.83,,56091.68,Florida,26982.33
86288.22,125280.3,117771.09,California,90835.12
133172.07,108417.28,155930.89,California,152126.12
42695.13,,151801.2,New York,61125.22
130813.49,103765.05,112951.06,New York,122574.12
60102.14,141717.18,116333.44,New York,80756.22
86532.36,137216.44,142903.92,California,89099.55
98427.48,80401.32,125285.96,New York,94050.62
77934.41,155917.36,100511.68,New York,76701.12
97080.53,89342.58,71185.81,Florida,88312.2
74950.76,101631.57,139853.03,Florida,76856.03
105669.78,118016.0,0.0,New York,112524.25
172000.0,112255.48,195227.72,Florida,170340.83
54266.45,149669.45,96334.11,Florida,64835.46
126183.95,,163312.91,New York,140783.01
172000.0,110883.58,269424.79,California,171866.55
35644.52,162973.93,96291.67,Florida,63810.87
142491.91,114038.75,185630.68,California,153080.1
28009.81,111368.62,90476.58,New York,36380.64
34723.88,109311.48,79854.28,California,52734.94
83189.21,103846.24,75360.04,New York,96352.93
43414.58,130183.4,4063.54,California,44969.71
54029.25,115831.25,133902.77,California,69154.42
65187.87,128635.03,98429.71,California,72107.4
93323.12,116830.38,232156.98,New York,107539.11
146724.02,144405.72,149013.97,Florida,132485.09
84073.38,118306.97,158750.74,Florida,91598.05
94572.09,87271.27,181619.18,New York,101802.15
48180.24,91101.89,0.0,New York,50922.57
47903.14,138837.96,16485.07,New York,84825.74
89097.73,136496.97,51828.23,California,92266.85
169406.33,79670.9,150023.82,New York,168780.8
68133.16,157104.42,194918.2,California,102973.62
27136.55,157030.4,68771.65,California,42161.44
48883.79,124039.7,82988.13,California,55619.23
124899.74,117795.25,207052.66,Florida,123939.96
118977.34,128422.17,54676.71,Florida,125745.67
155708.86,104580.13,118494.72,New York,140227.14
104044.0,150955.15,148490.5,New York,107504.66
41422.67,125041.49,78925.32,California,62679.78
98102.74,132463.46,163413.79,California,106130.92
53223.38,143022.24,229340.28,New York,44267.35
172000.0,112255.33,229218.43,California,156024.17
14344.44,98432.79,196839.99,New York,21660.69
81693.62,183000.0,181957.44,Florida,84873.68
4494.44,,157187.09,New York,37987.8
58146.5,129880.65,135117.05,Florida,73655.0
69654.62,149466.03,80665.64,New York,65377.88
138322.78,143305.64,143235.49,California,126197.95
81165.63,94558.72,61183.6,New York,91756.49
57129.62,123663.42,145038.17,Florida,65314.54
81356.72,135581.37,180276.87,New York,93573.7
65461.52,114876.21,,Florida,74560.55
25299.62,140106.71,114284.38,California,46982.32
172000.0,141230.41,78097.33,Florida,160056.28
57692.94,113356.49,35617.8,Florida,88822.42
102717.04,94085.99,0.0,Florida,97624.69
45547.05,109136.54,0.0,New York,47764.96
172000.0,,39275.26,California,160486.41
100198.78,66424.98,110208.43,California,110390.33
105769.64,127603.21,0.0,New York,99382.33
22724.75,148047.68,40614.92,New York,42069.02
127362.13,124793.67,187897.68,California,129543.66
89885.35,133607.99,123531.08,Florida,83285.31
46117.65,140304.39,108044.03,Florida,49243.57
161687.45,149353.95,182891.98,New York,158836.15
38593.14,119555.61,0.0,California,62304.1
130049.74,127965.97,105064.6,Florida,134271.02
102314.26,129096.85,52214.11,New York,104258.54
72279.86,,74247.51,Florida,73630.32
78810.81,,34528.81,New York,70583.56
90482.66,107084.59,,Florida,107355.32
100866.26,125085.27,142054.57,California,103272.63
59536.52,117373.1,,New York,67205.69
32264.51,142958.61,36731.21,Florida,47559.68
42868.82,110398.66,90190.75,New York,57134.4
75222.22,102302.1,93774.66,Florida,92331.09
110755.66,,20021.05,New York,107964.12
,104278.02,48194.71,New York,74928.28
115762.96,125364.65,112846.88,California,120490.75
113560.23,81151.46,65819.31,Florida,108793.99
81077.55,122107.45,86448.01,New York,72232.99
56144.26,127831.52,69410.53,New York,65398.39
140473.25,161762.15,209034.65,Florida,134684.81
33752.36,146424.93,75956.35,California,67745.23
75039.38,109027.62,181649.61,New York,94105.99
151718.0,183000.0,79911.67,New York,137438.32
,134657.28,177188.28,California,109501.63
15061.7,100862.68,16213.67,California,34654.0
85930.25,87809.24,122395.96,California,104094.95
46176.81,124647.34,43294.99,New York,60141.22
18634.23,,65015.0,California,40252.26
119283.24,100572.6,73919.42,California,105930.11
76068.27,124958.79,24072.37,California,65766.95
51480.89,117569.35,92269.26,New York,68766.13
49972.73,88739.4,80464.16,California,64711.12
84519.35,139903.9,180776.35170273823,California,74008.79
70114.9,138772.93,27981.57,Florida,72844.65
,106185.55,167493.27,Florida,71024.15
77021.97,119379.77,72432.58,California,83301.43
49997.92,122327.04,0.0,New York,73803.08
52101.57,88671.87,183629.29,California,71157.44
70980.46,156375.53,91462.92,New York,73002.93
142021.39,147375.74,,New York,137002.5
82686.41,72970.2,280052.42,California,83277.49
85192.01,128632.13,115736.29,Florida,97349.93
84264.66,173119.31,187472.03,New York,82579.34
22724.75,148047.68,40614.92,New York,42069.02
138273.09,120437.6,166816.33,Florida,130340.61
65823.91,162155.69,92252.27,New York,78552.16
75948.41,,122695.9,Florida,96655.09
31885.37,105682.99,178055.42,Florida,41145.17
63946.55,138304.85,248181.06,Florida,77583.47
41490.75,98865.1,92051.08,Florida,62388.22
8660.25,135278.41,89890.09,New York,21771.86
82729.35,157976.73,126122.64,Florida,90857.42
158758.43,158061.81,331748.99,New York,150853.99
52762.24,128903.74,0.0,Florida,56627.01
14958.54,109950.44,0.0,New York,37979.59
150015.12,115945.88,170530.01,California,145598.95
34581.46,101609.28,118580.54,New York,43714.9
51094.32,133837.76,145901.83,New York,64766.97
103254.99,90529.63,0.0,New York,113048.93
50777.73,117693.09,55037.18,New York,63376.77
82599.39,123688.52,74204.81,New York,100338.43
91871.58,110573.95,2677.95,California,101577.84
51324.56,149522.37,44792.2,New York,69315.67
53531.85,173311.56,63492.79,New York,72160.15
46816.68,154894.16,123921.8,California,60778.22
57919.13,,255504.68,Florida,53352.63
,87622.9,36629.34,California,37867.79
48243.68,113897.37,120740.82,New York,66316.19
139899.1,92568.35,173113.7,California,132930.4
20526.77,152632.81,73463.03,California,34042.01
35877.62,141273.33,239152.82,Florida,55975.94
48012.79,102870.45,191722.51,California,70491.22
109804.58,128748.09,204581.58,California,130255.26
90584.8,110458.56,219815.15,Florida,94558.87
153326.21,126823.35,,New York,139858.62
57149.63,124044.06,27795.09,California,81788.17
45101.49,148236.59,90732.11,California,63354.55
74974.09,149486.92,98972.15,Florida,89121.71
,104278.02,48194.71,New York,74928.28
97199.54,120659.24,168787.29,New York,114088.17
34222.48,129828.94,95860.29,California,45826.0
91103.87,123070.68,38390.11,Florida,78680.2
35053.31,122780.17,27130.52,Florida,37535.28
109993.96,63686.48,37029.0,New York,99404.22
95344.61,,,New York,96965.47
83481.14,139378.86,254394.67,Florida,83716.96
82410.04,136306.6,150933.37,New York,86070.13
290367.25204272434,132984.15,84039.73,California,54949.93
172000.0,77581.6,99594.26,Florida,166103.75
81345.01,123347.63,,Florida,83464.51
172000.0,101689.03,162571.26,New York,163523.34
51184.07,119083.74,184215.2,California,73526.15
40551.63,120614.13,27004.35,New York,42146.84
79494.06,86433.5,30645.65,Florida,77738.45
25836.77,124604.41,133567.34,New York,49674.59
64773.17,126303.4,87590.78,California,87985.46
55941.51,130034.06,170582.5,New York,52193.65
71686.67,141744.02,73917.68,New York,87368.59
62000.99,127771.55,24541.69,California,56847.79
110415.41,113170.27,87839.92,New York,110098.03
64249.47,,25837.93,California,82318.04
66371.43,109758.64,40587.89,Florida,71135.4
158476.09,149272.77,167244.23,Florida,137997.18
47324.3,103819.45,159252.02,Florida,57088.69
76232.95,102690.35,63863.33,New York,81353.68
94855.86,138658.96,176755.5,California,108247.66
18802.41,168825.76,2483.43,New York,24378.0
131234.62,123161.12,174246.19,New York,135898.82
68928.39,,,Florida,62725.9
59464.49,101051.33,43876.46,California,73558.11
61373.02,113291.77,192466.5,New York,78765.03
39090.7,124242.6,0.0,Florida,44033.21
108888.15,133497.77,107542.87,New York,119643.93
148414.27,130672.27,82070.47,California,138562.72
95312.54,113312.86,33814.9,Florida,95526.42
42810.3,142310.71,24273.58,New York,49832.16
41231.16,125558.71,6654.72,California,57051.4
60537.33,121950.12,0.0,New York,69525.21
71458.2,110524.06,204444.06,California,90799.86
166034.55,102071.99,81715.55,California,155511.92
57608.26,159101.6,,Florida,52673.62
146297.55,163601.23,161732.27,New York,147464.08
50795.37,101466.34,169143.95,Florida,50450.22
105885.64,131752.81,54171.3,Florida,109860.88
106273.79,129945.08,0.0,New York,109942.74
26730.23,175661.26,33645.53,California,49857.3
37279.77,76058.99,94390.56,New York,47155.48
172000.0,116913.82,,New York,162995.59
104728.62,124947.63,175261.21,Florida,114579.87
82290.45,,114175.12,Florida,72392.88
99005.55,120368.59,246486.3,Florida,93581.86
89931.54,126603.28,51133.97,Florida,84961.3
102676.66,136687.85,,New York,108547.47
158427.02,105064.27,154632.21,California,166422.81
91319.64,131275.66,189575.61,New York,87154.41
72132.06,63260.44,209970.06,Florida,98981.95
58826.89,132273.71,117998.1,New York,73910.04
30433.83,106185.77,152398.54,New York,46743.2
115658.25,111567.37,67172.31,California,117251.71
136569.86,129381.56,0.0,New York,119700.74
87706.39,126006.08,130575.16,Florida,84215.11
77920.76,95490.8,,New York,90473.55
54757.23,104781.63,63539.12,California,57805.53
50900.27,90104.01,140478.74,California,62827.65
65666.71,116087.06,36229.84,New York,76940.67
84139.39,182606.64,,Florida,87568.14
48786.15,149348.23,28901.49,Florida,38460.75
55406.46,88931.77,0.0,California,82962.8
89732.49,159461.13,,California,90811.17
132601.6,101612.3,160527.52,California,134436.43
71251.4,134684.97,111487.3,Florida,81448.69
17155.67,112192.99,70255.77,Florida,31866.14
37441.74,99030.95,48086.33,California,59217.02
89298.26,105124.45,51524.9,Florida,98217.0
39766.92,85271.33,201345.54,California,73755.61
36260.76,151586.88,155708.05,Florida,43236.61
26008.91,123342.94,13966.14,Florida,42130.94
172000.0,137520.59,177807.92,California,174793.64
40323.58,173538.77,139250.09,California,60388.63
172000.0,162590.85,85222.56,New York,149276.54
40078.26,86586.68,60694.92,New York,60680.99
22678.16,120890.24,106144.99,New York,40402.46
111378.12,108365.21,96436.84,Florida,106099.08
21674.83,118989.11,106381.94,New York,20095.28
92606.98,140876.75,73776.31,Florida,88151.3
172000.0,158962.3,100894.81,New York,161088.39
107176.98,140660.87,2184.92,California,97657.57
105274.65,120149.66,1396.11,California,109702.8
