driver_id,avg_speed_kmh,mileage_km,night_driving_ratio,hard_brake_count,hard_accel_count,phone_usage_minutes,years_licensed,claim_filed
15699,83.85,10389.4,0.3577,6.0,5.0,14.35,16.47,0
18730,83.95,8024.9,0.407,6.0,6.0,14.57,2.34,1
19700,81.96,9528.1,0.4646,10.0,7.0,17.1,24.09,0
10978,64.29,13409.8,0.1289,3.0,2.0,5.48,14.61,0
11242,59.11,9004.0,0.2058,4.0,4.0,8.0,7.36,1
19720,72.11,9271.1,0.2763,7.0,6.0,12.33,17.29,0
18102,64.63,14894.5,0.3094,5.0,6.0,9.7,4.57,1
10225,49.2,18013.5,0.1764,3.0,1.0,9.48,36.85,0
19905,62.75,13972.8,0.0263,4.0,1.0,9.3,26.47,0
13804,76.32,10173.0,0.3126,4.0,5.0,7.73,8.89,0
15940,66.58,16414.3,0.2651,5.0,6.0,10.45,27.57,0
12275,71.46,11040.0,0.2766,4.0,5.0,14.19,2.42,1
14057,68.14,17300.5,0.1475,4.0,3.0,7.88,39.85,0
16384,80.77,13781.8,0.2942,7.0,5.0,10.01,17.84,1
15889,84.03,15429.1,0.3503,6.0,6.0,13.8,37.33,0
10666,55.51,13345.3,0.1961,4.0,2.0,6.21,16.34,0
10195,46.54,17790.3,0.0,2.0,1.0,1.23,38.4,0
17228,101.82,19569.1,0.5552,10.0,9.0,15.76,20.36,1
13509,78.79,13882.5,0.481,7.0,5.0,11.49,19.03,1
17977,56.46,8237.1,0.1827,3.0,1.0,2.5,14.9,0
13107,80.19,10653.6,0.3542,7.0,4.0,8.25,6.72,1
19834,48.44,11502.1,0.063,2.0,1.0,5.73,2.85,1
10776,55.48,8745.3,0.1573,6.0,2.0,9.61,7.15,0
10337,-38.2,122811.3,0.795,237.9,-2.6,398.5,75.12,1
19705,85.43,12055.8,0.3596,7.0,6.0,15.03,17.39,0
16070,85.58,13521.4,0.3508,7.0,5.0,12.87,21.84,0
18028,54.68,8529.3,0.1685,2.0,2.0,8.45,5.83,1
14961,54.14,17869.7,0.0601,2.0,2.0,7.03,32.43,0
19937,62.09,8302.4,0.4334,3.0,5.0,8.67,5.37,0
16295,63.97,8391.4,0.2728,4.0,4.0,11.79,2.91,1
17819,70.89,15308.0,0.2893,6.0,5.0,13.41,12.41,1
19424,91.56,16990.5,0.4777,12.0,7.0,22.06,30.43,0
19532,70.54,11031.9,0.3122,4.0,3.0,9.56,8.72,1
11691,42.63,6892.9,0.066,3.0,1.0,0.9,6.23,0
13348,94.41,16132.7,0.4985,10.0,8.0,17.83,36.85,0
19121,85.06,13122.1,0.392,6.0,6.0,11.27,17.9,1
11257,69.08,6424.0,0.4544,8.0,6.0,15.14,2.84,1
12427,84.15,13788.1,0.3945,6.0,6.0,15.79,3.99,1
18091,53.62,12559.8,0.1183,2.0,1.0,0.63,17.59,0
14582,366.43,148347.3,0.2547,224.4,-11.8,66.03,93.17,1
16468,41.98,13837.5,0.0,1.0,0.0,2.47,18.37,0
19506,83.52,16397.8,0.409,8.0,7.0,14.37,35.28,0
14419,52.1,11666.6,0.2134,1.0,1.0,2.02,3.22,0
13521,71.04,17998.7,0.1376,2.0,1.0,10.58,39.64,0
16550,62.22,10417.7,0.1889,2.0,1.0,5.84,20.65,0
11295,50.62,13150.0,0.0932,1.0,1.0,3.78,29.13,0
19396,76.69,12340.3,0.4126,6.0,5.0,14.57,37.11,0
10744,41.11,16465.4,0.0,1.0,0.0,0.0,39.98,0
12701,95.84,10479.8,0.639,10.0,8.0,16.48,35.17,0
19333,55.36,17713.0,0.1983,4.0,2.0,3.06,13.54,0
17933,92.65,16828.3,0.476,11.0,10.0,26.4,24.89,1
16030,52.49,16126.8,0.1325,2.0,3.0,8.57,35.14,0
12153,79.31,12898.9,0.3721,7.0,7.0,9.05,24.74,0
17628,96.44,16725.6,0.6555,12.0,10.0,23.06,36.58,1
18886,84.97,9797.6,0.5258,9.0,10.0,17.22,13.94,0
10503,37.04,13273.5,0.0258,2.0,2.0,1.15,6.27,0
10176,86.26,21102.5,0.3562,7.0,5.0,10.35,33.69,0
10557,36.1,16785.2,0.0362,0.0,0.0,0.0,35.39,0
12967,61.93,15951.5,0.1492,3.0,0.0,0.89,35.25,0
16792,97.63,15677.3,0.5454,10.0,8.0,15.78,24.81,1
18699,92.1,11384.8,0.3054,10.0,7.0,14.16,6.48,1
14258,56.12,7860.9,0.2233,2.0,2.0,2.63,10.61,0
11835,57.43,8595.5,0.1629,2.0,1.0,7.35,12.52,1
13808,50.75,8815.6,0.1953,3.0,2.0,6.71,7.02,0
13053,90.81,15718.4,0.5619,9.0,7.0,17.93,28.6,1
16170,77.68,15252.5,0.5349,8.0,10.0,13.02,37.46,0
19885,86.57,11058.5,0.3563,8.0,6.0,16.07,8.26,1
19717,65.01,15411.7,0.2472,5.0,5.0,6.93,23.07,0
13645,58.99,11276.8,0.1904,4.0,3.0,3.06,27.27,0
17633,79.56,8568.2,0.1897,4.0,4.0,8.52,13.39,1
17400,82.33,14940.4,0.4314,8.0,8.0,14.65,17.52,0
10641,40.13,14993.2,0.0,0.0,0.0,2.37,27.01,1
15293,78.19,13682.6,0.378,7.0,7.0,14.43,15.3,1
18271,71.88,8879.3,0.3566,7.0,6.0,13.97,2.21,1
19543,53.07,13896.2,0.1564,0.0,0.0,0.0,23.05,0
16212,61.58,14955.1,0.0659,2.0,2.0,2.62,39.4,0
10835,78.29,9677.5,0.3287,5.0,4.0,13.86,28.25,0
15538,74.88,9380.9,0.2254,4.0,3.0,7.63,21.48,0
14707,62.12,14115.4,0.1171,2.0,1.0,7.48,4.64,0
15737,66.93,15466.3,0.1571,3.0,4.0,4.59,24.14,0
10355,63.25,15063.4,0.2286,3.0,3.0,5.75,34.01,0
18318,97.84,14420.2,0.5674,11.0,8.0,17.97,21.7,1
19270,83.86,16110.7,0.3455,5.0,5.0,11.32,36.03,0
17049,77.42,14611.8,0.3712,7.0,5.0,7.92,26.55,0
15616,267.5,-13654.4,1.2709,87.0,-45.4,218.53,-3.53,1
11166,248.48,7385.6,2.3879,153.7,122.8,36.19,8.62,0
11839,111.16,8358.1,0.6106,16.0,11.0,25.33,21.53,1
16289,48.94,8707.4,0.137,3.0,2.0,5.53,20.38,0
18908,89.99,7506.7,0.4497,8.0,7.0,14.62,5.32,1
11726,86.52,20800.0,0.3486,7.0,6.0,15.18,24.64,0
16483,-40.57,98936.8,2.6119,85.6,215.6,111.46,9.89,0
16689,70.58,7070.1,0.2976,6.0,5.0,14.06,3.02,0
12744,68.17,10879.8,0.3202,4.0,4.0,9.03,8.19,1
17584,71.69,9850.6,0.2446,4.0,3.0,9.92,13.89,1
16319,62.42,10440.2,0.2623,4.0,4.0,6.06,10.71,0
14144,99.89,11139.5,0.4732,9.0,8.0,22.71,27.21,1
14653,315.88,12898.0,-0.7767,155.4,141.5,-19.74,21.96,0
10780,66.57,15610.5,0.1668,4.0,2.0,11.15,31.93,0
16552,74.04,7980.9,0.307,5.0,5.0,12.79,4.67,1
13561,80.92,5884.3,0.3188,7.0,5.0,12.9,8.53,0
10607,44.95,11542.1,0.0271,1.0,0.0,1.37,25.28,0
16796,98.01,12573.6,0.7037,13.0,12.0,21.2,13.92,1
15223,88.01,8041.5,0.4217,10.0,10.0,20.1,4.42,1
13316,85.02,11236.2,0.3516,6.0,3.0,14.79,3.92,1
17349,52.13,14747.7,0.1484,4.0,3.0,4.82,25.55,0
11427,72.33,17250.2,0.2323,5.0,3.0,6.33,19.86,0
19988,66.64,21500.3,0.2221,4.0,4.0,7.86,39.48,0
11557,65.2,9996.5,0.2523,5.0,3.0,11.0,6.32,1
14046,100.83,13702.3,0.7337,9.0,8.0,19.38,10.55,1
14662,86.62,17921.7,0.3761,8.0,6.0,15.3,30.3,0
15425,60.83,8056.4,0.1331,3.0,2.0,3.12,6.07,0
14108,76.44,4468.8,0.209,4.0,4.0,7.31,16.05,1
17717,61.62,10206.3,0.2467,5.0,5.0,8.63,8.81,1
10484,65.63,5603.4,0.1884,3.0,2.0,11.99,4.5,1
16668,63.67,16690.5,0.3828,4.0,3.0,7.22,31.29,0
19411,78.02,12662.5,0.2481,4.0,5.0,10.39,19.88,0
10006,32.36,19833.5,0.047,1.0,0.0,2.23,32.17,0
10798,43.46,15389.8,0.0094,0.0,0.0,0.0,23.78,0
12857,66.53,17416.4,0.2173,4.0,4.0,9.58,35.15,0
11963,68.44,18952.0,0.2243,4.0,4.0,0.71,39.78,0
12422,65.72,18678.4,0.2252,5.0,4.0,4.5,26.21,0
16100,78.32,6313.6,0.4115,6.0,4.0,12.77,1.04,1
12206,55.46,20490.6,0.2711,4.0,2.0,8.12,30.12,0
14919,44.86,10305.3,0.1558,0.0,1.0,2.67,10.05,0
10482,55.69,10938.4,0.0448,1.0,2.0,4.71,16.34,0
17710,84.73,15169.0,0.3629,9.0,7.0,13.87,27.64,0
10535,47.35,13101.1,0.0,2.0,1.0,0.11,25.63,0
12861,70.58,7311.1,0.3626,7.0,3.0,10.0,3.08,1
10821,44.11,18065.6,0.0971,1.0,1.0,3.2,34.81,0
14686,77.31,8820.9,0.2986,6.0,6.0,11.89,11.23,1
10716,226.69,-34729.2,0.1432,26.4,135.1,-98.22,39.86,1
12320,86.85,14419.5,0.3573,5.0,6.0,16.69,24.55,0
17688,65.26,13926.5,0.2588,4.0,2.0,9.17,24.02,0
18709,83.32,11522.3,0.4217,10.0,5.0,9.48,27.72,0
19446,74.57,4856.5,0.3723,7.0,7.0,14.71,10.9,1
19162,63.12,17681.9,0.2187,4.0,3.0,7.8,20.93,0
15386,51.7,15906.9,0.1546,3.0,2.0,7.12,37.87,0
11271,36.68,12111.9,0.0952,0.0,0.0,3.27,24.25,0
15574,47.0,12754.9,0.0464,0.0,0.0,0.67,33.09,0
14556,45.72,8446.4,0.1184,2.0,0.0,5.11,13.75,0
19542,78.57,12104.2,0.49,8.0,7.0,13.97,13.82,1
10024,97.53,17539.0,0.5005,9.0,6.0,24.45,31.05,1
19535,37.17,17080.7,0.0,0.0,0.0,0.0,38.32,0
16231,76.98,14183.6,0.3291,6.0,5.0,9.57,23.37,0
13503,69.94,10257.0,0.3313,5.0,5.0,11.39,16.87,1
15240,91.98,12451.3,0.562,8.0,7.0,19.31,12.6,0
14499,72.61,16517.0,0.2876,6.0,5.0,9.17,16.0,0
13555,54.71,10079.3,0.1844,1.0,2.0,3.22,11.54,0
15624,68.86,12092.9,0.3517,3.0,4.0,15.77,35.52,0
19778,51.46,11749.3,0.1799,1.0,0.0,2.4,24.34,0
17667,85.81,17591.3,0.3928,8.0,6.0,14.58,34.89,0
15975,409.35,161637.8,1.3465,101.9,48.5,172.08,66.49,0
12410,60.0,10300.7,0.2751,2.0,1.0,6.03,4.15,1
19360,-4.12,71185.7,1.1155,16.2,-43.4,-72.21,63.7,0
13632,382.55,5249.7,-1.3508,89.4,127.2,366.83,60.54,1
19800,80.46,11965.9,0.3096,7.0,5.0,15.1,15.45,0
16582,71.79,15372.5,0.2561,3.0,2.0,7.08,30.49,0
16617,80.94,9147.9,0.2956,5.0,5.0,12.05,14.35,1
11988,86.52,12324.6,0.3675,7.0,5.0,13.9,16.97,0
13188,292.92,126084.2,1.5389,265.6,-7.3,134.51,63.2,0
11303,69.13,15981.7,0.3272,7.0,4.0,10.71,39.64,1
18425,77.7,13823.6,0.3098,7.0,4.0,10.28,19.19,0
10787,81.02,10600.5,0.3886,7.0,6.0,12.76,9.34,0
19917,50.46,15060.9,0.0519,3.0,0.0,3.43,28.93,0
19924,44.88,11263.1,0.1582,2.0,1.0,6.77,11.32,0
19394,54.66,11115.2,0.0449,0.0,1.0,2.62,28.02,0
18719,-67.71,180603.7,-2.4205,38.1,116.4,155.84,56.55,1
18373,73.73,15462.6,0.2466,5.0,4.0,9.11,34.91,0
16600,70.25,11007.3,0.4254,6.0,5.0,16.05,27.93,0
13123,59.12,7890.5,0.1881,2.0,2.0,8.28,2.53,0
13757,70.59,13845.6,0.2398,5.0,6.0,11.58,20.94,0
16287,39.09,16692.1,0.0,0.0,0.0,0.0,9.58,0
18798,56.81,11649.4,0.0713,1.0,2.0,0.0,21.12,0
10357,61.36,19596.1,0.0,2.0,1.0,4.01,34.22,0
18808,58.71,14527.1,0.3504,6.0,4.0,15.21,13.17,0
10578,55.38,11783.5,0.3298,3.0,4.0,8.61,21.49,0
18663,69.91,14353.5,0.2896,4.0,6.0,6.42,24.56,0
12172,80.35,22418.0,0.3416,7.0,5.0,13.08,39.73,0
10843,65.76,14516.7,0.2814,5.0,4.0,9.68,35.81,0
18268,72.86,18919.8,0.3627,5.0,4.0,13.02,39.7,0
19248,89.55,13253.7,0.3361,6.0,5.0,8.83,22.25,0
16931,77.35,13913.1,0.4536,6.0,6.0,14.72,19.43,0
17319,101.62,16119.9,0.594,10.0,9.0,20.1,20.07,1
10164,74.92,15965.4,0.1924,4.0,4.0,12.0,18.2,0
12387,94.06,19692.0,0.3445,8.0,6.0,10.02,26.27,0
11046,76.06,14813.6,0.2393,5.0,5.0,10.58,16.37,0
18167,64.92,9948.8,0.1713,3.0,2.0,5.18,11.94,0
13047,84.2,16755.1,0.4459,10.0,8.0,13.19,26.06,0
10157,33.75,12807.1,0.0,0.0,0.0,0.0,8.52,1
18277,82.06,13830.4,0.4788,8.0,7.0,13.47,14.65,1
16165,70.52,13980.4,0.2601,3.0,4.0,12.84,10.7,0
12990,94.05,10067.1,0.4654,7.0,7.0,21.15,17.01,1
19812,88.31,6965.8,0.4098,9.0,6.0,15.5,3.3,1
19087,68.87,14920.1,0.3268,5.0,4.0,9.45,27.01,0
14639,81.39,15690.4,0.5198,8.0,7.0,18.47,16.25,0
13791,83.07,11218.8,0.3777,8.0,6.0,13.36,21.66,0
19206,71.6,15718.3,0.3633,3.0,2.0,9.66,14.5,0
11389,78.79,14805.6,0.481,7.0,5.0,11.49,25.19,0
13366,67.18,10789.1,0.1721,4.0,4.0,9.81,9.45,1
10632,-130.65,177971.8,-0.4,228.0,110.0,6.27,39.11,1
18436,99.74,7773.6,0.536,10.0,8.0,9.29,8.19,1
14469,66.93,10485.0,0.1103,4.0,1.0,12.27,3.99,0
19499,49.3,16951.5,0.1986,1.0,1.0,3.65,32.79,0
16644,64.84,15935.5,0.2164,6.0,3.0,7.07,25.67,0
12828,90.39,16247.3,0.5272,10.0,8.0,16.92,20.53,1
19965,87.68,13376.9,0.3335,5.0,5.0,12.33,17.31,0
14037,85.53,7484.1,0.3244,7.0,6.0,9.47,3.5,1
17062,61.91,16656.0,0.1252,3.0,3.0,2.65,14.36,0
10706,88.76,19981.3,0.4366,9.0,6.0,13.89,17.32,1
17210,65.97,9793.5,0.2372,6.0,4.0,11.62,6.99,1
13607,92.71,13976.2,0.3699,10.0,7.0,19.45,14.22,1
18311,93.65,10550.6,0.4474,9.0,8.0,15.17,1.55,1
10603,88.47,10407.2,0.2672,6.0,7.0,17.37,6.44,0
12097,93.9,16165.7,0.4869,10.0,8.0,23.29,22.79,0
15426,66.03,13263.3,0.2825,5.0,3.0,8.72,32.95,0
10470,78.31,2662.7,0.2464,7.0,6.0,13.79,3.36,1
13471,79.72,10257.2,0.4785,7.0,5.0,16.36,18.01,0
11034,72.23,17536.4,0.3203,5.0,3.0,13.83,30.3,0
10125,83.18,15388.8,0.3944,9.0,6.0,15.05,24.91,1
18920,60.86,13764.1,0.2168,5.0,4.0,11.8,13.65,0
14181,265.84,36671.5,1.7498,-2.7,166.1,14.77,37.78,0
10642,79.18,11734.7,0.3791,7.0,5.0,17.89,2.68,1
14948,62.93,13633.4,0.2187,2.0,3.0,5.7,25.97,1
11232,82.88,18347.5,0.3202,6.0,5.0,12.68,22.3,0
17107,74.38,20598.7,0.1663,4.0,4.0,12.98,34.29,0
17090,73.06,7385.5,0.424,5.0,6.0,8.28,8.1,1
14657,50.98,17942.7,0.1422,2.0,2.0,5.63,30.24,0
10924,99.31,22438.5,0.5314,11.0,9.0,17.41,38.45,0
14805,77.74,15239.5,0.326,7.0,4.0,12.54,24.81,0
17983,42.04,11305.1,0.0338,0.0,1.0,0.83,16.67,0
10522,59.66,20004.0,0.1736,5.0,2.0,5.83,17.65,0
13650,68.69,19120.7,0.3378,7.0,4.0,8.27,35.18,0
10849,79.95,18902.0,0.3623,6.0,5.0,13.33,37.83,0
11395,66.51,13314.8,0.2975,6.0,5.0,10.42,26.56,0
17139,67.28,14201.8,0.3698,7.0,5.0,10.12,7.81,1
17130,71.29,6418.4,0.2896,4.0,4.0,8.11,4.47,0
13011,72.26,14797.6,0.2541,3.0,4.0,10.42,6.56,1
19104,78.49,9791.9,0.2867,7.0,6.0,14.84,16.23,0
12037,51.0,15529.7,0.0667,1.0,1.0,7.82,30.38,0
16137,56.06,19114.4,0.0871,3.0,3.0,5.41,33.3,0
13279,382.55,18815.6,-1.3508,89.4,127.2,366.83,25.09,0
12842,83.23,21493.0,0.4321,7.0,4.0,14.69,33.34,0
11465,68.1,17595.4,0.4455,6.0,5.0,7.46,32.31,0
17096,79.77,7188.0,0.247,6.0,4.0,7.45,11.9,0
11820,58.07,16204.3,0.2356,4.0,3.0,8.43,32.78,0
19655,77.41,9160.5,0.4606,8.0,8.0,14.61,3.37,1
17904,74.08,18046.3,0.2835,7.0,6.0,13.03,37.93,0
11413,81.3,20189.1,0.4991,8.0,5.0,17.79,37.82,0
10032,63.72,12255.6,0.2982,3.0,2.0,8.34,30.52,0
16919,74.24,12505.2,0.3848,6.0,4.0,15.39,14.8,0
14896,106.7,15875.5,0.621,11.0,8.0,20.56,32.96,0
13167,32.06,149711.8,2.9626,-25.3,5.0,320.54,63.64,0
17589,92.33,15100.0,0.573,9.0,7.0,14.39,36.62,0
10391,37.51,13814.6,0.031,2.0,1.0,2.9,34.64,0
15577,76.03,16034.9,0.3831,6.0,5.0,11.83,11.55,1
14918,64.5,10668.6,0.2678,6.0,4.0,9.19,30.8,0
17841,63.3,17347.4,0.0945,4.0,1.0,3.29,13.92,0
18895,55.2,17307.6,0.2379,4.0,3.0,11.75,37.76,0
11549,91.4,10625.2,0.4584,9.0,5.0,17.6,23.04,0
11631,85.37,11462.8,0.5819,8.0,9.0,18.42,13.83,1
15619,73.3,18330.8,0.2507,5.0,4.0,8.0,39.72,0
13382,76.76,17664.2,0.356,6.0,5.0,15.15,39.49,0
15835,72.17,19812.8,0.3501,7.0,3.0,15.23,34.42,0
11198,55.84,10438.3,0.0079,1.0,0.0,0.77,11.7,0
12265,48.24,10992.5,0.0482,2.0,1.0,1.98,12.32,0
19776,93.92,16364.9,0.511,7.0,6.0,13.17,36.28,0
10434,66.49,15182.0,0.2956,5.0,4.0,10.96,12.22,0
18885,461.64,11486.1,-0.5983,186.8,156.4,391.86,15.51,0
15985,69.89,11224.5,0.2671,5.0,4.0,11.35,16.13,0
19171,76.19,13163.4,0.4033,6.0,5.0,10.44,13.39,0
11445,425.27,-22393.6,2.4542,154.4,-50.0,281.14,77.81,0
16181,28.72,54980.8,1.8226,150.7,19.3,81.01,37.47,1
18731,83.85,9621.2,0.3577,6.0,5.0,14.35,10.3,0
10585,101.24,15016.6,0.6731,10.0,9.0,25.05,31.79,1
19619,89.32,8696.9,0.2967,8.0,6.0,16.42,9.19,1
12000,67.31,7884.6,0.2299,4.0,3.0,8.82,5.94,0
13489,-43.49,62516.0,2.9814,124.9,15.6,41.72,80.87,1
10517,65.42,11002.5,0.234,2.0,2.0,4.34,20.37,0
17780,89.4,11820.6,0.4599,8.0,7.0,17.47,6.33,1
13387,84.99,12287.9,0.3372,6.0,4.0,15.88,11.85,1
10972,58.03,13946.4,0.1304,0.0,0.0,5.69,25.48,0
17668,69.86,11051.1,0.2111,5.0,4.0,9.08,38.02,0
16635,63.19,12615.1,0.295,5.0,2.0,8.05,21.8,0
12973,347.82,11223.8,1.7993,247.8,70.2,371.36,7.01,1
12644,73.6,13375.0,0.232,5.0,4.0,10.61,3.11,1
14301,63.81,17266.9,0.1398,2.0,3.0,3.68,17.93,0
14270,54.46,15802.6,0.1762,3.0,2.0,6.11,12.75,0
17313,99.51,18015.1,0.503,8.0,8.0,21.36,38.35,0
16961,473.14,14976.8,-0.4986,275.9,-17.4,-8.77,70.62,0
11464,88.23,11145.2,0.519,7.0,9.0,22.81,5.35,1
15583,35.9,12905.2,0.0988,1.0,2.0,1.28,8.74,0
15309,92.47,11373.6,0.4808,6.0,8.0,14.33,17.85,1
13907,91.75,10535.0,0.5922,8.0,7.0,16.73,18.88,1
10274,41.64,10397.3,0.0,0.0,0.0,7.63,4.83,0
17158,75.41,12306.3,0.4237,8.0,6.0,20.48,33.8,0
13048,71.21,14036.6,0.3811,5.0,6.0,16.4,19.22,0
13512,72.05,9437.8,0.2768,5.0,3.0,11.96,9.17,0
19403,76.84,13499.0,0.3667,5.0,6.0,10.32,22.68,0
11850,61.33,15172.0,0.3371,3.0,2.0,4.03,37.05,0
13142,59.86,11588.9,0.1167,2.0,2.0,2.34,16.73,0
10018,95.25,10960.7,0.4607,9.0,8.0,13.41,7.31,0
10531,72.24,14884.2,0.3842,7.0,6.0,14.19,34.16,0
10250,81.39,8950.9,0.475,7.0,7.0,18.9,9.83,1
16828,-90.22,11816.0,-0.3344,78.2,174.2,143.24,30.68,0
11476,92.84,8868.1,0.5674,9.0,10.0,22.06,6.44,0
19930,103.31,73416.0,-1.3302,119.9,219.2,188.26,29.34,1
17793,-40.4,180235.6,0.2615,69.9,106.8,40.35,8.92,0
14015,68.96,14530.5,0.1885,4.0,2.0,5.81,18.59,0
19037,48.89,16022.3,0.0523,3.0,2.0,0.0,34.06,0
16029,84.28,13407.0,0.412,6.0,6.0,10.11,11.28,1
18644,33.87,14225.6,0.0293,0.0,0.0,0.0,13.79,0
14700,71.53,15883.8,0.322,6.0,4.0,4.99,28.95,0
10627,62.32,13164.5,0.0631,0.0,0.0,2.3,21.27,0
16539,88.74,10836.8,0.3004,8.0,6.0,11.16,8.17,1
15534,62.56,18098.7,0.2875,3.0,3.0,12.9,33.32,0
11987,64.76,13377.7,0.135,4.0,4.0,7.91,23.64,0
10703,80.92,19461.0,0.4936,8.0,7.0,13.16,28.23,1
11601,81.03,12776.8,0.4516,8.0,7.0,16.64,15.64,1
10132,417.48,30434.9,2.0425,-32.3,141.2,-21.76,-6.02,0
17265,58.87,13366.5,0.1209,3.0,1.0,2.81,8.17,0
15957,59.38,19155.5,0.2344,4.0,3.0,5.88,27.36,0
15046,77.28,15949.9,0.4753,6.0,6.0,11.09,37.21,0
18864,90.82,14569.6,0.5782,10.0,9.0,18.32,18.65,1
15897,303.92,58115.1,-0.0248,298.7,130.2,165.59,43.24,0
10318,78.28,13434.7,0.2886,6.0,5.0,11.97,5.11,1
18233,62.52,11251.0,0.2185,6.0,3.0,5.6,2.68,1
14318,50.56,12889.7,0.0902,1.0,0.0,0.72,28.7,0
12671,71.32,13698.3,0.22,4.0,3.0,7.52,14.48,0
10636,85.81,16564.8,0.2918,6.0,4.0,11.67,24.26,0
10695,58.08,10278.6,0.1467,2.0,2.0,5.99,9.58,1
18086,55.4,19027.2,0.1753,5.0,2.0,6.64,34.91,0
16562,44.5,17873.2,0.1207,2.0,2.0,4.18,38.82,0
17915,43.04,17421.3,0.0474,1.0,2.0,4.31,33.06,0
17393,68.24,18194.4,0.3483,6.0,4.0,14.96,37.01,0
15644,66.6,10403.4,0.2395,4.0,0.0,5.04,3.63,0
11283,88.99,9989.2,0.4297,8.0,8.0,18.71,18.66,0
10708,66.62,11870.6,0.2993,3.0,4.0,7.23,11.68,0
18450,62.77,11645.7,0.2954,4.0,2.0,4.57,11.76,1
10282,52.03,11891.6,0.1938,1.0,2.0,1.23,26.34,0
17396,65.15,13483.1,0.1715,4.0,2.0,8.21,30.16,0
13022,60.16,12366.1,0.0371,3.0,2.0,5.35,8.07,0
16883,432.57,120523.3,0.8505,-8.4,250.3,-67.73,57.21,0
11260,82.73,21574.0,0.253,5.0,4.0,6.01,29.82,0
17726,93.0,7247.3,0.5625,8.0,7.0,18.77,4.53,1
18204,61.12,12924.4,0.1838,2.0,1.0,6.09,10.08,1
16786,65.2,11446.1,0.105,5.0,3.0,7.85,20.7,0
16250,79.68,10098.2,0.29,5.0,4.0,13.5,18.94,0
17365,75.48,12828.0,0.3421,5.0,4.0,11.02,18.6,0
18943,78.83,14444.4,0.34,5.0,4.0,10.41,16.13,0
10505,64.05,10665.9,0.2631,4.0,3.0,5.26,21.36,0
17051,84.21,20520.2,0.4509,9.0,4.0,17.03,32.09,0
13429,347.82,-48791.3,1.7993,247.8,70.2,371.36,87.4,0
19274,61.03,10991.2,0.1537,1.0,2.0,7.42,4.72,0
15384,67.77,14686.3,0.2636,5.0,5.0,10.3,20.45,0
18515,49.12,9262.1,0.2079,2.0,3.0,6.11,19.4,0
17521,79.48,14113.4,0.4027,7.0,7.0,17.15,2.28,1
18648,76.96,13429.5,0.1702,4.0,3.0,16.05,2.56,0
10459,89.56,11845.3,0.4654,6.0,6.0,13.88,10.57,1
13412,61.44,12482.0,0.277,5.0,5.0,7.66,10.98,0
19182,65.32,16159.0,0.3176,6.0,4.0,7.41,30.08,0
16790,57.62,9269.3,0.1041,1.0,2.0,6.31,19.61,0
11321,58.39,11100.1,0.3099,2.0,2.0,0.17,19.21,0
16738,49.57,19917.9,0.0136,2.0,2.0,2.7,38.75,0
19728,64.14,9142.6,0.2462,4.0,3.0,7.5,6.06,1
17775,87.79,6036.4,0.3211,7.0,5.0,10.83,6.59,1
18911,56.95,13981.8,0.0316,1.0,0.0,0.0,28.19,0
19427,81.9,15288.2,0.3172,5.0,4.0,12.04,31.9,0
10253,59.27,15155.7,0.1658,4.0,2.0,2.48,30.51,0
16263,74.44,9368.0,0.2549,4.0,4.0,8.84,8.41,0
13463,41.77,14178.7,0.1496,2.0,1.0,3.59,17.72,0
14136,69.01,19282.5,0.3259,6.0,4.0,13.62,31.48,0
10987,92.27,10003.6,0.4048,6.0,5.0,9.81,2.52,1
19828,73.94,4408.4,0.2774,6.0,4.0,9.62,5.95,1
15633,87.88,15432.1,0.407,9.0,5.0,15.09,21.08,1
10733,75.75,10798.3,0.2933,6.0,3.0,10.99,8.18,0
18435,76.67,13168.7,0.2318,4.0,5.0,5.97,22.94,0
15901,79.38,13774.8,0.3556,6.0,5.0,10.59,27.98,0
18001,32.73,16765.5,0.0,0.0,0.0,1.08,30.73,0
19144,71.55,16667.8,0.282,3.0,2.0,6.98,26.77,0
11327,82.47,16538.3,0.3824,7.0,6.0,14.02,33.6,0
10646,88.54,12476.9,0.4398,7.0,8.0,19.74,6.17,1
15043,83.33,13284.5,0.2785,4.0,5.0,13.77,3.69,1
12710,94.15,11326.8,0.466,9.0,8.0,15.95,10.55,1
10802,69.44,7242.9,0.1141,2.0,4.0,0.0,12.58,1
10878,84.67,6660.2,0.4648,10.0,8.0,16.11,11.21,1
16679,65.34,11836.2,0.3208,6.0,4.0,5.08,14.25,0
15271,86.42,10489.2,0.4671,6.0,5.0,11.33,1.78,1
12564,54.08,9946.3,0.302,5.0,3.0,6.93,15.39,0
15063,57.29,17487.2,-2.162,261.9,295.4,234.74,26.0,0
13327,62.2,13773.9,0.2468,5.0,4.0,9.54,17.86,0
13636,74.51,13408.8,0.3097,7.0,5.0,12.34,10.41,1
18022,84.36,15054.1,0.4484,8.0,6.0,13.5,21.15,0
18634,68.59,13258.2,0.2291,3.0,3.0,10.35,17.15,0
18937,41.35,10876.0,0.1054,1.0,1.0,4.38,2.21,0
10969,74.9,14609.5,0.2542,8.0,6.0,16.18,29.53,0
15073,43.29,19029.6,0.0298,0.0,0.0,0.0,39.89,0
18043,72.04,6809.0,0.2773,5.0,3.0,10.63,4.64,1
15494,93.32,14407.7,0.487,8.0,7.0,14.64,25.3,0
18461,94.79,10754.9,0.4329,7.0,7.0,21.0,8.44,1
19253,65.01,17544.5,0.0855,1.0,1.0,8.05,26.98,0
14243,89.37,10601.9,0.3916,9.0,7.0,11.2,22.93,0
10633,60.88,9064.3,0.2783,2.0,3.0,8.52,6.59,0
18972,52.75,7759.2,0.173,4.0,3.0,11.71,10.16,1
16047,59.13,14290.2,0.1702,4.0,3.0,6.62,19.63,0
13200,73.81,16120.2,0.3053,5.0,4.0,9.66,27.74,0
18220,37.16,10153.4,0.0,0.0,0.0,1.54,24.09,0
12815,76.85,10365.6,0.2722,6.0,4.0,16.24,6.87,1
11511,69.23,13868.6,0.2667,2.0,3.0,4.58,19.53,0
19331,94.79,17164.3,0.4329,7.0,7.0,21.0,32.9,0
10737,203.87,60058.2,1.0777,295.2,116.1,190.73,63.77,0
15769,54.64,10951.6,0.044,2.0,1.0,8.09,1.19,1
15596,54.36,13638.7,0.1447,4.0,2.0,7.54,24.83,0
15266,49.04,16250.8,0.1103,3.0,1.0,3.69,32.91,0
10180,69.92,9280.6,0.2416,5.0,4.0,9.94,1.94,1
17235,-152.03,-42852.0,0.2981,134.5,233.6,266.67,73.92,1
13685,40.05,18573.4,0.0317,0.0,1.0,0.0,38.96,0
18280,81.95,20712.3,0.2891,6.0,4.0,11.55,39.5,0
13417,83.81,18306.7,0.4184,8.0,6.0,16.32,39.93,0
10308,51.66,8698.3,0.1264,0.0,1.0,7.56,9.1,1
17463,74.24,9389.5,0.3848,6.0,4.0,15.39,9.43,1
14401,57.95,12953.9,0.2539,4.0,4.0,11.03,13.75,0
13213,77.35,12943.1,0.4536,6.0,6.0,14.72,19.89,0
13950,75.41,14623.9,0.3218,5.0,5.0,9.81,7.47,0
15349,85.09,14471.5,0.4578,6.0,6.0,15.77,24.65,0
18355,81.39,8809.3,0.2983,6.0,5.0,14.13,1.61,1
18828,42.08,12198.0,0.1481,1.0,0.0,1.98,15.56,0
10088,20.0,11173.2,0.0,0.0,0.0,0.0,22.96,0
16432,69.51,16819.2,0.3324,6.0,4.0,12.03,28.13,0
19930,103.31,73416.0,-1.3302,119.9,219.2,188.26,29.34,1
11966,62.25,9517.3,0.3389,4.0,5.0,6.3,11.04,0
11914,48.74,20316.7,0.1409,2.0,1.0,4.8,37.2,0
13961,75.85,11001.6,0.3273,4.0,5.0,14.33,4.88,0
16078,80.69,16154.1,0.4306,8.0,8.0,17.35,23.29,0
17200,73.76,15770.4,0.3743,8.0,5.0,14.66,34.86,1
17401,76.35,17055.1,0.4733,7.0,5.0,15.95,34.13,0
10772,80.03,12457.7,0.2902,4.0,3.0,10.77,3.73,1
15226,111.82,15864.7,0.6311,14.0,10.0,22.67,39.27,1
13567,93.92,15468.6,0.5292,7.0,5.0,15.31,27.45,0
11378,62.51,12580.5,0.2291,4.0,3.0,11.43,16.07,0
18821,73.32,19072.3,0.2961,4.0,4.0,10.01,30.58,0
17824,64.74,14432.9,0.1187,4.0,3.0,7.82,4.83,0
19299,66.61,14889.1,0.2884,5.0,4.0,8.95,13.51,1
18817,67.54,17726.1,0.5019,5.0,4.0,14.73,36.62,0
18721,78.24,13435.0,0.4356,7.0,6.0,9.22,12.65,1
12430,84.08,11204.6,0.3147,8.0,5.0,22.76,13.78,1
17019,43.46,11640.4,0.0,0.0,0.0,0.0,14.47,0
10178,69.27,17898.8,0.3162,4.0,4.0,8.3,30.7,0
17447,68.78,19962.0,0.2727,5.0,4.0,8.15,36.73,0
14906,92.83,12627.0,0.491,11.0,8.0,21.39,18.12,1
15962,71.21,9585.8,0.3179,7.0,5.0,10.77,7.63,0
12453,88.45,9988.5,0.4092,8.0,7.0,12.64,16.28,0
19211,79.4,9254.7,0.3252,6.0,4.0,17.58,14.57,1
18673,65.52,13627.9,0.3094,5.0,5.0,10.07,28.09,0
15742,67.55,12109.7,0.2408,5.0,3.0,8.58,10.93,1
10139,64.21,10148.2,0.2318,3.0,4.0,7.97,4.96,1
15561,35.57,9028.3,0.0822,0.0,0.0,0.06,8.34,0
13090,33.91,15227.4,0.0,0.0,0.0,0.0,23.14,0
15927,87.43,12167.7,0.4512,7.0,5.0,16.74,22.99,1
11139,73.02,16389.0,0.3672,6.0,6.0,11.29,31.18,0
15107,81.01,15198.3,0.2295,6.0,5.0,8.58,27.2,0
10927,72.57,14632.5,0.2685,6.0,4.0,10.73,30.64,0
18243,70.94,8339.3,0.336,6.0,7.0,11.04,2.05,1
15766,79.92,8786.9,0.4303,7.0,5.0,13.59,16.02,0
16761,73.26,14432.6,0.2611,4.0,4.0,12.67,14.73,0
11611,77.91,9381.3,0.3687,6.0,5.0,13.85,11.25,1
15296,55.34,16185.6,0.1605,4.0,1.0,4.49,21.63,0
18893,65.39,11545.4,0.2369,5.0,3.0,11.11,17.77,0
19405,74.19,115607.7,-2.4397,264.7,152.7,249.63,-1.09,0
13285,64.85,11994.0,0.222,4.0,3.0,6.43,4.45,0
18371,68.7,13187.6,0.3545,5.0,5.0,9.13,20.38,0
14068,81.67,15846.1,0.3494,6.0,6.0,12.53,28.74,0
14647,63.46,16733.1,0.2635,4.0,4.0,12.87,17.71,0
12286,58.24,19210.7,0.0567,1.0,0.0,4.19,37.12,0
13620,83.68,15237.5,0.4255,8.0,7.0,16.18,32.03,0
18876,91.26,16716.4,0.3663,5.0,7.0,10.55,36.83,0
19239,69.94,17278.0,0.4335,4.0,4.0,8.81,30.57,0
19929,57.01,6913.8,0.2253,6.0,6.0,15.47,16.32,0
18758,74.25,11645.6,0.2831,6.0,5.0,7.04,4.71,1
12932,60.24,17691.0,0.3422,4.0,4.0,8.64,35.24,0
16538,82.61,19578.0,0.3133,5.0,6.0,14.83,27.07,0
19743,48.24,16268.7,0.0482,2.0,1.0,1.98,13.87,0
13549,-71.6,-39814.7,-1.9185,68.6,119.4,64.3,69.69,0
17366,79.57,12932.1,0.4184,9.0,7.0,17.92,9.01,1
16317,76.34,13175.7,0.2093,7.0,5.0,11.11,30.67,0
11065,58.47,17459.8,0.1372,2.0,0.0,6.3,30.07,0
19399,177.06,52251.1,2.2644,216.2,179.5,265.57,81.08,0
12921,71.4,16612.4,0.1881,6.0,3.0,8.48,26.59,0
15343,53.58,7785.2,0.1667,0.0,2.0,4.38,3.28,0
17906,87.56,15491.9,0.2998,10.0,7.0,16.55,32.68,1
15004,94.27,20113.6,0.5199,9.0,8.0,19.38,36.75,0
11604,83.34,11038.6,0.3988,8.0,6.0,14.82,8.28,1
18882,83.85,16177.2,0.3577,6.0,5.0,14.35,12.23,0
16166,56.64,14789.8,0.2368,2.0,1.0,4.27,27.49,0
13264,61.84,15089.9,0.2153,4.0,3.0,7.15,20.78,0
13574,69.06,17146.1,0.3254,5.0,4.0,11.02,31.13,0
19366,50.63,21297.5,0.2791,3.0,3.0,5.25,32.04,0
19065,86.02,8156.2,0.5705,10.0,8.0,21.55,4.14,1
13000,52.25,20514.6,0.0048,1.0,1.0,2.86,30.1,0
16246,66.6,13706.2,0.2419,5.0,3.0,5.18,15.71,0
16916,57.55,8699.5,0.116,4.0,3.0,5.16,7.31,0
17334,66.1,13276.6,0.0764,1.0,2.0,2.12,13.63,0
11031,93.64,11589.3,0.5001,10.0,7.0,19.28,16.55,0
11949,79.13,14994.2,0.2925,7.0,6.0,14.25,21.74,0
16642,54.02,14849.0,0.0566,4.0,1.0,3.43,38.16,0
16896,54.86,13604.6,0.1195,1.0,1.0,4.07,35.55,0
14614,60.93,14475.0,0.3498,5.0,3.0,9.84,26.85,0
12140,-166.68,86210.1,2.7634,-8.0,128.0,2.57,80.14,0
18471,90.67,14464.7,0.477,9.0,7.0,13.85,30.48,0
10892,60.25,15511.8,0.1524,4.0,2.0,10.02,24.8,0
18481,76.7,8393.0,0.2744,5.0,5.0,7.43,8.92,1
11373,53.9,13611.8,0.1207,5.0,3.0,3.74,39.01,0
17913,91.65,12415.7,0.4594,9.0,8.0,15.43,22.26,1
10288,67.1,14599.4,0.1552,4.0,2.0,14.56,37.24,0
19373,66.45,5812.9,0.0944,2.0,0.0,3.27,1.98,0
13761,86.3,8032.4,0.3641,7.0,7.0,15.31,11.65,1
15189,69.69,5391.0,0.2403,4.0,2.0,4.25,1.14,1
12213,66.37,20180.3,0.3832,8.0,7.0,14.67,38.37,0
13909,64.15,10920.5,0.0783,1.0,2.0,4.94,1.03,1
19422,74.38,9923.5,0.3137,5.0,6.0,6.66,9.24,0
18299,67.09,15981.6,0.2642,5.0,5.0,10.37,26.3,0
12582,48.49,11542.5,0.1797,2.0,0.0,1.01,9.09,0
16691,82.66,17966.2,0.4767,8.0,6.0,15.08,22.65,1
12291,54.93,18406.7,0.0322,3.0,3.0,3.24,30.41,0
14888,61.46,16304.3,0.1752,3.0,3.0,4.32,26.31,0
11569,86.88,8392.4,0.3518,5.0,4.0,12.34,6.51,1
17075,80.29,10863.6,0.3121,6.0,5.0,11.62,10.74,0
15938,63.47,12182.3,0.2675,3.0,2.0,0.77,14.12,1
12126,80.64,16425.5,0.3765,3.0,4.0,14.13,37.55,0
16792,97.63,15677.3,0.5454,10.0,8.0,15.78,24.81,1
11781,58.08,11747.7,0.1467,2.0,2.0,5.99,2.57,0
15625,59.27,16525.2,0.4023,5.0,4.0,8.35,33.88,0
16016,82.96,11000.9,0.1972,4.0,4.0,9.68,22.38,0
16169,60.15,12487.6,0.2154,3.0,3.0,5.71,24.17,0
11678,89.91,9382.3,0.3966,6.0,6.0,12.73,8.94,1
12702,66.66,14278.4,0.1252,3.0,2.0,6.78,39.02,0
14415,64.02,9308.1,0.2032,5.0,2.0,10.36,4.35,1
17323,75.65,16221.6,0.2359,3.0,4.0,1.62,28.83,0
10841,56.76,8003.5,0.1304,1.0,3.0,2.48,5.83,1
18782,82.7,13661.6,0.2827,4.0,4.0,11.69,20.17,0
17437,66.7,10404.2,0.207,4.0,2.0,9.74,10.76,0
12216,92.86,-36133.9,1.0992,88.2,178.7,47.46,55.54,0
17657,78.89,15323.0,0.3417,6.0,5.0,7.19,20.62,0
15214,79.29,6762.1,0.3348,6.0,3.0,10.04,4.67,1
17346,52.27,20241.9,0.1375,3.0,2.0,8.14,36.3,0
17108,60.23,9245.1,0.133,4.0,1.0,3.91,2.33,1
19491,63.13,13921.7,0.1364,2.0,2.0,5.02,29.0,0
19425,81.8,19395.2,0.317,6.0,4.0,11.55,34.16,0
11531,52.61,6905.1,0.1617,3.0,2.0,6.35,14.04,0
10786,74.63,16662.6,0.2225,5.0,3.0,6.16,28.8,0
18707,68.11,13570.4,0.2242,4.0,3.0,8.24,35.68,0
10149,49.41,11224.9,0.0,1.0,1.0,2.69,13.79,0
13144,108.1,19794.1,0.6233,10.0,9.0,19.01,37.76,1
14902,88.5,13391.3,0.3997,7.0,6.0,9.79,20.73,1
19456,78.39,9690.0,0.3266,5.0,6.0,13.64,5.45,1
13415,65.8,16221.0,0.3711,6.0,4.0,17.92,26.87,0
16340,70.53,2688.7,0.2223,3.0,2.0,6.22,3.85,0
13914,95.22,15805.8,0.4683,8.0,8.0,19.43,34.03,0
12627,73.1,11137.3,0.4494,8.0,7.0,21.21,28.68,0
17624,69.82,7585.8,0.3528,6.0,6.0,12.1,1.55,0
11897,82.69,12095.5,0.357,6.0,5.0,10.28,20.78,1
14518,71.26,9400.6,0.1715,6.0,3.0,9.75,10.07,1
16976,52.76,16497.9,0.0,0.0,0.0,1.04,18.04,0
11103,78.57,9179.9,0.49,8.0,7.0,13.97,14.71,0
18682,-5.11,95189.7,1.677,138.6,200.3,238.85,69.75,0
16597,59.46,20451.1,0.1286,6.0,2.0,10.28,24.39,0
16637,92.09,11102.3,0.5175,9.0,9.0,17.93,7.75,1
10409,84.63,15174.5,0.3153,7.0,6.0,14.04,34.68,0
14599,64.89,13015.5,0.2268,5.0,4.0,7.38,3.74,0
16000,101.82,14045.6,0.5552,10.0,9.0,15.76,24.41,0
12616,101.4,16955.9,0.5294,10.0,10.0,20.21,37.71,1
17940,66.1,10515.2,0.0764,1.0,2.0,2.12,11.28,0
11615,87.04,17449.0,0.3821,7.0,5.0,15.15,39.81,0
19671,46.3,14055.1,0.0645,0.0,1.0,5.35,35.71,0
16151,55.75,8754.0,0.1254,3.0,3.0,2.54,4.52,0
17215,76.23,19478.9,0.4409,8.0,6.0,14.58,35.57,0
16348,95.22,23324.3,0.4683,8.0,8.0,19.43,36.19,0
18321,57.99,13989.6,0.3069,5.0,6.0,5.86,16.98,1
15307,46.24,18345.0,0.0929,0.0,0.0,0.0,38.6,0
19465,62.04,15730.6,0.1497,2.0,1.0,3.35,10.78,0
19118,66.34,16852.5,0.1683,6.0,4.0,12.04,33.63,0
13174,100.17,14424.4,0.5583,9.0,7.0,18.59,20.17,1
16466,47.29,13665.5,0.1783,1.0,2.0,4.6,12.06,0
10339,65.79,10505.6,0.3156,7.0,4.0,13.1,17.61,1
19246,74.27,13191.0,0.3467,6.0,5.0,19.82,12.68,1
14473,87.51,15262.8,0.4047,7.0,5.0,12.5,11.84,1
12011,54.54,7551.9,0.0719,3.0,1.0,4.89,3.51,0
13110,85.41,17098.4,0.4988,9.0,7.0,17.84,23.74,0
14066,495.37,13808.9,-2.9195,163.5,17.7,58.83,30.51,0
14033,76.31,11565.7,0.1547,5.0,3.0,10.06,3.44,1
12407,54.02,9954.2,0.1443,1.0,1.0,0.0,9.15,0
12907,82.42,15167.4,0.3831,7.0,6.0,17.96,20.0,0
17310,39.86,15567.1,0.0,0.0,0.0,0.0,11.2,0
10937,67.9,12700.7,0.3064,3.0,4.0,6.2,33.4,0
15041,88.16,14369.0,0.424,7.0,5.0,13.24,14.27,0
13112,84.97,15857.3,0.4252,8.0,6.0,19.62,38.83,0
12689,93.05,15096.9,0.2373,5.0,5.0,11.91,21.31,1
14489,44.0,17932.9,0.0926,2.0,1.0,5.23,37.18,0
19395,71.05,8941.9,0.4538,7.0,8.0,15.0,7.52,1
13635,84.43,14881.2,0.376,8.0,8.0,12.94,27.48,0
15368,48.49,16437.6,0.0786,2.0,0.0,2.29,30.54,0
12706,87.1,12725.6,0.3876,5.0,4.0,11.01,2.27,1
12340,69.11,10793.6,0.3068,5.0,3.0,5.24,20.17,0
12195,99.62,10976.4,0.4613,7.0,7.0,16.8,1.8,1
13925,70.96,15081.6,0.196,2.0,2.0,9.54,26.92,0
16350,80.45,11559.3,0.2434,5.0,4.0,5.96,14.22,1
10490,78.86,10257.9,0.3677,7.0,7.0,14.56,16.68,1
15411,74.56,7144.8,0.2743,6.0,5.0,15.45,7.41,1
11206,62.94,15491.0,0.1573,5.0,4.0,3.77,37.19,0
12738,96.82,10592.6,0.5423,10.0,8.0,20.42,9.26,1
18327,73.44,12626.2,0.1286,2.0,3.0,10.49,19.33,0
10217,42.88,3456.5,0.0453,2.0,0.0,3.58,2.75,0
19322,66.2,9209.2,0.3681,5.0,3.0,13.29,6.27,0
16925,376.25,140735.5,-1.8349,9.5,161.0,118.66,43.83,0
16025,80.55,18413.2,0.2977,7.0,4.0,11.95,30.39,0
14564,60.7,8535.8,0.0917,6.0,4.0,7.33,1.62,0
18216,104.68,12162.2,0.5198,10.0,8.0,19.62,11.3,1
10360,63.47,10507.4,0.178,3.0,2.0,3.93,7.74,0
19896,68.98,16198.9,0.2337,5.0,4.0,8.07,37.64,0
18124,141.03,-46437.1,2.559,188.8,182.1,-50.7,68.91,0
14965,72.92,7476.6,0.4292,7.0,7.0,15.15,4.54,1
17970,55.31,12505.1,0.1334,2.0,1.0,3.7,3.61,0
10956,54.52,11443.2,0.0908,2.0,1.0,6.07,17.14,0
18675,53.31,9170.7,0.054,1.0,1.0,3.87,3.49,1
18314,49.19,15831.6,0.1168,0.0,1.0,3.77,15.24,0
16616,51.59,18905.6,0.0837,1.0,1.0,4.87,32.51,0
11667,78.48,8667.3,0.3468,4.0,6.0,9.97,13.45,1
16302,74.25,16904.4,0.3434,5.0,5.0,14.66,14.85,1
15191,75.84,17895.0,0.3552,8.0,4.0,15.97,23.86,0
16966,77.91,12612.5,0.3687,6.0,5.0,13.85,20.72,0
17198,80.72,11447.6,0.3207,6.0,5.0,17.05,17.16,1
18382,78.4,5597.4,0.4394,5.0,4.0,12.19,11.27,1
14678,57.1,16078.1,0.2146,5.0,3.0,10.93,34.29,0
10789,51.76,15531.0,0.1674,1.0,1.0,1.29,22.69,1
15251,71.46,9951.8,0.2214,6.0,4.0,10.68,2.75,1
12581,63.31,9853.8,0.1413,5.0,5.0,14.29,12.91,1
12687,108.1,16648.6,0.6233,10.0,9.0,19.01,30.83,0
17342,77.55,10746.5,0.3391,5.0,5.0,10.36,4.34,0
16869,67.16,16193.0,0.2284,5.0,3.0,6.0,28.65,0
16884,90.12,8228.6,0.4494,6.0,9.0,16.08,20.94,0
18598,65.85,9886.5,0.1925,3.0,4.0,8.48,23.97,0
12545,58.36,20567.4,0.1712,4.0,3.0,9.36,36.38,0
19192,66.45,12623.0,0.3592,7.0,6.0,16.77,12.38,1
13530,77.64,15852.9,0.2702,4.0,4.0,7.17,22.16,0
18833,95.69,11906.0,0.33,9.0,7.0,21.7,17.95,0
18865,100.4,6641.4,0.46,9.0,7.0,18.75,13.93,1
17526,67.15,14592.6,0.1291,3.0,2.0,5.89,26.71,0
13735,66.31,18301.3,0.3286,4.0,5.0,7.58,32.96,0
17297,57.01,10894.2,0.0836,2.0,3.0,5.24,17.21,0
13226,43.42,14576.2,0.0,1.0,1.0,3.06,18.21,0
19667,88.85,14247.5,0.3936,8.0,7.0,21.36,22.54,1
19018,54.11,9597.9,0.1716,3.0,1.0,9.9,3.02,0
14014,74.21,8003.6,0.4839,7.0,6.0,12.46,6.56,0
14596,58.59,15194.6,0.2743,4.0,3.0,8.32,17.73,0
10613,63.14,16565.5,0.1994,4.0,3.0,5.89,28.05,0
18505,83.03,9933.5,0.3306,7.0,6.0,13.12,4.8,1
10204,84.66,10413.1,0.4101,6.0,5.0,9.62,25.05,0
11055,69.45,14384.2,0.2674,6.0,5.0,9.46,21.47,1
15461,47.13,8325.3,0.224,1.0,2.0,8.08,5.53,0
11121,41.01,10209.5,0.0,2.0,1.0,3.87,2.42,0
14677,75.75,11482.9,0.3233,6.0,3.0,9.76,10.54,0
13095,32.11,18597.2,0.0325,0.0,0.0,0.0,24.82,0
19942,77.53,14551.4,0.3033,8.0,5.0,12.73,14.32,0
15796,74.16,16947.3,0.2035,5.0,5.0,13.07,35.3,1
19821,86.91,13401.4,0.3004,8.0,7.0,9.65,21.25,0
13976,81.35,14095.0,0.3026,6.0,4.0,11.87,20.07,0
14879,45.05,11866.7,0.1044,3.0,2.0,3.49,26.02,0
18046,79.85,14004.1,0.4469,7.0,4.0,14.2,32.27,0
17924,53.82,17616.2,0.1444,2.0,3.0,5.51,37.67,0
10614,77.14,13078.9,0.3291,6.0,5.0,13.99,15.01,0
18710,66.08,7762.9,0.2898,4.0,3.0,2.79,6.04,1
14152,71.59,9255.1,0.2352,5.0,4.0,13.63,11.56,0
18769,70.08,16601.4,0.3534,7.0,4.0,11.04,27.38,0
10989,76.14,13635.6,0.3,6.0,5.0,17.64,35.01,0
13476,84.0,10965.0,0.404,6.0,6.0,15.17,5.23,1
18337,78.3,16254.1,0.4142,8.0,7.0,12.2,34.25,0
17359,65.32,9603.4,0.3727,4.0,4.0,16.04,16.44,1
14059,74.3,7790.1,0.3072,4.0,4.0,12.53,1.03,1
11918,85.7,16889.5,0.3469,7.0,6.0,13.63,38.43,0
16032,87.26,12384.6,0.5093,7.0,9.0,13.65,25.08,0
15877,69.05,12164.9,0.3198,5.0,4.0,11.49,11.82,1
12363,54.85,11566.5,0.2521,2.0,2.0,3.8,7.1,0
11882,65.55,15460.0,0.3885,6.0,4.0,11.05,9.7,1
12739,75.13,10102.9,0.3008,6.0,5.0,9.61,23.46,0
11593,54.83,10749.8,0.245,3.0,2.0,7.61,4.42,0
18179,86.21,14012.9,0.3424,7.0,7.0,13.61,38.01,0
17664,61.81,13259.6,0.2218,3.0,2.0,5.12,10.67,0
10014,99.15,12321.7,0.4477,9.0,8.0,16.17,31.84,0
15760,56.43,16474.3,0.2717,3.0,2.0,9.26,27.62,1
16300,357.25,184633.7,-0.4726,190.2,-20.7,188.58,64.47,1
14466,50.81,10658.5,0.3108,6.0,4.0,13.74,7.41,0
14804,82.58,16071.8,0.4219,7.0,6.0,13.99,31.03,0
13677,68.22,11513.4,0.3341,5.0,3.0,6.52,20.88,0
16718,364.62,29784.7,2.1321,24.7,215.7,-64.35,24.84,0
17811,69.78,16906.5,0.4297,6.0,5.0,10.89,17.86,1
14164,82.49,10527.4,0.356,6.0,5.0,9.49,4.07,1
12525,77.62,18460.2,0.2531,3.0,4.0,8.42,33.86,1
18843,86.04,13243.9,0.5264,9.0,8.0,12.92,29.63,0
19431,85.04,11988.3,0.5123,9.0,7.0,17.13,21.93,1
14973,40.3,10558.1,0.0,0.0,0.0,0.0,9.45,0
13537,70.46,13854.1,0.3283,5.0,5.0,13.68,30.46,0
18531,56.1,14052.8,0.2654,3.0,3.0,8.14,39.08,0
10994,87.79,17664.4,0.3211,7.0,5.0,10.83,27.94,0
15244,50.28,15136.4,0.22,2.0,2.0,5.03,33.1,0
14565,71.4,14253.8,0.2225,4.0,3.0,6.85,18.13,0
17043,76.45,16971.0,0.1612,7.0,3.0,10.25,39.31,0
12013,52.63,17128.9,0.1536,2.0,2.0,6.11,23.92,0
18759,47.04,7234.3,0.0054,0.0,0.0,2.88,8.59,0
13477,58.48,13594.5,0.0104,1.0,0.0,0.6,10.95,0
16085,58.9,18980.2,0.2117,2.0,2.0,7.55,26.92,0
19254,52.85,14218.1,0.1093,3.0,2.0,5.67,7.25,1
16363,67.84,19144.2,0.3286,5.0,3.0,10.41,37.19,0
16010,88.92,17911.8,0.3665,9.0,6.0,18.0,8.68,1
16621,83.67,17836.5,0.3433,7.0,4.0,12.26,37.45,0
15000,63.53,13198.1,0.0371,4.0,2.0,6.45,7.47,1
13378,67.01,20028.9,0.2239,4.0,1.0,8.4,36.45,0
19798,75.14,15133.8,0.2624,3.0,4.0,15.52,27.29,0
12569,75.0,14681.8,0.257,4.0,3.0,13.82,32.22,0
10510,130.12,18276.1,-2.1595,240.0,241.0,142.98,53.0,0
17017,68.76,8218.4,0.1871,4.0,2.0,9.08,18.71,0
18345,97.24,19176.0,0.4436,8.0,8.0,23.15,24.21,0
16707,72.15,7896.6,0.3236,5.0,4.0,14.05,7.33,1
17390,76.83,14588.9,0.3088,8.0,4.0,13.44,20.43,0
17428,63.88,9066.0,0.1801,3.0,3.0,10.17,9.04,0
10002,93.45,14217.1,0.5153,8.0,7.0,21.38,20.54,1
14141,70.22,19233.6,0.3039,6.0,4.0,10.25,34.57,0
14817,71.59,13009.3,0.4074,4.0,5.0,13.23,15.09,1
19533,-74.59,-26091.3,2.0467,226.7,2.3,122.66,62.69,1
10590,50.42,7973.1,0.1447,3.0,0.0,5.6,17.94,0
12767,57.99,16739.1,0.0596,4.0,4.0,6.34,8.27,0
13515,79.9,16334.8,0.3293,7.0,5.0,10.68,34.57,0
15414,85.11,17178.7,0.4028,7.0,6.0,14.09,37.34,0
11479,62.19,16817.0,0.1917,5.0,3.0,6.96,26.29,0
13454,50.03,15052.5,0.13,3.0,2.0,0.84,22.25,0
12962,56.73,10573.1,0.1292,3.0,2.0,5.56,13.03,0
15318,90.53,16860.5,0.3614,9.0,7.0,12.87,17.52,0
10235,66.21,9449.9,0.3244,5.0,5.0,11.58,12.05,1
18869,69.89,7457.6,0.4468,7.0,6.0,9.16,1.48,1
15817,73.28,16316.3,0.2726,6.0,5.0,13.12,39.57,0
10350,73.33,14467.4,0.3446,6.0,4.0,11.03,8.03,1
19306,71.74,20531.7,0.4326,6.0,3.0,8.46,38.74,0
17031,80.72,12092.0,0.4002,7.0,7.0,7.88,2.73,1
15871,74.21,13600.6,0.3379,4.0,4.0,11.42,4.62,1
11545,41.03,15833.5,0.0,0.0,0.0,0.32,23.7,0
13474,99.62,16470.6,0.4613,7.0,7.0,16.8,36.04,0
15836,64.95,14944.8,0.1394,3.0,4.0,6.35,11.42,0
11020,68.25,10477.0,0.1863,5.0,2.0,12.37,24.09,0
14115,75.45,15658.0,0.3589,6.0,5.0,14.67,13.57,1
12809,65.88,14254.2,0.1963,5.0,3.0,7.41,20.68,0
17644,75.34,9869.2,0.3388,6.0,6.0,13.75,20.66,1
10513,55.07,14229.9,0.0941,2.0,1.0,4.1,21.95,0
12863,79.41,11531.4,0.4575,9.0,7.0,20.21,15.37,1
10478,58.49,14703.0,0.249,4.0,4.0,7.9,22.58,0
17887,101.51,11873.7,0.629,11.0,10.0,22.45,12.4,1
16721,68.02,8198.7,0.211,6.0,4.0,17.82,1.63,1
12822,75.06,13704.4,0.3433,7.0,4.0,11.49,24.27,0
11077,108.1,8580.9,0.6233,10.0,9.0,19.01,5.22,1
10665,84.37,19618.4,0.3343,6.0,5.0,18.09,36.1,0
15218,94.15,6563.3,0.5394,9.0,7.0,17.68,1.19,1
15445,49.51,15311.5,0.0114,2.0,0.0,0.41,2.78,0
14224,70.25,11233.7,0.4254,6.0,5.0,16.05,5.63,1
13361,60.05,19513.8,0.0603,3.0,3.0,5.57,37.54,0
15828,65.3,6227.9,0.2602,4.0,4.0,11.39,1.51,1
17929,54.36,17773.4,0.1447,4.0,2.0,7.54,28.3,0
11187,60.6,12658.0,0.3102,4.0,2.0,8.75,18.65,0
10945,72.53,12882.3,0.2596,7.0,5.0,13.37,14.83,1
17146,64.19,6081.2,0.271,4.0,2.0,9.94,18.4,1
16419,83.3,16890.8,0.6037,8.0,8.0,15.39,36.99,0
18168,56.03,12385.1,0.186,3.0,3.0,5.05,21.8,0
11387,71.3,17678.5,0.3738,6.0,4.0,13.85,37.32,0
17776,88.03,19571.2,0.4873,7.0,7.0,19.03,31.84,1
12707,66.36,14477.9,0.1937,4.0,5.0,10.6,8.25,0
19523,40.27,12730.7,0.2373,3.0,2.0,2.2,9.81,1
11851,48.14,10048.5,0.17,2.0,3.0,9.92,7.22,0
11640,85.87,9741.2,0.4094,6.0,4.0,15.95,13.57,0
17404,65.47,21018.4,0.3887,6.0,4.0,14.93,29.72,0
12506,53.12,17892.8,0.0398,2.0,2.0,3.52,33.79,0
15867,61.2,13143.6,0.1138,5.0,2.0,5.08,23.93,0
12485,100.09,14605.6,0.5795,9.0,10.0,18.0,36.73,1
16632,47.04,9815.5,0.0,0.0,0.0,0.0,8.54,0
12339,66.77,10676.3,0.1665,4.0,2.0,8.26,11.01,1
13948,72.94,13600.6,0.2497,6.0,4.0,12.78,16.22,1
13335,68.79,15278.0,0.078,5.0,3.0,7.75,21.46,0
19538,77.15,12919.7,0.4257,5.0,6.0,12.82,6.21,1
18302,94.65,9537.5,0.5216,11.0,9.0,15.22,4.18,1
10416,51.39,19771.1,0.0,1.0,1.0,6.15,37.23,0
13968,94.63,8673.7,0.4582,9.0,5.0,9.73,1.26,1
11351,100.16,16312.6,0.6024,11.0,9.0,20.64,28.35,1
16993,72.26,14470.3,0.1379,3.0,1.0,7.48,19.86,0
10144,39.41,13239.7,0.0,0.0,0.0,2.59,30.56,0
11638,35.42,10051.6,0.0106,1.0,0.0,0.15,7.17,0
16578,62.04,12165.4,0.2159,7.0,5.0,16.31,27.87,0
16594,51.79,11104.3,0.0771,1.0,0.0,0.0,11.41,0
10209,56.11,10234.2,0.0016,4.0,3.0,7.31,9.68,0
16877,70.63,20057.6,0.092,3.0,1.0,3.9,28.24,0
17661,81.81,16430.2,0.4336,6.0,8.0,13.03,38.61,0
17007,31.96,11377.6,0.1465,0.0,0.0,0.0,11.55,0
11050,461.05,11950.1,-2.6821,267.2,272.2,322.99,20.8,0
15335,85.37,15910.9,0.3076,7.0,6.0,12.05,13.72,1
11396,75.74,14506.8,0.2756,4.0,2.0,9.87,10.4,0
19842,79.82,17129.9,0.4727,7.0,5.0,11.54,38.11,0
12224,68.32,14957.6,0.3524,5.0,5.0,8.61,32.18,0
17312,83.95,15986.5,0.407,6.0,6.0,14.57,27.36,1
13706,65.28,6924.7,0.3349,7.0,7.0,12.98,2.46,1
16613,100.55,12147.9,0.4612,9.0,7.0,17.26,12.7,1
12613,60.0,9463.4,0.2372,4.0,2.0,8.97,9.84,0
18553,83.35,13413.4,0.377,5.0,6.0,14.46,12.52,1
13651,72.57,12456.7,0.3284,7.0,6.0,14.75,15.77,0
15387,69.38,9917.9,0.1762,5.0,4.0,6.24,6.95,0
12239,83.95,10426.4,0.407,6.0,6.0,14.57,7.12,1
16161,76.55,13177.0,0.5064,8.0,6.0,13.24,30.23,0
16943,58.26,15292.2,0.1343,4.0,4.0,10.06,28.5,0
15843,69.71,11037.2,0.239,3.0,4.0,7.53,4.26,1
10463,76.3,14037.8,0.2991,5.0,5.0,13.3,6.89,1
18042,56.15,10988.8,0.1455,3.0,2.0,3.47,26.3,0
19058,55.07,19817.4,0.0586,3.0,2.0,7.01,38.62,0
13322,79.72,16566.3,0.1694,7.0,5.0,12.12,27.5,0
16200,347.82,12589.8,1.7993,247.8,70.2,371.36,23.38,0
16436,55.68,22486.2,0.0931,1.0,1.0,2.57,38.88,0
15890,72.93,9589.0,0.1794,5.0,4.0,15.06,3.25,0
11794,53.68,15435.3,0.1582,2.0,1.0,4.3,19.47,0
15673,68.7,13029.8,0.3428,4.0,3.0,5.3,21.57,0
12996,88.28,15141.8,0.5595,8.0,6.0,16.59,35.92,0
17619,90.09,12067.6,0.1661,6.0,3.0,9.78,17.68,0
15059,66.09,13075.6,0.3009,5.0,4.0,7.86,12.77,1
10494,66.57,14390.2,0.2364,5.0,4.0,13.39,15.97,1
12876,87.41,9309.1,0.3858,8.0,6.0,12.79,6.01,1
17859,85.04,16595.4,0.5123,9.0,7.0,17.13,17.82,0
12311,62.9,11595.1,0.3339,4.0,4.0,10.27,15.77,0
16480,78.42,23264.8,0.4119,7.0,7.0,16.3,34.7,0
13070,80.75,18408.7,0.393,6.0,5.0,12.69,28.47,0
10055,46.89,18281.3,0.1012,3.0,1.0,5.14,20.37,0
12980,78.58,16798.8,0.4156,7.0,4.0,14.66,18.05,1
12590,-149.36,125544.2,0.4635,-9.9,253.5,305.97,85.45,1
18304,94.69,12124.9,0.6647,14.0,9.0,25.25,11.05,1
19397,27.82,12552.7,0.0,0.0,0.0,0.0,2.28,0
13391,79.95,9969.9,0.4475,8.0,6.0,12.69,8.96,1
11165,65.49,12332.3,0.1849,3.0,2.0,5.73,10.13,0
14684,84.67,8394.8,0.4648,10.0,8.0,16.11,4.67,0
15801,79.64,16021.6,0.2195,6.0,5.0,12.26,25.58,0
15197,90.95,12837.2,0.4236,8.0,8.0,14.05,19.56,1
10751,90.67,12288.0,0.477,9.0,7.0,13.85,24.57,0
17836,70.9,14754.8,0.4109,7.0,5.0,11.93,30.97,0
14575,97.59,16269.9,0.5673,10.0,8.0,21.88,24.88,0
15347,67.15,13601.0,0.1891,5.0,3.0,12.66,26.45,0
15576,76.66,11514.4,0.2035,5.0,4.0,8.93,12.24,1
13934,73.79,14242.4,0.3407,8.0,5.0,16.09,21.05,1
17741,56.37,6432.3,0.2391,2.0,4.0,9.14,6.71,1
19456,78.39,9690.0,0.3266,5.0,6.0,13.64,5.45,1
17018,82.36,12380.8,0.4014,4.0,3.0,13.1,24.31,0
18799,80.93,6782.8,0.3037,7.0,5.0,19.18,25.18,0
19495,78.01,17090.8,0.3275,6.0,6.0,8.41,39.64,0
16663,57.73,12066.1,0.1303,2.0,2.0,3.78,7.44,0
14968,67.25,16450.4,0.2805,4.0,3.0,13.32,18.24,0
14748,94.95,13144.7,0.6043,11.0,8.0,21.78,18.26,1
11096,58.87,17648.0,0.1209,3.0,1.0,2.81,28.96,0
17484,72.83,8844.6,0.3177,6.0,5.0,10.53,5.64,1
17303,56.06,13730.2,0.1734,3.0,3.0,6.08,5.68,1
17287,102.34,13076.1,0.4455,8.0,6.0,14.79,6.42,0
19745,33.47,11459.2,0.4291,296.4,-41.8,174.48,12.19,0
14532,81.0,8640.2,0.4311,6.0,6.0,12.45,2.21,1
11263,43.37,12376.7,0.0769,0.0,0.0,0.0,23.58,0
13089,79.94,15742.2,0.2298,4.0,4.0,11.01,13.13,0
14846,73.36,15323.6,0.3735,7.0,6.0,13.22,17.08,1
15793,72.06,14941.3,0.3427,7.0,5.0,10.65,28.88,0
19789,52.37,14970.3,0.2024,2.0,2.0,1.31,10.52,0
13847,67.69,13083.4,0.1609,5.0,4.0,6.83,27.55,0
10103,57.27,17090.3,0.1547,2.0,4.0,4.51,36.84,0
10368,74.54,8977.1,0.3515,5.0,6.0,14.99,11.57,1
15951,71.24,19848.1,0.3617,5.0,4.0,10.38,36.18,0
18230,92.39,15406.1,0.4696,7.0,7.0,13.13,25.94,0
19645,52.41,10583.1,0.0621,0.0,1.0,5.39,5.27,0
13437,61.18,12484.2,0.0777,3.0,2.0,3.38,4.65,0
19516,76.76,16013.9,0.29,5.0,6.0,16.98,37.84,0
10605,286.95,14371.8,-2.3201,-37.4,-14.5,4.91,24.0,0
13312,69.41,14441.2,0.3453,4.0,2.0,10.57,16.32,0
14836,53.25,13160.0,0.1323,3.0,1.0,5.66,19.77,0
11218,72.53,9084.4,0.3582,4.0,5.0,9.24,17.81,0
13298,84.18,12630.9,0.5272,6.0,6.0,14.06,18.59,0
10611,76.76,14288.1,0.343,6.0,4.0,11.81,30.82,0
15065,59.09,10202.6,0.2974,5.0,4.0,7.95,6.91,0
15152,62.72,20206.4,0.1759,1.0,2.0,1.56,26.31,0
15147,71.68,17031.0,0.2873,8.0,8.0,18.55,31.6,0
17564,53.88,12770.2,0.2093,1.0,0.0,3.85,25.37,0
15502,41.98,15674.7,0.0245,2.0,0.0,0.54,17.54,0
16675,64.94,14101.6,0.2444,8.0,6.0,11.17,22.0,0
18441,80.92,12379.0,0.4936,8.0,7.0,13.16,27.67,0
12735,114.12,14222.6,0.6836,12.0,10.0,25.15,17.8,1
17329,94.19,11987.3,0.5445,8.0,7.0,20.54,21.32,1
12148,99.66,15182.5,0.5785,9.0,7.0,21.7,26.15,0
13409,455.89,56707.9,2.7215,159.9,166.3,-74.63,85.51,0
14075,54.64,14541.9,0.2188,5.0,2.0,5.98,19.74,0
19479,36.06,19766.9,0.0813,2.0,1.0,4.57,24.06,0
14205,70.19,8307.4,0.4523,5.0,4.0,10.28,15.58,0
11019,76.97,20764.1,0.3513,5.0,5.0,10.83,39.48,0
10136,76.78,11899.6,0.2889,4.0,5.0,13.38,15.74,0
16498,56.28,14550.4,0.1885,3.0,4.0,6.51,22.57,0
11893,62.87,16260.0,0.2696,8.0,5.0,11.2,22.41,0
13087,85.98,9172.7,0.403,9.0,6.0,15.83,10.15,1
14761,82.36,15239.2,0.4014,4.0,3.0,13.1,23.82,0
10889,73.83,18563.8,0.3344,6.0,4.0,10.33,36.97,0
12559,46.54,18398.1,0.0,2.0,1.0,1.23,27.59,0
14321,78.58,10035.4,0.4156,7.0,4.0,14.66,4.52,0
19137,47.45,17261.3,0.0,0.0,0.0,3.29,36.49,0
11962,48.86,11812.7,0.2203,4.0,3.0,7.55,18.98,0
17679,87.01,15014.0,0.3394,6.0,6.0,19.49,14.93,1
10544,102.54,5907.7,0.5182,11.0,9.0,18.29,2.68,1
19123,84.37,9172.5,0.4993,7.0,7.0,20.24,4.6,1
16159,38.05,16882.5,0.0209,0.0,0.0,0.9,34.1,0
17684,76.63,19517.4,0.2235,3.0,2.0,8.72,17.26,0
18797,71.99,19081.8,0.369,6.0,4.0,9.52,29.23,0
10995,101.64,12475.7,0.5122,11.0,9.0,14.63,3.93,1
11115,40.17,11141.0,0.0,0.0,0.0,3.83,13.64,0
10887,88.7,9121.5,0.3901,8.0,8.0,17.73,2.51,1
16846,61.15,14428.8,0.121,3.0,1.0,7.74,28.45,0
15341,66.87,11840.4,0.2449,5.0,3.0,15.51,2.37,1
14189,50.37,7142.6,0.2373,4.0,3.0,5.41,20.66,0
14131,77.32,14016.4,0.147,3.0,3.0,8.7,4.65,0
17700,63.61,17248.3,0.2288,4.0,5.0,7.58,29.88,0
18446,61.97,20149.7,0.2062,6.0,4.0,7.14,37.39,0
10159,94.92,13607.1,0.451,8.0,7.0,19.67,22.75,0
18525,51.75,15510.6,0.1428,1.0,0.0,5.01,29.21,0
15243,63.9,15222.1,0.0717,3.0,2.0,2.22,22.92,0
12744,68.17,10879.8,0.3202,4.0,4.0,9.03,8.19,1
11122,106.58,11723.0,0.6473,10.0,7.0,17.3,13.56,1
17705,101.31,8753.6,0.5807,11.0,8.0,24.06,7.67,0
14976,76.22,12501.4,0.3772,7.0,5.0,9.79,22.04,0
10090,26.3,11914.1,0.0,0.0,0.0,0.0,13.07,0
14925,90.58,20672.6,0.4756,8.0,8.0,14.52,38.21,0
17794,74.11,9252.9,0.2905,4.0,4.0,11.94,7.71,1
16752,87.81,15075.5,0.3007,6.0,4.0,11.28,24.93,0
11280,51.1,9118.2,0.122,2.0,1.0,3.1,11.47,0
17821,55.9,17593.4,0.3385,4.0,3.0,7.53,34.23,0
17458,60.99,10145.8,0.0965,1.0,0.0,0.71,5.3,0
13372,81.36,10733.9,0.3984,6.0,6.0,18.34,22.84,1
13785,83.63,16121.1,0.4223,8.0,6.0,18.73,37.54,0
12354,70.23,11436.0,0.2867,6.0,6.0,10.7,3.25,1
18947,58.25,12450.7,0.1696,3.0,3.0,7.72,13.67,0
16665,64.22,16229.4,0.2454,4.0,3.0,7.99,35.43,0
18281,98.89,12214.3,0.509,11.0,8.0,23.67,9.16,1
15759,83.68,14730.9,0.2559,5.0,5.0,14.01,32.81,0
19030,55.08,13242.3,0.0995,5.0,2.0,6.44,19.72,0
17984,51.8,12051.5,0.0711,2.0,3.0,6.37,2.54,0
18122,68.68,9975.9,0.3156,4.0,4.0,12.64,1.49,1
10894,83.36,12867.5,0.3416,8.0,6.0,15.83,20.55,1
19487,58.77,7653.6,0.1592,3.0,3.0,6.95,12.96,0
12352,87.46,14158.8,0.3372,6.0,6.0,14.13,14.7,0
14868,67.18,12011.5,0.1922,3.0,4.0,9.4,21.41,0
12300,20.0,14276.0,0.0,0.0,0.0,0.0,5.13,0
15537,93.34,20174.2,0.3457,7.0,7.0,13.45,26.02,0
14749,113.84,20478.2,0.5325,10.0,8.0,18.89,24.0,0
16631,83.52,9954.8,0.409,8.0,7.0,14.37,1.34,0
10262,50.43,13055.4,0.2017,4.0,3.0,8.4,20.22,0
11181,63.16,7162.1,0.3785,5.0,5.0,14.87,11.27,1
13935,79.52,5406.1,0.1802,2.0,2.0,6.57,12.21,0
10150,64.27,6570.3,0.2167,7.0,5.0,10.6,4.52,0
10663,72.84,16126.6,0.1835,4.0,2.0,10.14,33.54,0
10635,69.49,14355.2,0.4037,6.0,4.0,8.36,19.52,0
11749,54.34,20545.1,0.2003,2.0,1.0,5.34,35.66,0
16495,88.7,11160.9,0.3901,8.0,8.0,17.73,7.18,1
15019,85.57,11443.7,0.4898,9.0,8.0,15.46,26.6,0
19461,64.06,15973.4,0.1916,4.0,3.0,12.07,29.45,0
17638,91.11,18057.8,0.4392,11.0,8.0,16.62,17.58,1
18202,45.63,12406.4,0.043,0.0,1.0,0.3,8.89,0
13629,76.92,18445.8,0.5191,6.0,7.0,12.35,26.28,0
19545,52.31,16437.1,0.0213,0.0,0.0,3.83,37.95,0
17437,66.7,10404.2,0.207,4.0,2.0,9.74,10.76,0
18309,207.79,156191.5,1.8815,-26.9,162.3,69.37,11.62,1
17208,99.17,11386.3,0.5815,11.0,9.0,24.53,32.49,1
19422,74.38,9923.5,0.3137,5.0,6.0,6.66,9.24,0
13317,84.17,14938.6,0.2459,6.0,4.0,13.33,22.54,0
18632,68.82,18121.8,0.2421,4.0,3.0,10.1,37.27,0
17538,77.49,7323.0,0.283,7.0,5.0,10.03,4.9,1
13927,96.05,10949.9,0.6109,10.0,9.0,23.52,10.27,1
13751,55.67,12524.0,0.1687,2.0,2.0,5.59,15.78,0
16571,46.25,9924.1,0.1643,2.0,1.0,3.55,10.07,1
17047,47.66,16025.9,0.0,1.0,2.0,1.06,18.09,0
15316,84.23,8849.8,0.3582,8.0,7.0,15.47,1.64,1
16339,64.44,16502.8,0.1598,3.0,3.0,7.8,24.72,0
14311,64.23,16641.5,0.2504,5.0,4.0,8.53,27.26,0
11523,57.16,11036.3,0.367,4.0,4.0,12.59,4.15,1
13076,52.31,13009.1,0.0472,0.0,1.0,2.69,22.72,0
12571,65.71,17536.6,0.1666,5.0,4.0,3.37,35.3,0
17481,70.4,17102.3,0.2009,3.0,3.0,8.56,26.54,0
15203,53.12,-23154.3,1.8286,77.6,-46.0,320.34,81.55,1
17537,267.49,180902.5,0.6838,51.5,-25.0,147.24,98.51,0
19528,56.75,14735.4,0.0908,0.0,1.0,0.28,14.72,0
17704,88.11,11621.9,0.5828,11.0,9.0,15.92,2.1,1
13351,56.76,10504.6,0.1304,1.0,3.0,2.48,9.79,0
13203,70.44,9402.0,0.2662,6.0,6.0,18.27,9.45,1
13220,58.72,12834.5,0.2018,5.0,4.0,8.31,1.93,0
17795,79.0,16611.6,0.497,9.0,7.0,15.74,28.3,0
16760,72.57,16652.3,0.2762,7.0,4.0,13.69,35.46,0
15973,65.96,9579.3,0.0612,3.0,2.0,5.67,6.22,1
13548,61.38,7680.3,0.2041,2.0,1.0,5.55,7.93,0
12761,109.58,18111.9,0.5891,9.0,8.0,18.19,32.13,0
10300,80.3,12461.8,0.3106,6.0,4.0,12.41,32.25,0
17921,51.08,12036.8,0.0907,2.0,0.0,1.52,10.64,0
16365,77.27,20402.2,0.2705,4.0,4.0,11.7,38.4,0
17411,63.44,14465.1,0.1762,4.0,1.0,12.32,17.2,0
12793,82.14,13319.1,0.313,7.0,4.0,12.94,6.03,1
10089,68.74,11886.6,0.4311,5.0,4.0,11.31,18.23,0
18223,62.72,8704.7,0.1759,1.0,2.0,1.56,14.4,0
11725,286.95,-10800.6,-2.3201,-37.4,-14.5,4.91,74.42,0
17292,62.07,12866.0,0.1618,4.0,3.0,4.03,17.5,0
13898,72.82,11870.4,0.2734,6.0,5.0,14.15,19.69,0
10473,77.37,9545.9,0.2813,6.0,4.0,10.42,15.36,0
19486,70.97,7979.0,0.454,7.0,6.0,15.92,5.85,1
15827,82.57,5886.6,0.4034,5.0,5.0,14.34,4.46,1
16101,189.13,24077.8,-2.3564,273.6,38.3,57.4,26.67,0
10954,85.28,8931.4,0.4897,7.0,6.0,12.75,3.39,1
18109,98.01,7750.4,0.7037,13.0,12.0,21.2,1.44,1
11056,67.85,7077.9,0.2224,2.0,1.0,8.86,11.08,1
18902,59.27,16171.5,0.1239,3.0,2.0,3.37,33.24,0
15532,59.82,8284.2,0.1905,3.0,2.0,5.61,10.26,0
17947,27.02,18138.6,0.0,0.0,0.0,0.0,33.69,0
10928,60.03,13798.5,0.1548,2.0,3.0,2.73,26.91,0
18369,63.0,6682.8,0.2715,4.0,2.0,4.73,2.28,0
18169,72.17,21554.3,0.2262,5.0,3.0,12.67,35.26,0
11721,47.58,7789.0,0.0663,2.0,1.0,0.0,9.41,0
17978,84.11,15449.3,0.4968,11.0,7.0,17.02,39.4,0
12724,70.91,16100.9,0.269,4.0,3.0,11.09,32.97,0
11160,53.92,10236.0,0.2064,3.0,2.0,3.8,8.37,1
18353,68.13,12215.8,0.2633,5.0,3.0,12.26,10.64,0
19560,88.99,12762.7,0.4297,8.0,8.0,18.71,7.72,1
11128,71.75,10722.7,0.4034,7.0,4.0,13.37,18.06,0
12953,81.05,10628.8,0.4,6.0,5.0,17.25,5.99,0
18085,55.27,15483.9,0.3044,4.0,3.0,7.88,18.86,1
15051,73.14,10274.4,0.2234,6.0,4.0,6.11,15.06,0
14605,53.63,14924.6,0.1285,1.0,1.0,7.71,25.25,0
16816,69.67,12742.5,0.1808,3.0,3.0,1.42,26.59,0
10753,102.09,9651.9,0.5887,12.0,9.0,17.12,6.39,1
16952,66.38,11522.5,0.2897,5.0,5.0,11.09,17.23,1
14989,65.42,12482.7,0.224,5.0,3.0,7.75,12.06,0
10338,79.61,18948.0,0.3139,5.0,5.0,15.15,20.98,0
17465,79.35,15667.7,0.3142,6.0,4.0,9.41,34.65,0
11259,57.11,14548.2,0.1137,0.0,1.0,8.31,35.15,0
19882,77.87,17434.9,0.3648,6.0,6.0,13.69,16.09,0
10313,73.82,10578.4,0.2963,6.0,6.0,10.64,7.23,1
18700,78.22,9023.0,0.4181,7.0,7.0,22.16,2.11,1
14669,81.39,7823.2,0.5198,8.0,7.0,18.47,5.83,1
18380,57.29,13104.6,0.1385,2.0,1.0,0.0,3.23,0
11768,80.72,10244.9,0.4002,7.0,7.0,7.88,13.27,0
19962,24.77,11503.1,0.0,0.0,0.0,0.0,12.46,0
19021,77.01,10866.9,0.3456,8.0,5.0,15.34,15.79,1
10897,77.35,13532.2,0.2519,3.0,4.0,7.92,21.82,0
18283,77.1,16184.6,0.48,9.0,8.0,17.82,36.69,0
17133,79.09,15553.6,0.395,4.0,7.0,17.31,30.68,0
16437,35.61,10089.5,0.1918,0.0,2.0,0.0,2.56,0
15970,76.4,15731.4,0.3246,5.0,5.0,11.7,16.7,0
12716,70.96,19648.6,0.3412,6.0,6.0,15.23,39.46,0
19445,86.61,18705.8,0.3129,8.0,3.0,12.61,34.19,0
16720,63.22,16398.1,0.2828,4.0,3.0,7.94,30.85,0
11104,94.98,13045.5,0.6674,11.0,9.0,19.61,6.99,1
15728,88.47,17017.7,0.2672,6.0,7.0,17.37,39.48,0
14252,85.31,20812.1,0.5011,7.0,5.0,18.9,37.01,0
11931,65.81,15391.4,0.355,6.0,5.0,9.74,23.01,0
15380,75.93,16374.0,0.4002,8.0,7.0,17.45,24.36,0
16592,70.67,12589.4,0.1816,4.0,1.0,9.2,20.59,0
13718,21.05,14829.9,0.0,1.0,0.0,1.02,25.89,0
16769,69.18,16639.6,0.2243,5.0,6.0,11.91,28.95,0
15772,77.06,9688.9,0.3749,6.0,5.0,12.66,15.81,0
15865,68.46,18890.0,0.3151,5.0,5.0,5.46,36.99,0
12884,461.64,123879.7,-0.5983,186.8,156.4,391.86,-19.63,0
17253,73.94,7090.3,0.4417,5.0,6.0,9.88,18.2,0
14203,86.52,15270.5,0.3239,7.0,6.0,12.49,29.3,0
10251,72.55,13383.4,0.158,5.0,3.0,7.14,31.84,0
14221,79.71,14346.6,0.4616,7.0,6.0,12.16,20.75,1
12831,64.23,13014.4,0.2944,6.0,4.0,9.7,20.9,0
15394,105.38,13395.8,0.5634,9.0,8.0,25.17,34.86,0
10572,83.08,11865.7,0.4113,7.0,5.0,12.96,12.89,0
18207,68.09,8837.6,0.2372,4.0,3.0,12.58,2.54,1
11600,79.98,7893.8,0.3015,5.0,5.0,9.53,7.46,1
10740,81.18,12170.9,0.3586,7.0,5.0,16.59,14.85,1
18236,95.77,14425.7,0.5999,9.0,8.0,20.01,20.73,1
13434,76.98,7523.1,0.3226,7.0,5.0,12.56,2.85,1
17896,130.12,10326.2,-2.1595,240.0,241.0,142.98,23.67,0
12764,61.92,12837.4,0.2257,3.0,3.0,3.82,37.25,0
16650,76.98,8801.0,0.2565,5.0,5.0,11.44,8.68,1
18982,96.63,17962.4,0.5055,9.0,8.0,20.79,39.98,0
15620,54.88,8671.5,0.2002,3.0,3.0,5.12,12.75,0
18544,72.49,7945.6,0.3097,7.0,6.0,11.79,5.77,1
15237,74.29,12960.4,0.3355,7.0,6.0,6.9,35.83,0
19455,54.9,15518.9,0.1475,2.0,0.0,3.75,23.86,0
10738,68.83,14599.7,0.2808,6.0,4.0,8.11,11.81,0
15426,66.03,13263.3,0.2825,5.0,3.0,8.72,32.95,0
16323,91.61,8752.6,0.3008,9.0,5.0,15.7,3.12,1
11344,103.14,14459.7,0.6264,10.0,8.0,19.55,10.46,1
18964,74.78,13475.3,0.4209,7.0,6.0,11.76,5.49,0
15439,94.94,13978.2,0.4856,9.0,8.0,21.55,9.06,1
16573,67.99,7182.9,0.1878,2.0,2.0,8.57,9.97,1
17757,42.4,16781.7,0.0815,1.0,1.0,4.51,28.62,0
11289,57.67,15540.0,0.1445,2.0,3.0,2.07,39.52,0
11201,71.15,10502.3,0.4195,6.0,8.0,11.17,6.72,0
10533,76.8,7353.8,0.4216,8.0,6.0,13.58,6.86,1
18548,42.79,15759.1,0.0339,0.0,0.0,0.0,14.84,0
17895,84.66,12349.3,0.4101,6.0,5.0,9.62,25.79,0
14774,45.08,16993.0,0.0837,1.0,4.0,5.4,37.49,0
16103,49.89,19873.5,0.1138,2.0,0.0,1.47,33.05,0
16325,54.46,8942.3,0.1762,3.0,2.0,6.11,4.63,0
16909,57.75,13096.9,0.1991,4.0,3.0,1.08,24.48,0
11790,97.59,12376.3,0.5673,10.0,8.0,21.88,26.27,1
18918,76.4,15794.7,0.4167,7.0,7.0,15.85,21.58,0
11822,45.2,10723.6,0.1528,2.0,1.0,2.11,28.69,0
18012,90.39,11288.7,0.5272,10.0,8.0,16.92,1.11,0
17424,83.04,17437.3,0.4091,6.0,5.0,14.51,39.84,0
11446,68.33,10064.1,0.1491,3.0,3.0,5.04,13.8,0
10461,157.25,170925.7,-0.2225,188.7,27.9,227.04,74.15,1
16269,88.28,14179.0,0.5595,8.0,6.0,16.59,33.25,0
13736,76.19,12283.7,0.4033,6.0,5.0,10.44,12.12,0
15533,76.9,18813.8,0.2571,3.0,4.0,11.88,39.49,0
12965,87.5,13703.7,0.3162,5.0,3.0,7.29,29.41,0
11507,67.65,13054.9,0.2737,6.0,4.0,4.52,3.37,0
19772,60.37,12380.3,0.2061,5.0,4.0,5.11,11.61,0
10324,82.35,11706.2,0.4196,7.0,6.0,15.19,18.69,1
13157,80.76,18621.9,0.3137,5.0,4.0,8.98,31.3,0
17345,51.88,11827.2,0.0,0.0,0.0,0.16,16.85,0
17068,52.85,17374.8,0.1093,3.0,2.0,5.67,24.14,0
12693,90.39,15468.8,0.5272,10.0,8.0,16.92,38.05,0
17167,77.45,18241.1,0.3796,6.0,5.0,11.58,28.46,0
11909,77.58,11361.2,0.3976,5.0,4.0,13.48,14.49,1
12825,80.89,14457.4,0.3375,6.0,6.0,13.43,28.23,0
11990,40.8,13759.8,0.0,0.0,0.0,0.0,28.65,0
17838,76.15,9905.5,0.1525,6.0,4.0,13.24,20.83,0
15944,93.65,9009.4,0.4474,9.0,8.0,15.17,4.13,1
18653,80.58,15764.1,0.4703,7.0,4.0,10.28,37.05,0
17883,70.88,10721.6,0.2709,6.0,5.0,10.74,8.5,1
14359,46.25,8321.1,0.1643,2.0,1.0,3.55,1.1,1
18853,45.48,14911.4,0.1805,3.0,2.0,3.75,31.6,0
12684,64.07,18664.2,0.2569,4.0,2.0,4.66,34.5,0
13946,70.25,14972.0,0.4254,6.0,5.0,16.05,22.3,0
11746,69.81,13836.6,0.2734,4.0,3.0,6.05,32.38,0
16558,48.48,13676.3,0.0492,1.0,2.0,7.75,14.21,0
13823,67.7,12009.4,0.2739,5.0,4.0,8.51,1.08,1
14717,297.95,75274.5,-1.741,72.4,134.9,205.23,83.92,0
18957,75.69,13084.7,0.3595,6.0,4.0,8.67,32.98,0
11032,69.99,8620.5,0.3063,5.0,3.0,6.29,13.66,0
11890,33.16,16539.0,0.072,0.0,0.0,3.47,12.04,0
13088,85.41,16402.1,0.5967,8.0,7.0,14.72,9.65,1
12501,54.86,13394.7,0.3098,6.0,3.0,8.28,30.94,1
11230,42.61,14173.5,0.1478,2.0,1.0,2.97,28.19,0
16849,60.66,17715.1,0.2513,3.0,3.0,4.79,27.29,0
18377,54.24,17804.0,0.0939,2.0,0.0,4.34,20.33,1
14410,58.5,13390.3,0.0516,3.0,2.0,1.77,21.2,0
11455,74.79,8769.9,0.2708,6.0,3.0,7.22,14.42,0
17057,51.29,11934.2,0.0205,0.0,0.0,0.0,21.06,0
10376,76.29,10070.4,0.3283,3.0,5.0,9.62,33.04,0
17080,75.8,15853.4,0.4158,8.0,5.0,11.81,31.68,0
17491,5.76,6205.4,1.5419,95.2,197.0,396.82,82.29,1
13443,88.5,8738.4,0.3186,8.0,7.0,10.08,5.06,1
12823,69.11,17477.1,0.3927,5.0,5.0,7.32,21.73,0
15779,54.86,16094.7,0.2487,3.0,1.0,4.54,13.86,0
16423,65.45,19078.0,0.0978,2.0,3.0,4.07,30.72,0
13105,-100.57,173048.3,1.3152,196.5,236.0,344.18,-4.2,1
12003,60.89,11591.8,0.1714,1.0,3.0,2.32,17.79,0
13160,70.81,16269.5,0.1575,4.0,3.0,6.63,35.44,0
18574,76.82,10140.6,0.4453,7.0,5.0,15.93,10.52,0
10721,52.91,7887.7,0.2204,2.0,1.0,6.7,11.53,0
17023,69.17,11417.8,0.3111,5.0,3.0,11.94,19.12,0
11100,66.17,20296.2,0.3586,4.0,5.0,8.35,28.06,0
18711,78.88,10918.8,0.3753,7.0,3.0,9.47,9.66,0
13865,54.24,7666.1,0.0939,2.0,0.0,4.34,13.82,0
17802,96.63,7924.2,0.5055,9.0,8.0,20.79,1.46,1
17244,76.33,15882.9,0.4169,5.0,5.0,11.31,29.02,0
14069,74.88,10473.6,0.3214,7.0,6.0,12.94,4.92,1
13093,85.02,22178.8,0.3516,6.0,3.0,14.79,38.51,0
13527,67.69,12667.7,0.3781,7.0,5.0,3.94,19.11,0
12803,55.44,9056.0,0.2432,3.0,4.0,8.68,12.84,0
16674,61.18,11985.1,0.3103,5.0,4.0,11.78,29.13,0
19606,74.57,19720.7,0.3723,7.0,7.0,14.71,31.89,0
10619,81.51,9590.4,0.441,5.0,6.0,10.2,14.14,0
13593,73.4,12079.9,0.1701,6.0,5.0,9.51,11.89,1
13902,40.57,14252.5,0.0,1.0,0.0,0.0,38.64,0
12279,57.44,10237.0,0.2234,2.0,3.0,12.24,22.17,0
11968,83.22,16206.1,0.3736,7.0,5.0,11.33,33.33,0
11795,84.69,14729.6,0.3978,8.0,6.0,14.45,34.32,0
12305,75.68,15714.5,0.2765,6.0,5.0,8.62,16.03,0
16802,57.93,12110.9,0.2037,4.0,3.0,4.5,34.75,0
11098,50.67,9508.7,0.1504,3.0,3.0,6.18,13.5,0
18764,103.03,16031.8,0.3945,8.0,8.0,17.34,38.82,0
17997,75.19,13277.4,0.13,6.0,3.0,11.39,32.97,0
15014,52.82,15889.6,0.1665,2.0,0.0,2.08,22.96,0
18612,92.42,12693.5,0.4327,8.0,7.0,10.43,4.77,1
14796,58.11,12582.9,0.1265,2.0,3.0,8.75,13.62,0
15239,59.55,12516.4,0.223,4.0,4.0,9.56,6.42,1
11698,75.84,17743.3,0.2533,5.0,4.0,10.53,10.67,1
18624,57.29,-5525.8,-2.162,261.9,295.4,234.74,16.16,1
17871,99.27,20188.8,0.6663,10.0,9.0,22.03,37.57,0
19510,83.42,12864.2,0.4742,7.0,7.0,18.94,33.34,0
16782,50.3,9538.8,0.0266,4.0,1.0,7.88,20.6,0
11722,88.11,17856.1,0.4302,8.0,4.0,17.07,30.77,0
19690,238.61,81362.7,-1.1889,212.8,155.6,134.27,51.29,0
11603,51.98,11102.6,0.2735,5.0,3.0,13.63,26.07,0
19976,74.46,12935.7,0.3996,5.0,5.0,14.05,30.49,0
19370,54.27,18573.8,0.0,2.0,1.0,0.0,23.26,0
11646,83.21,18311.6,0.4105,8.0,6.0,15.26,20.78,0
17519,60.78,11261.5,0.2198,3.0,3.0,8.76,22.19,0
15700,61.97,10603.7,0.2552,6.0,2.0,9.24,13.04,1
19830,47.03,16172.6,0.0118,0.0,0.0,1.75,17.48,0
14584,60.11,13309.6,0.0888,4.0,2.0,13.15,20.32,0
19449,55.44,17343.2,0.1866,5.0,6.0,5.28,19.14,0
16052,69.68,8305.5,0.2996,7.0,6.0,10.36,14.86,0
18197,59.4,18526.2,0.0817,2.0,3.0,4.67,25.51,0
15141,70.16,12525.7,0.3374,6.0,5.0,8.45,18.25,0
14583,58.87,12280.0,0.1209,3.0,1.0,2.81,34.78,0
11915,39.99,6491.2,0.0,0.0,0.0,0.0,4.37,0
14733,66.45,14006.2,0.2905,3.0,3.0,4.82,34.89,0
11371,53.22,17126.3,0.0464,3.0,1.0,0.46,33.23,0
19663,37.51,13057.1,0.076,1.0,1.0,3.95,29.48,0
12750,79.36,11831.2,0.4904,7.0,7.0,21.99,25.09,1
11840,48.93,16937.3,0.12,3.0,2.0,10.2,37.06,0
13033,61.93,11276.8,0.1842,3.0,3.0,2.0,14.19,0
11264,91.2,19089.3,0.4737,9.0,6.0,14.91,39.83,0
19801,90.36,8872.4,0.4004,7.0,6.0,13.53,8.73,1
11819,51.66,15023.7,0.1264,0.0,1.0,7.56,6.99,0
16835,33.47,174334.1,0.4291,296.4,-41.8,174.48,23.6,0
16188,85.87,16098.6,0.4094,6.0,4.0,15.95,37.51,0
12538,61.37,12652.6,0.1262,5.0,3.0,9.24,18.44,1
19911,81.76,12967.6,0.4189,7.0,6.0,14.57,21.12,0
12210,63.68,10923.0,0.268,2.0,3.0,6.44,5.83,1
17653,60.9,13414.4,0.3025,5.0,3.0,9.63,31.69,0
15138,45.04,14466.4,0.1997,4.0,2.0,5.5,35.82,0
15517,71.69,18072.8,0.2474,5.0,4.0,10.24,35.05,0
17701,61.4,16587.0,0.2891,7.0,4.0,8.46,36.62,0
14873,64.05,12660.1,0.2542,3.0,5.0,9.21,22.99,0
18518,90.97,17977.2,0.5204,11.0,8.0,16.41,28.93,0
16197,-127.38,195216.8,1.3289,98.8,146.6,-36.37,16.79,0
16201,72.5,5698.6,0.2924,4.0,3.0,8.24,8.53,0
11983,61.17,16452.7,0.1628,2.0,1.0,4.29,39.19,0
15241,47.51,13998.0,0.3618,3.0,2.0,8.14,15.24,0
12489,71.03,12915.0,0.2293,5.0,3.0,9.28,2.31,0
10863,73.09,17035.0,0.3367,6.0,5.0,14.0,35.38,0
17860,270.8,188927.8,-2.2394,225.6,238.6,48.48,43.73,0
17257,75.56,16294.1,0.2415,6.0,5.0,8.37,37.4,0
18020,96.97,7555.0,0.5432,11.0,9.0,24.33,13.18,1
15192,65.28,13634.9,0.1627,3.0,2.0,0.73,33.86,0
15693,75.87,14850.1,0.1744,4.0,3.0,6.22,22.69,1
10599,352.55,-10033.1,-0.8687,6.0,0.7,168.43,63.76,0
19893,57.3,10863.3,0.2121,1.0,3.0,4.76,10.38,0
14128,73.39,11958.7,0.3411,7.0,5.0,14.13,4.55,1
14103,105.27,11876.8,0.5455,10.0,10.0,20.52,2.03,0
19963,62.66,13683.8,0.0971,1.0,4.0,5.01,35.12,0
15488,53.75,18392.9,0.0626,3.0,1.0,3.27,37.49,0
19072,66.1,9180.1,0.3072,3.0,3.0,6.99,6.4,0
10949,84.29,14954.7,0.2239,6.0,6.0,13.38,35.72,1
15098,71.4,10620.2,0.2083,2.0,3.0,4.65,16.29,0
15757,78.03,7864.6,0.4508,7.0,6.0,10.92,10.31,1
13759,54.84,14223.6,0.1936,4.0,3.0,5.34,31.36,0
15450,63.84,17891.2,0.2481,3.0,2.0,3.98,24.79,0
13579,59.41,10895.3,0.2329,2.0,3.0,7.01,14.25,0
11423,71.93,11696.6,0.2859,6.0,5.0,11.39,16.38,0
15372,71.72,10994.3,0.3255,7.0,6.0,15.22,11.75,1
18580,59.28,16707.8,0.2021,5.0,3.0,9.84,23.61,0
17666,59.7,10494.2,0.3078,5.0,4.0,6.13,24.1,0
10644,53.44,13634.0,0.1838,2.0,1.0,7.32,17.25,0
17020,100.09,14036.0,0.5795,9.0,10.0,18.0,21.34,1
10647,249.23,24219.7,-0.4848,18.4,188.2,256.52,-2.59,0
14212,65.1,16890.3,0.1678,3.0,4.0,10.01,32.23,0
16946,83.95,14636.4,0.407,6.0,6.0,14.57,37.93,0
19234,225.76,72666.4,2.4192,208.2,96.0,88.08,23.15,1
12144,64.99,15265.4,0.2957,6.0,2.0,13.39,34.81,0
16172,43.69,20636.0,0.0137,2.0,2.0,1.71,39.53,0
11656,55.83,15146.0,0.204,1.0,3.0,4.64,7.14,0
10589,48.61,16785.0,0.048,4.0,2.0,3.51,20.99,0
13329,75.66,17445.1,0.4958,6.0,6.0,16.53,16.14,1
19624,45.39,15822.3,0.0964,0.0,1.0,0.78,33.93,0
19622,70.59,13626.6,0.3336,7.0,5.0,11.25,14.85,1
15765,75.91,15671.0,0.4255,8.0,7.0,14.58,25.6,0
19760,73.76,12234.7,0.3743,8.0,5.0,14.66,27.41,1
11154,84.94,8534.1,0.4367,6.0,8.0,18.24,16.44,1
15176,85.85,14344.3,0.4451,9.0,6.0,19.04,31.88,0
14966,53.31,12189.8,0.054,1.0,1.0,3.87,26.42,0
15946,41.09,12572.9,0.0,1.0,0.0,0.0,12.35,0
14682,47.03,15007.5,0.057,2.0,0.0,0.0,21.96,0
19974,82.72,9770.5,0.4598,5.0,5.0,13.49,7.04,1
17882,76.27,11481.5,0.3284,8.0,7.0,14.88,9.18,1
19548,52.34,10772.0,0.2034,2.0,2.0,8.07,30.86,0
11873,52.86,9259.8,0.1167,4.0,1.0,7.56,11.85,0
11900,82.26,14632.0,0.3298,5.0,6.0,11.33,11.79,1
15071,69.55,14541.0,0.1808,3.0,3.0,10.63,39.55,0
13673,74.78,10630.5,0.4209,7.0,6.0,11.76,7.58,1
12785,76.86,18865.8,0.3241,6.0,6.0,13.15,29.51,0
15442,71.01,8694.8,0.2353,6.0,4.0,11.79,22.81,0
13912,91.03,15726.3,0.4382,6.0,6.0,17.75,9.66,1
15007,50.28,14633.3,0.0,0.0,0.0,1.85,18.15,0
13470,66.22,8879.4,0.2476,4.0,3.0,13.06,6.59,0
15278,70.75,15988.9,0.3909,5.0,6.0,10.73,13.25,1
11081,74.91,19678.5,0.3032,5.0,5.0,12.44,33.24,1
12855,74.21,16014.6,0.4839,7.0,6.0,12.46,29.67,0
15158,102.13,11120.8,0.5668,10.0,8.0,24.71,27.5,0
19827,97.93,15092.4,0.514,7.0,8.0,20.65,32.47,1
15850,56.4,16718.4,0.1309,3.0,2.0,5.19,30.91,0
18062,105.17,17591.1,0.6886,12.0,10.0,26.55,19.74,1
19308,78.45,16038.6,0.2574,5.0,5.0,8.78,9.59,1
18934,-176.62,-10655.6,-2.6431,200.2,8.6,244.56,80.35,0
15474,76.36,17139.6,0.4194,6.0,7.0,20.04,36.37,0
17772,69.91,18354.2,0.3435,6.0,2.0,9.6,38.28,0
12164,34.25,10985.8,0.0,0.0,0.0,0.0,13.83,0
13772,83.46,15772.7,0.3797,10.0,5.0,18.33,34.03,0
15163,61.04,7912.9,0.2052,4.0,2.0,8.44,4.05,1
18909,72.03,13314.5,0.1938,5.0,4.0,9.32,19.09,0
16426,59.37,18683.1,0.1426,0.0,2.0,7.76,39.65,0
18645,44.86,17919.3,0.1558,0.0,1.0,2.67,28.1,0
18704,76.06,12262.1,0.3505,6.0,4.0,13.13,18.74,0
16737,59.64,14944.7,0.2325,3.0,3.0,5.13,34.84,0
14249,38.13,11505.0,0.0,0.0,0.0,0.26,14.12,0
19843,73.87,10724.5,0.2142,6.0,5.0,12.62,2.65,1
11272,57.19,10013.4,0.2146,2.0,3.0,5.5,10.88,1
15360,64.52,12736.2,0.2796,4.0,3.0,11.96,28.5,0
14443,73.22,15325.8,0.2595,5.0,4.0,10.72,24.32,0
13416,80.96,9577.7,0.5111,7.0,6.0,16.7,6.11,1
13777,70.89,12511.3,0.4308,6.0,5.0,13.42,37.06,0
17150,101.31,12115.8,0.5807,11.0,8.0,24.06,21.25,1
13274,80.66,15530.0,0.3727,7.0,4.0,15.32,22.33,1
17064,57.24,6541.6,0.1931,4.0,3.0,11.15,7.02,0
17157,77.89,14959.8,0.3592,6.0,5.0,13.24,22.33,0
11653,65.04,14155.2,0.1164,2.0,3.0,2.13,20.62,0
10343,77.64,16808.1,0.4185,8.0,5.0,14.3,17.89,1
16977,62.42,14419.1,0.1437,3.0,2.0,5.56,35.62,0
13544,75.52,17311.5,0.3175,6.0,4.0,7.54,37.82,0
13397,66.45,15208.8,0.183,3.0,4.0,8.18,8.08,1
15500,70.1,20384.6,0.3139,6.0,6.0,12.36,38.22,0
10353,74.18,18507.8,0.2836,5.0,5.0,9.41,30.29,0
10805,65.74,11728.3,0.3346,5.0,3.0,4.63,4.45,1
10284,71.17,8463.0,0.3795,7.0,5.0,14.74,5.22,1
14984,71.74,10256.9,0.3432,7.0,5.0,11.18,22.41,0
10768,58.22,16180.8,0.1242,1.0,1.0,5.36,38.49,0
18117,76.06,16429.7,0.3671,6.0,6.0,12.03,29.89,0
19508,65.31,9841.6,0.2131,5.0,5.0,9.47,18.79,0
11863,52.04,10218.6,0.0565,1.0,3.0,6.29,13.56,0
18578,63.78,16488.6,0.0298,1.0,0.0,0.0,13.47,0
10758,68.03,18525.6,0.1868,4.0,5.0,8.07,37.49,0
19255,86.14,10803.0,0.5175,11.0,7.0,18.37,29.21,1
17230,66.13,16562.6,0.3295,3.0,2.0,8.05,35.39,0
19429,49.8,15018.8,0.058,0.0,0.0,0.0,36.19,0
19281,41.38,13799.9,0.0185,0.0,0.0,0.0,18.49,0
12221,58.18,13447.2,0.0,1.0,1.0,2.88,20.29,0
14475,51.62,14415.3,0.0805,1.0,0.0,5.0,24.5,0
15359,75.02,10129.9,0.3493,5.0,5.0,14.33,5.07,1
15209,78.87,11761.4,0.2638,5.0,5.0,9.06,3.08,0
17770,89.01,12696.2,0.4411,7.0,6.0,14.61,7.35,1
15906,49.72,9675.3,0.2205,5.0,3.0,6.16,13.31,0
13214,60.79,14808.6,0.1517,2.0,3.0,7.41,10.59,1
19569,83.09,19319.1,0.3412,7.0,4.0,15.42,29.56,0
19412,74.34,10272.5,0.4061,6.0,7.0,10.96,16.22,0
11357,98.53,21627.8,0.419,10.0,7.0,18.68,32.15,0
14101,65.22,15267.4,0.1814,4.0,2.0,7.92,25.18,0
14039,83.83,11185.1,0.5256,7.0,5.0,13.14,12.6,1
18753,68.2,10303.6,0.3069,3.0,5.0,4.56,10.53,0
11057,78.5,13645.8,0.2256,5.0,5.0,7.86,30.17,0
14450,91.47,11645.8,0.5393,8.0,6.0,13.88,11.67,1
11814,78.4,12154.8,0.3444,9.0,6.0,16.66,27.68,0
12814,111.61,14063.8,0.5727,11.0,8.0,20.91,6.54,1
15269,33.46,16128.4,0.0,0.0,0.0,0.0,28.56,0
11216,100.15,10782.5,0.2412,-46.2,56.2,318.15,8.4,1
15480,63.53,16121.2,0.0371,4.0,2.0,6.45,30.64,0
17559,95.06,12132.2,0.616,8.0,6.0,16.31,27.75,1
16573,67.99,7182.9,0.1878,2.0,2.0,8.57,9.97,1
13448,59.23,20121.4,0.0544,1.0,2.0,1.45,36.85,0
14782,73.66,19578.6,0.2561,6.0,4.0,8.73,37.66,0
16055,70.19,12963.1,0.3185,5.0,4.0,8.14,24.95,0
13287,93.87,9660.9,0.4823,9.0,7.0,14.82,9.14,1
14492,54.74,18468.8,0.2567,6.0,4.0,6.75,26.85,0
18338,86.52,17917.1,0.3239,7.0,6.0,12.49,22.65,1
13610,-141.97,68862.7,1.7161,41.3,181.4,230.75,92.49,1
14368,53.53,10118.0,0.2168,3.0,2.0,2.89,29.24,0
17618,267.5,13906.7,1.2709,87.0,-45.4,218.53,5.28,0
13452,77.99,11750.6,0.4193,6.0,4.0,9.0,4.93,1
16310,81.11,13731.1,0.3751,5.0,4.0,12.11,23.94,1
18595,47.98,13593.5,0.0703,3.0,0.0,1.24,15.87,0
12703,4.8,34246.6,-1.8219,-42.4,279.9,199.32,73.92,0
19170,64.57,19331.3,0.3525,5.0,4.0,14.32,32.17,0
18588,66.38,11777.1,0.2134,4.0,2.0,7.2,22.96,0
17053,87.34,17553.3,0.5319,8.0,9.0,16.75,22.65,1
17466,39.72,14835.3,0.0803,0.0,0.0,0.0,27.34,0
12333,76.61,12871.6,0.2446,7.0,4.0,12.26,31.53,0
16316,74.84,11848.0,0.4337,7.0,8.0,18.42,19.34,0
15391,67.52,12679.5,0.2089,4.0,3.0,10.07,25.18,0
15888,76.91,16460.7,0.5173,7.0,4.0,13.78,35.4,0
16789,58.48,9848.8,0.0104,1.0,0.0,0.6,17.38,1
11889,68.69,10897.3,0.2872,5.0,3.0,6.85,14.31,1
14831,80.89,9742.4,0.3375,6.0,6.0,13.43,14.85,1
19459,54.56,17858.7,0.2591,2.0,1.0,7.12,34.02,0
12733,50.59,12445.1,0.0639,2.0,2.0,5.82,12.42,0
13279,382.55,18815.6,-1.3508,89.4,127.2,366.83,25.09,0
17025,78.77,11773.5,0.2395,7.0,7.0,19.12,9.78,1
16848,57.03,15799.8,0.2944,5.0,3.0,11.41,36.99,0
11411,44.76,18241.0,0.1484,1.0,0.0,2.5,23.94,0
19492,69.99,13344.1,0.2515,5.0,4.0,7.22,38.0,0
12231,77.62,9434.0,0.2726,5.0,4.0,5.54,10.95,0
18498,67.57,12325.4,0.2345,6.0,6.0,11.55,22.13,0
12023,-187.95,15091.8,-1.2227,220.8,13.6,210.67,26.05,0
17888,75.16,11263.1,0.3775,6.0,5.0,16.61,10.7,1
10051,45.58,11712.2,0.0084,1.0,0.0,1.43,10.82,0
11018,265.45,10826.7,0.1705,18.1,155.1,174.17,2.52,1
15602,50.75,16886.2,0.0,1.0,0.0,0.33,28.15,0
10277,73.59,10993.6,0.2424,4.0,4.0,6.15,29.39,0
12194,74.07,8338.9,0.4146,6.0,4.0,8.17,13.28,1
11010,80.69,11482.1,0.2575,6.0,6.0,11.68,18.4,0
16854,52.38,21170.4,0.0489,1.0,2.0,2.24,38.61,0
17884,83.94,15593.4,0.3743,7.0,7.0,20.3,35.89,0
17613,62.13,20508.5,0.1818,4.0,3.0,4.82,38.99,0
14550,60.91,16844.2,0.2966,4.0,4.0,10.8,21.23,0
19853,68.55,7523.5,0.146,1.0,3.0,7.23,3.23,1
17807,77.68,12798.5,0.5349,8.0,10.0,13.02,17.6,0
12345,54.62,15115.8,0.1002,2.0,2.0,0.12,16.65,0
12246,80.04,15618.6,0.3146,9.0,5.0,12.64,18.44,1
18141,41.52,18849.1,0.0273,0.0,0.0,2.36,39.91,0
19875,70.67,13106.9,0.4199,7.0,4.0,14.92,9.24,1
13379,83.23,16199.0,0.3664,7.0,6.0,15.75,32.17,0
10111,94.4,15569.0,0.44,9.0,7.0,20.14,35.37,1
12979,57.92,9372.7,0.2884,5.0,3.0,11.5,3.34,1
17721,59.57,11256.2,0.0126,0.0,0.0,2.93,9.5,0
12991,65.02,15031.9,0.1585,3.0,4.0,4.52,33.61,0
16894,59.61,15889.0,0.1267,1.0,1.0,3.7,34.35,0
16444,38.17,14892.7,0.0,1.0,0.0,0.0,39.63,0
18650,55.45,14081.5,0.0698,3.0,3.0,6.06,29.18,0
16400,248.48,25097.0,2.3879,153.7,122.8,36.19,38.97,0
17357,70.5,13770.6,0.1849,4.0,2.0,5.91,24.33,0
19983,84.11,19803.4,0.4968,11.0,7.0,17.02,30.5,0
14831,80.89,9742.4,0.3375,6.0,6.0,13.43,14.85,1
14209,52.79,13924.3,0.1326,2.0,3.0,4.88,27.52,0
15703,59.21,24073.3,0.1852,5.0,3.0,12.31,38.1,0
10384,85.96,17163.8,0.433,9.0,7.0,15.84,15.82,1
18111,461.05,-25435.9,-2.6821,267.2,272.2,322.99,87.9,1
10182,58.38,8921.5,0.1918,3.0,2.0,4.7,3.96,1
15016,63.56,10750.8,0.2054,3.0,3.0,4.79,7.94,0
14618,67.94,13331.4,0.2893,5.0,5.0,11.51,24.18,0
16626,57.43,15208.1,0.1139,2.0,0.0,1.9,29.26,0
19307,65.6,12124.2,0.3021,4.0,4.0,4.46,24.74,0
15422,59.18,12032.7,0.1594,2.0,2.0,5.0,18.81,0
10720,-183.51,6168.6,-2.2632,161.3,184.9,143.03,6.79,0
13975,93.53,10296.4,0.3739,8.0,7.0,10.73,8.61,1
17149,77.35,12947.3,0.3389,8.0,5.0,10.99,15.3,0
18617,48.03,11418.3,0.0,2.0,0.0,4.41,20.92,0
10100,82.25,17635.0,0.3212,5.0,6.0,8.29,27.86,0
10335,29.19,14061.2,0.0,0.0,0.0,0.0,34.57,0
10881,78.61,14760.0,0.3143,8.0,5.0,12.39,11.83,1
17928,77.88,11122.6,0.2846,5.0,4.0,12.88,3.02,0
19582,52.19,12473.9,0.3517,6.0,3.0,8.58,1.79,1
18760,84.48,19567.8,0.5433,8.0,7.0,18.09,38.42,0
10877,35.28,15030.4,0.0,0.0,0.0,0.0,13.31,0
11491,84.37,7984.0,0.3343,6.0,5.0,18.09,1.99,1
14683,65.7,12344.3,0.2057,5.0,3.0,0.0,10.21,1
12218,75.92,17081.9,0.2128,6.0,6.0,13.29,20.39,0
11370,81.51,14718.7,0.441,5.0,6.0,10.2,24.24,1
13038,35.78,16606.6,0.0,0.0,0.0,0.0,21.76,0
16484,52.31,14403.3,0.0213,0.0,0.0,3.83,27.23,1
15791,49.42,19009.7,0.1442,0.0,0.0,4.31,38.2,0
18510,71.58,15114.6,0.1505,3.0,2.0,7.03,23.14,0
13100,81.0,17140.3,0.2927,7.0,5.0,13.66,24.99,0
15331,65.7,17190.2,0.3076,2.0,3.0,8.35,32.43,0
14659,49.69,16332.7,0.0,0.0,0.0,0.35,32.03,0
16982,84.83,12978.0,0.4888,8.0,8.0,13.01,31.81,0
15003,73.22,12720.2,0.2547,6.0,5.0,11.6,15.69,0
18201,45.2,7072.2,0.1528,2.0,1.0,2.11,1.43,0
12663,85.49,12276.9,0.4547,8.0,7.0,18.41,12.41,1
10133,51.52,17065.2,0.201,3.0,0.0,5.11,30.83,0
14237,63.18,6894.6,0.0591,2.0,2.0,0.0,10.15,1
11339,70.76,16628.0,0.2563,4.0,4.0,13.2,26.38,0
14459,70.53,13404.8,0.2601,5.0,4.0,11.96,20.92,0
18192,61.18,14878.8,0.0777,3.0,2.0,3.38,12.68,1
12442,48.03,14324.5,0.0,2.0,0.0,4.41,24.97,0
14059,74.3,7790.1,0.3072,4.0,4.0,12.53,1.03,1
18708,71.34,21239.7,0.4207,6.0,5.0,8.86,31.14,0
17172,82.29,11411.7,0.3932,5.0,3.0,12.32,22.22,0
13879,64.16,9071.6,0.063,1.0,0.0,2.81,14.45,0
16649,72.64,19084.0,0.2225,5.0,4.0,9.88,28.51,0
11880,58.4,18570.3,0.2853,6.0,4.0,11.9,39.91,0
19477,34.56,8450.4,0.0,0.0,0.0,0.0,26.33,0
16441,82.5,14197.4,0.4458,7.0,5.0,10.75,32.69,0
13999,55.31,14496.5,0.1334,2.0,1.0,3.7,35.58,0
14908,59.18,11183.0,0.1033,2.0,0.0,5.37,6.36,1
15963,70.82,19705.6,0.3173,6.0,4.0,10.84,39.66,0
17274,63.8,15220.8,0.2475,5.0,3.0,8.68,8.19,0
10038,150.52,39522.7,0.1565,188.2,293.9,74.14,40.94,1
12672,51.55,14758.2,0.0689,5.0,2.0,9.77,1.04,0
17175,-90.22,-45630.0,-0.3344,78.2,174.2,143.24,47.71,1
13282,72.58,10410.9,0.3283,4.0,4.0,9.14,13.63,0
11342,53.57,13402.2,0.1447,5.0,2.0,4.23,1.15,0
18609,113.84,16610.6,0.5325,10.0,8.0,18.89,30.19,0
11956,53.21,10673.5,0.0598,3.0,1.0,6.25,5.04,1
12203,91.65,14356.5,0.4594,9.0,8.0,15.43,8.6,1
16910,68.99,18790.2,0.2481,3.0,2.0,7.48,39.01,0
14524,88.92,15038.4,0.3665,9.0,6.0,18.0,25.93,0
18380,57.29,13104.6,0.1385,2.0,1.0,0.0,3.23,0
11214,68.34,14263.8,0.0939,4.0,2.0,9.14,30.33,0
14248,63.91,12768.9,0.2735,6.0,4.0,10.39,18.66,1
19517,83.69,12995.1,0.574,10.0,7.0,20.92,13.4,1
17072,62.3,18972.5,0.2124,3.0,3.0,6.63,35.43,0
19081,61.64,14156.6,0.304,7.0,5.0,9.6,13.58,0
14490,113.42,15780.8,0.6618,11.0,11.0,26.71,19.41,0
15614,103.48,13534.5,0.591,8.0,8.0,20.08,4.78,1
16518,69.39,8882.0,0.18,3.0,3.0,5.59,9.82,0
17687,61.0,16092.3,0.1563,4.0,3.0,8.26,26.07,0
16992,90.55,14453.4,0.3632,5.0,4.0,14.92,22.41,0
18886,84.97,9797.6,0.5258,9.0,10.0,17.22,13.94,0
10142,71.0,19070.7,0.2243,5.0,4.0,7.3,32.01,0
16026,75.58,8347.6,0.2749,5.0,4.0,6.64,8.81,0
17290,68.73,13152.9,0.3674,6.0,5.0,6.0,23.29,1
15923,62.16,16561.5,0.0312,1.0,1.0,3.13,22.96,0
10311,60.14,11635.4,0.0769,2.0,3.0,2.65,14.78,0
19441,68.92,16940.5,0.2419,6.0,4.0,8.88,30.31,0
17560,31.32,15497.7,0.0139,1.0,0.0,1.83,30.85,0
12424,64.1,17379.6,0.2868,6.0,3.0,9.58,26.64,0
10031,63.77,8592.5,0.1201,1.0,2.0,2.08,10.64,0
19696,82.33,11037.7,0.4314,8.0,8.0,14.65,9.9,0
19753,54.06,12696.9,0.2547,3.0,2.0,7.52,9.97,0
19327,64.61,9779.1,0.1555,3.0,2.0,2.67,5.12,0
17671,88.99,15141.8,0.4297,8.0,8.0,18.71,21.62,0
17907,70.55,12057.1,0.3023,4.0,3.0,6.87,20.32,0
10580,68.98,12756.2,0.249,5.0,5.0,12.83,32.27,0
13595,44.21,18787.7,0.0655,0.0,0.0,0.1,31.82,0
11729,68.38,10404.8,0.2834,6.0,5.0,13.22,4.75,0
13073,37.74,12039.4,0.092,1.0,0.0,0.0,17.55,0
12968,62.01,13945.7,0.3649,7.0,5.0,11.32,35.58,0
19450,100.43,10087.9,0.5963,10.0,10.0,22.48,20.47,1
14005,83.0,15519.4,0.4371,9.0,6.0,16.76,15.04,0
16006,56.44,18701.1,0.2258,6.0,3.0,8.39,36.11,0
17444,62.03,13139.2,0.1578,4.0,2.0,8.75,26.43,0
10104,61.8,12200.0,0.2599,4.0,3.0,2.51,21.4,0
17968,77.62,12094.4,0.355,6.0,5.0,16.43,11.29,1
14035,55.87,10988.5,0.1993,0.0,1.0,5.57,24.43,0
13283,76.43,14249.4,0.3368,7.0,6.0,8.39,22.55,1
18887,82.34,13492.6,0.441,9.0,6.0,10.45,25.35,0
19688,78.04,12397.5,0.3465,6.0,5.0,11.25,5.46,1
13707,72.69,15961.2,0.2502,7.0,5.0,14.44,32.06,0
17182,63.21,9708.8,0.237,5.0,4.0,10.32,5.56,0
10414,54.68,11101.0,0.1685,2.0,2.0,8.45,5.48,0
18130,85.51,15401.7,0.4495,9.0,6.0,18.04,24.77,0
19547,48.67,13131.7,0.0,2.0,0.0,4.24,35.45,0
16756,54.45,10977.0,0.1038,1.0,2.0,5.33,33.61,0
19822,68.16,13014.8,0.3326,5.0,3.0,10.18,32.43,0
12155,57.6,19082.7,0.2369,4.0,2.0,6.84,39.96,0
17676,44.66,19955.5,0.0486,0.0,0.0,0.8,37.3,0
10138,55.44,12829.2,0.0,0.0,0.0,0.0,18.67,1
12449,49.54,13689.6,0.1637,5.0,5.0,11.52,15.3,0
14675,53.5,12595.1,0.0538,1.0,1.0,4.04,18.13,0
17377,86.15,9585.0,0.4475,6.0,5.0,10.9,3.48,1
18401,58.3,14521.0,0.2673,3.0,3.0,5.15,31.18,0
14089,82.17,19818.4,0.4837,8.0,8.0,12.98,27.79,0
16272,109.58,13232.0,0.5891,9.0,8.0,18.19,3.87,1
14746,52.88,20857.6,0.2726,3.0,0.0,4.69,26.45,0
18228,58.27,11846.0,0.2351,6.0,2.0,13.8,7.55,0
16082,38.06,14621.5,0.0236,0.0,0.0,0.0,36.84,0
16378,61.62,9988.4,0.199,5.0,2.0,5.8,8.9,0
16477,84.51,16046.9,0.39,7.0,8.0,16.62,20.42,1
19567,99.17,15703.8,0.5815,11.0,9.0,24.53,39.21,0
12183,70.0,14437.5,0.2103,5.0,4.0,11.85,18.85,0
11262,66.02,11179.2,0.5202,7.0,7.0,17.86,20.6,0
18203,93.65,16621.2,0.4474,9.0,8.0,15.17,25.42,0
16915,51.7,13108.8,0.0,0.0,1.0,0.56,8.24,0
14962,90.67,15893.1,0.477,9.0,7.0,13.85,29.19,0
18690,93.16,18586.9,0.3913,8.0,7.0,17.99,38.17,0
15415,63.15,10998.7,0.0419,3.0,3.0,6.31,5.32,1
13342,88.1,13743.1,0.4572,8.0,6.0,12.94,12.24,1
12911,61.19,12306.2,0.2878,3.0,5.0,10.09,5.18,1
13611,63.58,11601.8,0.2421,5.0,3.0,7.56,16.69,0
18068,41.03,6589.0,0.0099,0.0,0.0,1.79,12.4,0
14753,75.69,17731.1,0.3723,7.0,3.0,8.4,14.36,0
15726,55.01,7141.5,0.0811,2.0,1.0,0.39,4.69,0
16948,63.32,13358.1,0.1981,5.0,4.0,10.26,25.17,0
15524,44.82,19840.0,0.2124,2.0,0.0,4.22,22.85,0
19046,265.45,110807.1,0.1705,18.1,155.1,174.17,7.72,0
18254,219.44,179978.8,-2.5865,275.0,145.5,48.22,11.93,0
14958,76.46,19027.9,0.3363,9.0,5.0,12.82,23.42,0
16853,93.74,9704.4,0.5908,7.0,6.0,17.21,11.71,1
19355,85.7,13452.8,0.3057,7.0,6.0,12.65,15.87,1
11539,62.66,16927.0,0.2536,4.0,4.0,11.52,35.63,0
13689,69.24,10764.3,0.1539,4.0,1.0,8.45,4.93,1
12966,71.92,18532.9,0.3611,8.0,6.0,15.01,31.46,0
14866,59.65,11782.2,0.2435,3.0,4.0,4.73,17.04,0
16527,76.83,18082.0,0.3125,7.0,5.0,12.72,23.28,0
11438,79.13,11975.6,0.5517,8.0,5.0,12.32,3.63,1
11195,71.93,16900.2,0.2588,5.0,5.0,9.25,37.35,0
15072,60.13,10364.3,0.2353,5.0,4.0,6.22,6.69,1
19550,61.36,14506.2,0.3676,6.0,5.0,4.02,13.5,0
19666,58.48,5179.7,0.1366,5.0,4.0,11.93,10.77,0
15228,91.03,13081.2,0.4382,6.0,6.0,17.75,4.31,1
14061,39.94,7919.5,0.0,0.0,0.0,0.0,5.62,0
13987,382.55,10356.8,-1.3508,89.4,127.2,366.83,2.66,1
14768,67.13,12096.2,0.154,3.0,3.0,5.01,16.45,0
16215,61.44,10533.7,0.1805,3.0,2.0,3.88,6.99,0
19275,34.69,17591.8,0.0,0.0,0.0,0.0,33.59,0
14145,63.92,13246.2,0.2782,7.0,4.0,8.45,14.76,0
19148,66.53,16045.3,0.2342,6.0,3.0,10.24,32.14,0
14874,50.99,14621.2,0.1958,2.0,2.0,2.9,21.78,0
18392,21.54,7085.3,0.0,0.0,0.0,0.0,2.68,0
17828,77.57,15475.9,0.327,5.0,5.0,9.9,38.42,0
11432,86.86,12979.0,0.3634,5.0,7.0,10.83,21.68,0
17419,45.69,13457.4,0.0,1.0,0.0,5.83,30.08,0
17305,110.83,13517.6,0.766,11.0,12.0,18.87,22.72,1
19180,84.62,16375.1,0.3141,7.0,6.0,12.26,23.0,0
19717,65.01,15411.7,0.2472,5.0,5.0,6.93,23.07,0
18105,68.71,15090.7,0.2907,6.0,5.0,12.12,36.67,0
17723,86.05,12477.4,0.3804,6.0,5.0,13.64,27.69,0
15210,71.87,17304.7,0.3535,8.0,6.0,13.74,34.96,0
16359,60.12,12616.9,0.1711,2.0,4.0,3.86,32.7,0
14730,53.9,11783.3,0.0888,2.0,2.0,3.38,1.47,0
19730,58.21,10941.4,0.1734,3.0,2.0,6.32,2.9,1
16307,55.09,16735.7,0.0645,2.0,1.0,2.8,32.68,0
14904,81.92,12763.2,0.3213,7.0,5.0,8.3,18.48,0
15860,94.44,16840.9,0.3892,8.0,7.0,18.72,29.95,0
15620,54.88,8671.5,0.2002,3.0,3.0,5.12,12.75,0
19278,81.32,15299.4,0.3478,7.0,4.0,11.13,17.32,1
14801,68.91,14259.3,0.1703,4.0,2.0,4.07,33.27,0
13182,416.75,-4985.8,-2.1063,152.8,106.2,-99.95,-13.79,1
13731,59.52,15706.9,0.231,6.0,5.0,11.75,30.37,0
15026,44.4,12991.7,0.0663,1.0,1.0,1.83,8.79,0
10548,63.31,19006.3,0.3167,5.0,4.0,11.12,35.3,0
16009,70.62,12386.7,0.1481,4.0,2.0,8.36,28.88,0
11561,60.5,12149.8,0.2561,3.0,4.0,11.42,28.51,0
18748,75.83,14917.1,0.3736,6.0,4.0,8.29,26.7,0
11487,78.55,12876.6,0.4488,6.0,6.0,17.54,28.49,0
10939,88.59,10985.2,0.3939,7.0,7.0,18.34,11.01,0
14215,77.28,17538.4,0.4093,5.0,7.0,11.76,29.85,0
15782,94.46,11324.0,0.3563,10.0,8.0,18.18,3.68,1
19766,45.3,16824.7,0.106,0.0,0.0,0.0,19.99,0
16974,45.05,13101.6,0.1044,3.0,2.0,3.49,15.36,1
19580,103.51,13841.2,0.4994,12.0,9.0,23.21,34.4,1
15941,46.03,16060.9,0.0,0.0,0.0,2.94,19.44,0
16817,92.88,15338.8,0.5885,9.0,9.0,25.85,36.03,1
16493,60.86,14821.4,0.1567,1.0,1.0,4.94,27.72,0
14526,65.3,16812.8,0.4266,6.0,5.0,9.22,24.01,0
10252,41.66,10092.2,0.0661,0.0,2.0,4.02,12.67,0
19309,70.65,17220.1,0.3558,5.0,5.0,4.39,31.39,0
15689,73.45,17649.3,0.3759,5.0,4.0,10.48,29.22,0
11064,62.07,6415.2,0.2595,2.0,2.0,7.36,8.39,0
11471,53.31,12367.6,0.0174,1.0,2.0,4.1,19.4,0
19787,49.72,13723.4,0.1743,2.0,1.0,2.19,23.91,0
12905,80.48,6771.7,0.3766,4.0,6.0,10.49,8.05,0
12699,72.01,11008.2,0.2777,5.0,3.0,12.85,15.25,0
16746,89.84,20151.1,0.4352,7.0,4.0,15.49,36.97,0
16711,74.76,12605.8,0.4133,5.0,5.0,12.0,4.39,1
11169,45.03,17144.2,0.0196,0.0,0.0,2.99,34.7,0
10154,83.76,13472.4,0.5035,9.0,7.0,18.52,13.61,0
17725,69.56,7814.7,0.3432,6.0,5.0,11.1,4.82,1
15632,96.63,11805.2,0.5055,9.0,8.0,20.79,16.34,0
19421,78.5,15930.8,0.2892,5.0,4.0,14.23,27.07,1
18215,83.31,10807.5,0.3721,6.0,6.0,14.08,2.01,1
15383,61.7,9441.3,0.2217,5.0,6.0,7.63,12.98,0
14047,91.93,14612.4,0.5791,9.0,8.0,17.08,15.22,0
19140,74.34,8473.3,0.4061,6.0,7.0,10.96,18.09,1
15448,74.84,12715.6,0.4337,7.0,8.0,18.42,25.22,0
18750,68.74,9664.5,0.2687,6.0,4.0,11.02,3.41,0
10519,72.69,16497.1,0.2489,5.0,3.0,6.96,14.03,0
16724,47.98,17223.6,0.1227,3.0,2.0,5.15,38.07,0
12014,84.24,14927.7,0.2351,6.0,4.0,10.59,14.16,1
12528,-4.06,98290.9,-1.5598,60.6,-17.3,-39.83,92.83,1
14863,64.67,8639.5,0.3308,3.0,4.0,10.42,13.06,0
11751,49.97,19301.3,0.1889,2.0,2.0,4.36,38.04,0
19319,79.69,7533.5,0.4246,7.0,5.0,10.57,9.39,1
18640,61.32,10472.0,0.1741,3.0,1.0,7.46,22.92,1
16453,57.75,15640.3,0.1585,2.0,1.0,1.15,26.46,0
18941,63.87,17542.7,0.1053,3.0,1.0,9.09,30.14,0
11099,68.31,17562.5,0.2374,5.0,4.0,8.4,21.31,0
19999,65.76,14286.1,0.3281,5.0,5.0,11.13,28.98,0
19754,56.5,10072.2,0.2297,3.0,3.0,2.79,11.64,0
18063,78.61,14781.2,0.4009,7.0,5.0,9.56,18.45,0
14402,82.33,10725.6,0.4314,8.0,8.0,14.65,8.36,1
18329,68.37,10704.0,0.3658,7.0,5.0,12.06,3.22,1
17651,83.08,12434.8,0.4249,6.0,7.0,12.85,7.26,1
12917,105.27,7829.4,0.5455,10.0,10.0,20.52,5.66,1
17395,94.65,7024.1,0.5216,11.0,9.0,15.22,4.31,1
19627,65.29,9101.3,0.0619,2.0,2.0,5.68,10.94,0
12658,105.82,9912.4,0.7761,13.0,10.0,25.11,13.0,1
16443,70.51,9789.4,0.2237,4.0,5.0,10.13,19.99,0
11733,68.33,13845.1,0.2237,5.0,3.0,4.74,19.96,0
12862,62.23,15829.9,0.3656,4.0,3.0,11.11,17.82,0
15356,78.43,19132.5,0.3831,9.0,7.0,19.89,36.65,0
11984,91.06,8514.4,0.4312,9.0,7.0,16.61,3.8,1
11437,92.5,11376.2,0.3181,8.0,6.0,13.28,14.13,1
14632,63.78,9589.0,0.0298,1.0,0.0,0.0,2.51,1
19071,83.48,13477.8,0.338,8.0,4.0,20.65,11.68,0
12609,83.26,15044.5,0.3226,5.0,4.0,11.72,26.69,1
17445,53.01,7364.0,0.1678,2.0,1.0,11.19,3.83,1
15864,58.93,15759.0,0.1289,2.0,2.0,9.62,26.08,0
14154,81.01,17762.0,0.3225,6.0,3.0,12.07,35.86,0
19447,99.32,9450.0,0.685,12.0,11.0,18.38,6.97,1
10763,63.55,19788.5,0.1968,4.0,3.0,10.05,34.52,0
10664,81.03,13709.2,0.3719,9.0,6.0,15.99,34.31,0
19188,53.95,14992.0,0.1356,3.0,3.0,5.41,27.03,0
16219,89.03,11344.0,0.433,8.0,8.0,20.22,15.68,1
10606,94.69,11408.4,0.6647,14.0,9.0,25.25,24.26,0
13061,68.27,7403.8,0.2609,4.0,3.0,7.22,1.63,1
11381,76.64,9006.3,0.2949,5.0,4.0,7.47,6.62,1
14947,38.15,11472.1,0.2447,3.0,2.0,3.57,17.18,0
15171,65.45,11746.2,0.2072,4.0,3.0,11.24,19.04,0
18225,52.77,10314.0,0.0794,1.0,1.0,3.21,11.91,0
17678,63.31,10516.7,0.3631,7.0,5.0,9.23,1.91,1
10258,99.82,12033.1,0.5143,9.0,10.0,22.98,19.3,1
11517,70.57,12053.5,0.2346,3.0,3.0,9.4,19.5,1
11189,55.64,16763.0,0.0859,2.0,2.0,6.51,13.88,0
17944,77.17,11817.7,0.2967,7.0,5.0,12.1,28.97,0
10420,61.0,13332.7,0.2918,4.0,3.0,6.9,33.65,0
17893,64.26,13935.5,0.2632,5.0,4.0,8.62,32.6,0
16371,66.21,16228.0,0.0555,5.0,1.0,5.32,32.59,0
18946,55.27,7503.7,0.2432,5.0,3.0,6.67,1.16,1
15584,73.64,11047.2,0.3225,6.0,5.0,7.72,9.2,1
18390,77.17,18249.8,0.2444,6.0,7.0,11.11,34.48,0
10126,100.15,163916.7,0.2412,-46.2,56.2,318.15,95.16,0
14135,65.47,14995.6,0.2552,3.0,4.0,8.91,21.35,1
18447,63.11,14164.1,0.2242,4.0,3.0,5.9,32.82,0
14767,57.19,10022.2,0.2146,2.0,3.0,5.5,12.25,0
18520,55.57,7401.6,0.1664,5.0,3.0,10.23,7.28,0
15586,461.64,9729.3,-0.5983,186.8,156.4,391.86,13.14,0
15516,93.46,17914.4,0.4425,8.0,7.0,16.07,22.44,0
16696,495.37,160108.4,-2.9195,163.5,17.7,58.83,74.36,0
10331,68.71,16695.0,0.3288,4.0,5.0,7.77,39.04,0
10856,47.01,8698.8,0.2046,1.0,0.0,7.01,11.72,0
16043,72.46,11442.1,0.2333,6.0,5.0,12.41,1.28,1
14194,89.88,18325.8,0.3735,8.0,6.0,18.48,29.78,1
17036,90.39,12363.1,0.5272,10.0,8.0,16.92,23.25,1
10082,62.14,12143.1,0.249,3.0,2.0,5.86,18.48,0
19444,68.1,12213.7,0.3524,5.0,1.0,8.38,17.37,1
11576,-40.4,15582.6,0.2615,69.9,106.8,40.35,26.07,0
10775,75.21,14284.1,0.314,5.0,4.0,8.14,25.53,0
19867,86.15,17216.9,0.4475,6.0,5.0,10.9,32.66,0
16643,78.16,19297.5,0.3849,6.0,7.0,13.17,39.14,0
19423,62.57,16948.6,0.2784,4.0,3.0,10.16,25.24,0
17251,82.83,18182.5,0.1423,6.0,4.0,8.97,32.98,1
11416,73.3,8897.0,0.2042,5.0,3.0,7.0,8.15,1
19387,53.98,20365.9,0.0413,1.0,0.0,2.87,37.35,0
18423,46.63,15109.1,0.2104,5.0,2.0,6.29,22.39,0
14895,34.05,7784.9,0.0726,1.0,0.0,0.0,5.15,0
18287,63.72,6979.6,0.1552,2.0,1.0,7.45,2.91,0
15219,53.06,17471.7,0.0066,1.0,0.0,6.46,30.8,0
15763,69.76,8367.8,0.4192,7.0,7.0,13.01,24.2,0
10043,72.46,16537.0,0.2415,5.0,4.0,12.93,38.7,0
15406,68.34,9265.9,0.3207,4.0,4.0,11.96,19.83,0
14617,67.85,15282.0,0.2393,5.0,3.0,6.73,23.91,0
10114,44.14,13414.2,0.0388,0.0,0.0,0.0,18.38,0
10193,93.32,11694.0,0.487,8.0,7.0,14.64,13.27,1
10573,61.94,19769.4,0.1766,5.0,3.0,5.37,32.97,0
19571,75.55,11155.0,0.3161,7.0,5.0,9.78,6.82,1
18554,42.06,12839.0,0.1213,1.0,1.0,4.86,5.84,0
16934,56.77,11345.1,0.2423,4.0,2.0,5.83,9.64,0
15024,65.69,12272.7,0.2291,4.0,2.0,13.43,28.07,0
15932,86.02,14878.3,0.4126,6.0,6.0,13.3,21.36,0
19989,77.11,11618.6,0.329,4.0,4.0,9.06,14.7,0
14001,69.7,13295.2,0.2788,4.0,3.0,9.92,19.51,0
12740,68.13,17479.8,0.3053,6.0,4.0,9.86,10.37,1
15799,88.92,15945.1,0.4419,7.0,7.0,13.7,30.72,1
15552,47.59,12130.9,0.0896,1.0,0.0,0.2,21.57,0
10023,102.34,9274.5,0.4455,8.0,6.0,14.79,11.04,1
18852,65.72,16400.1,0.2159,5.0,4.0,12.82,26.25,0
11952,52.99,11296.0,0.16,3.0,2.0,4.12,18.35,0
15328,45.05,21006.7,0.1044,3.0,2.0,3.49,39.91,0
17654,50.44,14493.4,0.0823,2.0,1.0,9.39,28.58,0
12547,62.89,10437.7,0.0955,4.0,2.0,7.32,2.61,0
14588,89.84,14737.3,0.5197,7.0,6.0,16.62,25.91,1
10319,167.4,186894.0,-0.5829,70.4,261.0,86.8,-7.22,0
14622,95.94,8597.5,0.5289,9.0,7.0,18.0,6.85,1
18596,51.94,17259.7,0.0204,1.0,1.0,0.0,30.17,0
10065,49.83,61505.3,0.528,-21.8,94.5,-63.57,13.91,1
19890,67.66,14400.1,0.2282,3.0,3.0,5.1,32.69,0
14045,97.43,13935.4,0.3725,7.0,8.0,19.46,20.25,1
18788,76.72,9560.3,0.2719,7.0,4.0,12.42,4.23,1
18049,92.66,11398.9,0.5567,10.0,8.0,17.83,2.25,1
10076,92.84,15304.1,0.5674,9.0,10.0,22.06,9.58,1
18009,69.76,14683.7,0.2548,4.0,4.0,4.84,24.72,0
17803,80.93,16336.4,0.292,6.0,5.0,8.89,32.45,0
16023,65.75,15808.8,0.2292,5.0,3.0,7.46,38.4,0
10134,60.62,20319.6,0.3279,5.0,3.0,12.09,37.98,0
19939,73.71,11238.3,0.2875,4.0,4.0,11.34,2.32,1
12929,44.65,6479.7,0.0621,1.0,1.0,5.73,2.4,0
13136,53.24,13480.9,0.0284,0.0,0.0,2.01,15.6,0
15531,67.52,14113.8,0.2572,5.0,5.0,8.3,8.97,1
17956,75.45,11020.6,0.1995,6.0,4.0,2.61,11.87,0
17022,82.82,15108.5,0.4024,5.0,5.0,10.18,30.5,0
18608,66.45,10357.8,0.2601,5.0,3.0,5.3,20.16,0
15304,50.24,11283.4,0.1365,1.0,0.0,0.0,33.04,0
19177,60.28,13710.2,0.1614,3.0,2.0,11.61,14.41,0
16996,55.38,19797.3,0.2785,3.0,3.0,6.75,37.57,0
19191,70.23,17069.4,0.2601,6.0,3.0,7.84,32.35,0
12408,86.62,13759.5,0.4565,6.0,6.0,14.84,12.13,1
13288,67.98,7228.6,0.1957,5.0,3.0,7.71,3.7,1
11982,67.42,14547.3,0.335,5.0,4.0,9.05,25.44,0
15010,78.28,6948.4,0.3337,7.0,5.0,18.42,11.05,1
16230,44.98,12405.7,0.0818,4.0,3.0,8.55,11.57,1
13431,70.08,8971.2,0.1805,3.0,2.0,5.6,6.47,0
11868,89.19,20580.1,0.3617,7.0,6.0,17.81,34.55,0
12142,64.76,9175.2,0.2445,4.0,4.0,9.47,17.27,1
17910,55.49,11051.5,0.1821,3.0,2.0,2.42,15.86,0
12993,84.45,14090.5,0.3674,6.0,7.0,14.58,22.86,0
11772,70.17,8371.8,0.3705,5.0,5.0,12.87,9.29,1
10049,315.88,10140.7,-0.7767,155.4,141.5,-19.74,10.41,1
16522,97.46,9493.8,0.4596,9.0,7.0,13.54,19.08,0
16672,64.47,16330.8,0.2659,5.0,3.0,11.81,29.63,1
11325,268.7,81763.0,-2.3984,213.3,55.1,107.48,61.66,0
15800,78.43,10819.4,0.3831,9.0,7.0,19.89,9.81,1
15001,47.85,15010.5,0.0815,2.0,2.0,4.63,10.95,1
15295,75.69,15201.5,0.3158,6.0,4.0,10.02,35.13,0
17202,88.0,9749.9,0.4606,8.0,7.0,17.61,14.21,1
18743,57.99,18548.5,0.0596,4.0,4.0,6.34,38.87,0
15162,102.05,13402.1,0.4738,8.0,8.0,17.02,17.42,1
18288,68.58,5189.1,0.2183,4.0,4.0,7.26,7.3,0
13717,77.41,17847.2,0.1698,4.0,2.0,6.54,28.67,0
13435,54.69,13346.8,0.1001,1.0,2.0,1.64,6.82,0
14611,72.69,7230.1,0.2434,6.0,5.0,9.78,11.34,0
17901,73.16,12280.8,0.2836,3.0,3.0,4.51,13.49,1
16911,61.36,13242.7,0.1662,3.0,2.0,7.5,34.23,0
14376,71.96,16867.2,0.2223,4.0,2.0,7.94,38.51,0
16019,76.96,8601.9,0.3951,6.0,4.0,11.39,22.4,0
16586,36.8,9549.6,0.0487,0.0,0.0,0.0,27.44,0
15842,56.91,8763.7,0.1645,4.0,3.0,9.07,7.37,0
18198,70.82,8045.6,0.1803,4.0,5.0,11.31,4.97,0
15175,74.66,6882.6,0.2364,6.0,5.0,11.86,3.68,1
16197,-127.38,195216.8,1.3289,98.8,146.6,-36.37,16.79,0
15441,59.33,13344.0,0.2161,3.0,3.0,9.78,26.29,0
11715,37.52,11700.0,0.0493,1.0,0.0,0.0,10.74,0
13034,57.43,12673.3,0.1629,2.0,1.0,7.35,37.15,0
13168,86.39,17345.0,0.3567,7.0,8.0,15.97,22.87,0
18977,92.09,13349.1,0.5073,9.0,9.0,19.24,14.49,1
18310,473.14,12309.9,-0.4986,275.9,-17.4,-8.77,32.82,0
19752,67.16,13992.7,0.3985,6.0,4.0,5.83,25.45,0
17641,36.41,12215.9,0.0,0.0,0.0,0.0,13.07,0
11207,61.12,11444.8,0.2302,4.0,2.0,6.99,6.1,0
19876,-37.39,167574.1,1.2168,253.4,112.6,-40.56,47.58,0
15926,20.0,15763.4,0.0,0.0,0.0,0.0,16.21,1
12180,83.2,19106.7,0.3841,6.0,4.0,12.21,23.72,1
19845,52.96,10838.5,0.2071,2.0,0.0,6.79,19.2,0
10302,89.37,7885.5,0.4257,8.0,7.0,18.07,22.75,1
19013,74.61,16950.3,0.3201,8.0,4.0,12.46,26.5,1
13962,50.78,10094.2,0.1299,1.0,1.0,3.24,6.77,1
16541,56.44,10323.9,0.1611,1.0,2.0,6.07,8.28,0
16160,80.6,13639.1,0.3682,8.0,6.0,14.31,28.54,0
19249,69.08,8371.2,0.2141,5.0,3.0,3.51,4.1,0
14672,44.44,11168.2,0.064,1.0,0.0,1.37,20.98,0
10806,46.76,14745.6,0.0,1.0,0.0,0.0,37.55,0
10963,89.16,18264.5,0.3644,5.0,5.0,9.95,30.42,0
13457,40.52,20585.3,0.1502,0.0,1.0,2.09,36.14,0
11928,57.35,19826.6,0.195,6.0,3.0,8.6,38.68,0
12639,59.96,9902.8,0.1855,3.0,5.0,10.4,13.27,0
16168,80.69,8066.6,0.4306,8.0,8.0,17.35,2.85,0
16504,75.03,14649.0,0.3618,5.0,6.0,9.24,27.44,1
15123,-11.69,-48562.7,-2.9677,223.7,219.8,-91.96,78.18,0
17455,86.82,14057.6,0.4787,8.0,6.0,18.39,39.48,0
17086,66.24,11028.8,0.2224,4.0,2.0,10.32,15.69,0
11760,74.54,20650.1,0.1291,3.0,2.0,10.78,26.98,0
14161,44.11,5548.3,0.0971,1.0,1.0,3.2,4.09,0
11470,63.12,12267.8,0.1504,5.0,4.0,5.06,11.13,1
10407,98.42,13676.4,0.5015,10.0,8.0,15.98,12.55,1
15047,60.63,16967.6,0.1616,6.0,3.0,9.33,29.1,0
10702,84.63,13124.2,0.3627,9.0,7.0,17.69,4.9,1
10272,60.77,9060.7,0.1019,1.0,2.0,1.31,7.95,0
19556,104.31,7955.2,0.4215,10.0,7.0,9.73,4.41,1
14784,72.39,18364.5,0.2113,5.0,4.0,13.95,37.15,0
17443,48.18,17399.0,0.0326,0.0,0.0,1.35,23.39,0
11074,182.7,72667.6,-2.531,190.5,201.9,-30.92,71.1,0
16370,52.25,15747.9,0.0988,1.0,1.0,5.29,17.15,0
11808,75.48,11749.4,0.275,4.0,4.0,13.29,7.64,1
15671,-187.95,2839.9,-1.2227,220.8,13.6,210.67,99.12,0
13017,50.76,17884.9,0.0989,3.0,0.0,3.07,35.22,0
19199,91.93,11953.1,0.5791,9.0,8.0,17.08,15.41,1
13091,68.56,12329.3,0.2594,5.0,4.0,6.37,2.02,0
14655,66.99,16904.9,0.4038,6.0,4.0,8.18,37.26,0
17898,80.03,18870.0,0.3298,7.0,6.0,14.88,39.57,0
11774,77.8,172623.9,0.7684,-31.1,3.1,43.29,11.53,1
18161,50.27,13756.4,0.0436,2.0,0.0,0.17,30.04,0
13954,60.11,15103.7,0.091,4.0,5.0,6.82,39.43,0
15060,60.57,13388.8,0.2111,5.0,3.0,2.9,13.79,0
10289,64.3,9531.0,0.2107,3.0,4.0,8.25,14.22,0
10553,77.93,13408.2,0.4477,7.0,5.0,14.07,38.69,0
15193,59.13,14516.4,0.2608,5.0,4.0,8.85,30.28,0
10332,76.56,17631.3,0.4459,7.0,7.0,16.9,25.18,0
18132,101.07,14225.1,0.5681,11.0,8.0,21.08,9.65,1
12388,55.09,11332.5,0.0454,2.0,0.0,5.3,7.82,0
12984,79.91,13643.7,0.3278,5.0,4.0,14.36,22.38,0
11133,47.29,12306.1,0.1783,1.0,2.0,4.6,12.83,1
19212,56.97,12240.0,0.0319,1.0,0.0,0.77,33.8,0
18592,43.36,17747.6,0.0657,2.0,0.0,1.79,36.48,0
19401,83.76,9772.4,0.5035,9.0,7.0,18.52,14.73,0
12818,151.76,9285.6,0.3395,84.9,241.9,316.71,28.32,0
10765,44.21,10272.9,0.0379,0.0,0.0,1.12,20.41,0
11473,84.08,18391.4,0.3147,8.0,5.0,22.76,35.12,0
18148,63.02,15567.3,0.1822,3.0,3.0,9.42,22.0,0
19650,76.29,13900.9,0.3567,8.0,4.0,13.43,24.49,0
11029,96.4,9164.6,0.5174,10.0,9.0,17.04,7.88,1
14983,44.75,13499.0,0.0862,1.0,0.0,4.95,11.03,0
15069,69.08,15682.8,0.3811,7.0,5.0,7.4,31.95,0
17616,72.9,18236.2,0.4264,6.0,4.0,10.57,27.32,0
18606,68.82,18383.0,0.3356,8.0,5.0,14.77,31.81,0
19242,33.75,13027.4,0.0,0.0,0.0,0.0,24.64,0
10172,46.96,8156.0,0.1265,1.0,1.0,3.82,21.8,0
17786,65.74,12521.6,0.2252,2.0,2.0,6.85,32.02,0
14916,86.15,11958.8,0.341,8.0,6.0,12.44,9.65,0
14055,83.76,11820.8,0.5035,9.0,7.0,18.52,22.97,1
14921,55.82,12728.5,0.2265,4.0,2.0,4.32,23.05,0
11555,73.28,18537.2,0.2343,5.0,4.0,8.33,38.08,0
11331,64.66,17673.9,0.2986,5.0,4.0,7.57,31.04,0
17440,78.8,11667.9,0.3814,6.0,8.0,16.65,18.76,1
19241,64.87,17123.4,0.3546,6.0,5.0,13.52,17.0,1
16994,54.99,18301.0,0.1072,3.0,2.0,3.24,22.03,0
16433,64.84,10444.2,0.1533,2.0,0.0,0.0,14.61,0
12250,67.1,17992.8,0.223,4.0,4.0,8.45,34.51,0
15009,52.27,11139.9,0.1992,2.0,2.0,11.69,20.21,0
16440,84.91,7238.3,0.5193,8.0,6.0,18.55,10.73,1
18607,66.71,11688.0,0.2576,6.0,3.0,7.33,29.12,0
17121,70.9,14722.2,0.3986,7.0,5.0,6.18,34.53,0
10111,94.4,15569.0,0.44,9.0,7.0,20.14,35.37,1
15872,103.28,15530.7,0.5307,10.0,8.0,20.27,27.18,1
14357,67.69,13075.7,0.1417,3.0,1.0,5.75,6.92,1
11926,38.83,10142.2,0.0,1.0,0.0,0.0,2.41,0
16598,70.57,18202.2,0.195,5.0,6.0,7.36,33.67,0
16757,73.08,13738.8,0.2156,4.0,4.0,7.16,35.91,0
19865,80.27,12039.8,0.3866,7.0,6.0,10.38,23.12,1
18419,74.33,15617.4,0.2878,5.0,5.0,12.59,19.15,0
13551,77.36,15061.1,0.3951,6.0,6.0,10.02,26.11,0
17622,42.14,18566.9,0.133,0.0,1.0,2.23,38.91,0
18158,59.87,16354.3,0.1931,2.0,2.0,8.57,35.81,0
19926,77.8,7586.4,0.7684,-31.1,3.1,43.29,2.23,0
18686,66.94,14602.7,0.2459,3.0,3.0,4.62,8.35,0
18365,51.89,14788.1,0.0725,0.0,0.0,2.23,3.8,0
16267,77.74,18228.7,0.5022,8.0,5.0,12.15,25.87,0
13377,59.5,12900.6,0.2007,5.0,2.0,12.57,19.72,0
12341,74.58,14707.5,0.2555,5.0,5.0,11.61,33.24,0
12404,63.53,16467.7,0.2007,5.0,2.0,5.28,38.88,0
15198,88.11,6165.8,0.608,9.0,8.0,15.38,11.04,1
15666,97.63,10103.8,0.5454,10.0,8.0,15.78,2.99,1
15018,69.61,6557.3,0.2586,4.0,3.0,7.15,11.09,0
16077,75.68,15596.8,0.1936,7.0,2.0,8.23,31.51,0
18830,51.52,6845.7,0.1115,0.0,1.0,0.0,8.76,0
13040,66.62,16345.1,0.3303,3.0,3.0,8.12,29.45,0
11741,67.69,14846.2,0.1448,3.0,3.0,6.36,29.03,0
19797,40.81,11697.1,0.0,2.0,0.0,4.53,7.63,0
18432,65.61,14372.7,0.2283,6.0,4.0,7.67,23.31,0
17490,80.72,17905.0,0.4002,7.0,7.0,7.88,35.82,0
14780,60.18,14627.6,0.2156,5.0,3.0,8.69,27.9,0
18026,65.84,15202.9,0.1519,4.0,3.0,11.17,14.36,0
19351,81.86,11673.4,0.2584,8.0,6.0,13.03,22.33,0
14227,78.56,14226.5,0.4178,7.0,6.0,11.65,28.76,0
10411,73.21,14969.7,0.1157,5.0,5.0,9.24,32.1,0
10760,86.67,15282.6,0.5022,8.0,6.0,21.67,16.18,1
11686,79.96,15485.0,0.3294,6.0,4.0,11.13,23.37,0
12629,81.8,14891.7,0.3598,4.0,3.0,11.42,28.73,0
12094,84.06,15847.2,0.309,9.0,6.0,14.33,36.7,1
17968,77.62,12094.4,0.355,6.0,5.0,16.43,11.29,1
12338,92.11,19430.8,0.3792,8.0,5.0,14.06,32.36,0
16285,55.31,8858.6,0.1334,2.0,1.0,3.7,3.29,1
12477,95.02,8903.6,0.5818,11.0,8.0,16.42,8.43,1
11038,62.71,8345.6,0.1831,4.0,2.0,8.25,21.35,0
10993,60.9,9538.2,0.2766,4.0,4.0,7.09,15.95,0
12740,68.13,17479.8,0.3053,6.0,4.0,9.86,10.37,1
14637,77.35,16959.0,0.4141,7.0,6.0,12.31,33.59,0
10616,75.32,10016.4,0.4882,6.0,5.0,13.11,16.77,0
17608,78.67,5319.3,0.3877,7.0,5.0,16.01,2.1,1
15736,85.76,16127.6,0.303,6.0,5.0,12.41,27.99,0
18534,80.96,11206.4,0.5111,7.0,6.0,16.7,21.21,0
18983,66.79,13055.9,0.2532,5.0,4.0,7.86,9.9,0
17599,315.88,172907.9,-0.7767,155.4,141.5,-19.74,75.09,0
15096,97.59,16624.5,0.5673,10.0,8.0,21.88,36.2,0
16908,76.8,11355.7,0.4216,8.0,6.0,13.58,18.13,0
17270,76.96,13080.3,0.3779,5.0,5.0,11.58,5.13,1
17769,77.53,9256.1,0.2543,3.0,5.0,14.05,1.29,1
14972,87.97,12622.8,0.3439,4.0,4.0,9.28,6.28,1
19475,47.01,14242.4,0.0,2.0,1.0,7.22,26.94,0
17398,52.2,14501.7,0.0,0.0,0.0,0.0,24.49,0
18649,64.65,22036.6,0.18,3.0,3.0,4.6,36.37,0
19748,70.7,15453.6,0.2767,4.0,3.0,11.32,28.54,0
17694,66.67,17366.9,0.3261,6.0,3.0,10.31,25.62,0
19022,81.46,7964.2,0.3963,6.0,6.0,11.15,8.33,1
10340,78.72,7966.7,0.3016,5.0,5.0,11.5,4.29,0
19996,75.5,12522.7,0.2506,5.0,3.0,14.57,18.6,0
17577,66.23,12416.4,0.1901,5.0,4.0,7.48,32.81,0
16368,63.94,10079.3,0.1562,5.0,4.0,10.2,16.6,0
12847,63.99,8599.3,0.3148,4.0,5.0,4.33,3.14,1
15325,44.66,12772.5,0.0486,0.0,0.0,0.8,15.83,0
12626,363.57,84222.4,-0.8795,167.6,289.6,185.83,43.73,1
14295,56.32,10450.2,0.2314,5.0,3.0,6.33,12.11,0
12849,50.52,15859.0,0.118,1.0,2.0,5.8,29.83,0
19954,366.43,11249.9,0.2547,224.4,-11.8,66.03,20.42,0
15655,76.12,12499.0,0.3789,6.0,4.0,14.15,8.44,1
19544,60.4,8551.7,0.1321,1.0,1.0,5.52,1.4,1
13210,62.14,11160.5,0.2837,4.0,4.0,15.16,1.98,1
16805,33.84,15859.4,0.0,0.0,0.0,0.0,34.56,0
12243,85.05,16330.6,0.3045,6.0,5.0,12.14,33.13,0
17180,82.73,17381.9,0.2753,6.0,5.0,11.23,29.01,0
18088,58.07,13514.2,0.1171,3.0,2.0,6.59,23.44,0
17331,84.97,9056.1,0.5063,9.0,5.0,19.97,23.84,0
19176,371.52,134721.1,2.1814,255.6,16.2,-84.49,4.42,1
16249,70.38,10452.8,0.4303,7.0,4.0,9.98,3.7,1
11917,70.71,10181.1,0.2501,5.0,4.0,6.23,11.85,1
17260,185.89,-44517.5,0.1054,-21.2,219.7,119.54,17.13,0
14781,38.54,18375.8,0.0,0.0,0.0,0.0,33.93,0
18948,65.2,17279.0,0.3271,5.0,5.0,10.8,23.14,0
16157,64.15,7434.6,0.0783,1.0,2.0,4.94,3.8,0
19895,69.52,14840.5,0.1496,3.0,2.0,8.54,6.65,1
13508,60.5,13662.5,0.2381,4.0,4.0,4.03,27.48,0
15715,56.32,15330.5,0.1123,5.0,0.0,6.48,26.76,0
16458,73.19,13264.9,0.1729,6.0,4.0,6.71,27.13,0
12483,50.01,18586.6,0.0916,2.0,0.0,0.0,39.25,0
14201,62.67,12806.0,0.1901,5.0,3.0,5.71,19.39,0
17410,93.87,16765.0,0.4723,10.0,8.0,23.84,26.82,0
18244,71.66,12656.0,0.3624,6.0,4.0,10.45,30.93,0
11821,75.66,14314.6,0.3724,7.0,4.0,17.51,34.92,0
11377,85.41,17900.6,0.4988,9.0,7.0,17.84,19.71,0
16233,50.7,13356.2,0.2179,4.0,1.0,4.53,13.1,1
10163,64.51,17940.6,0.0999,3.0,2.0,2.79,31.1,0
14710,72.49,11158.0,0.2762,6.0,7.0,11.15,6.58,1
15580,67.27,16064.5,0.2917,4.0,3.0,3.68,2.58,1
10962,70.61,13108.0,0.2942,7.0,4.0,3.67,20.44,0
15722,54.2,11891.8,0.0617,1.0,2.0,0.0,3.41,0
10957,85.62,17254.6,0.3463,7.0,7.0,12.7,27.98,0
13075,74.67,13605.3,0.4428,8.0,5.0,15.37,15.21,0
10508,68.54,7863.2,0.3569,5.0,4.0,12.17,1.79,1
17170,63.5,17069.1,0.1451,4.0,3.0,8.03,37.29,0
18093,66.87,7792.7,0.1914,5.0,3.0,8.03,19.05,1
19761,68.11,18320.0,0.1991,5.0,2.0,6.95,37.26,0
17097,37.52,12460.2,0.0,0.0,0.0,0.0,29.35,0
13441,70.99,17704.0,0.3077,7.0,5.0,12.72,35.03,0
15294,76.31,14770.5,0.2405,5.0,3.0,10.38,38.4,0
14182,79.72,13018.8,0.4785,7.0,5.0,16.36,5.03,1
13930,69.2,7987.6,0.3452,5.0,4.0,12.64,6.0,1
17392,65.55,12646.2,0.239,5.0,4.0,7.56,23.59,0
12101,70.75,13191.2,0.3609,6.0,5.0,12.22,23.82,0
14917,57.29,11261.6,-2.162,261.9,295.4,234.74,17.39,0
10076,92.84,15304.1,0.5674,9.0,10.0,22.06,9.58,1
15333,68.7,14860.0,0.3273,6.0,5.0,8.23,17.37,1
14890,68.73,12190.5,0.3328,6.0,4.0,10.68,32.74,1
18019,74.17,14283.1,0.4938,7.0,6.0,13.37,35.61,0
